"iso","umd_tree_cover_loss__year","umd_tree_cover_loss__ha","umd_tree_cover_loss_from_fires__ha"
"AFG",2001,88.09271247269962832,12.24929370662000827
"AGO",2001,101218.50455395613805118,888.69456111275506409
"AIA",2001,3.87846070809678815,0.0
"ALA",2001,396.973630529133833693,8.12986098524739576
"ALB",2001,3728.669851045810092210,754.317745507601944745
"AND",2001,1.6542129477061633,0.28537301158203126
"ARG",2001,147801.679656721057681698,7970.386879635331892378
"ARM",2001,131.840612264474837735,28.985651241920574375
"ATG",2001,24.07418943832681671,0.36816398741536462
"AUS",2001,218813.577584283416531923,154494.355421572989822139
"AUT",2001,6938.994706640184099552,64.065130437118065424
"AZE",2001,553.299356121381960843,102.66725252357424823
"BDI",2001,1417.24695708633774450,0.61443509764689135
"BEL",2001,971.488195276284792076,10.199185545273437672
"BEN",2001,3748.18907676814692623,8.46116935786675448
"BES",2001,3.03185725290093362,0.0
"BFA",2001,58.87265978878417854,0.0
"BGD",2001,4587.27991190893883304,119.07781036326390770
"BGR",2001,8202.263664499615022045,2588.538490940099815405
"BHS",2001,432.99941970350651353,71.08703236286785104
"BIH",2001,1496.051935720911575746,620.740558211735019082
"BLR",2001,18358.917114100801733743,339.696963219698373389
"BLZ",2001,8238.35983276666231038,1290.80794406779995513
"BMU",2001,0.1958197936338976,0.0
"BOL",2001,140210.22188202136366087,11429.52503126311142063
"BRA",2001,2746284.63835414342614593,127406.37807768559814109
"BRB",2001,12.36746156416883728,0.5246351140245227
"BRN",2001,1244.45382286781179002,53.21603476361084422
"BTN",2001,297.59088423505538495,28.09743365198459351
"BWA",2001,130.98388147723631878,3.55340823797743014
"CAF",2001,31282.51371666453338163,303.11057365205148019
"CAN",2001,1358153.550795875860514165,520947.757251649535402654
"CHE",2001,1164.740312393400703158,12.90191191246310935
"CHL",2001,72711.244483407178535457,3150.886162748414710069
"CHN",2001,230308.120576525445135606,31948.774318042382646959
"CIV",2001,122694.83622771551407703,608.59419624566862933
"CMR",2001,39203.71676148147235518,135.02088775454604019
"COD",2001,455531.83548280033491006,7540.41564678384256956
"COG",2001,27030.84964334349947498,680.60419455393323883
"COL",2001,229960.99067727579468405,9999.01279740653469778
"COM",2001,36.97369320812445817,0.22594794528591580
"CPV",2001,14.27290158865885464,2.5288994625802950
"CRI",2001,15483.27237924707112776,487.39049197766544858
"CUB",2001,18942.90877802538635099,989.84413784921050974
"CUW",2001,0.90278852551215289,0.07522503909342448
"CYM",2001,20.68161219993164097,0.36298459668945312
"CYP",2001,78.62890207442060189,41.24433561476565201
"CZE",2001,3451.145834548678322312,75.60860819800782726
"DEU",2001,15286.527525617976609008,165.557354523051230220
"DMA",2001,22.79275551081271850,0.37100238926649306
"DNK",2001,4329.295853187874376765,129.523868320729157437
"DOM",2001,11247.53863011736035648,1110.62097043703509118
"DZA",2001,3468.200756658119119546,2377.253402106475365397
"ECU",2001,45079.70282993932637884,3396.72605416767830572
"EGY",2001,147.76494268109265739,17.00225300612521866
"ERI",2001,2.52952433260253888,0.8927561486518013
"ESP",2001,32811.053519209315260775,7522.055903831301907386
"EST",2001,16872.515160612039307751,200.931048944275194074
"ETH",2001,11947.24724356116751572,48.16398035060439294
"FIN",2001,151003.372858062379920826,2066.713802321184441179
"FJI",2001,1097.76405439653135811,22.98367063351671452
"FRA",2001,34420.963394336205260467,1602.153341213743415071
"GAB",2001,15082.63772959298292254,180.88103271439915605
"GBR",2001,23247.500492252541936741,2740.916655905964403203
"GEO",2001,666.556366612170160535,61.808367340907118288
"GGY",2001,1.9153560712934030,0.10082844115885417
"GHA",2001,43675.47233939380074069,101.73423581285021219
"GIB",2001,0.3745712739366319,0.0
"GIN",2001,18571.44958359501692988,104.73971493444145019
"GLP",2001,320.70238556614373771,3.03138389861707899
"GMB",2001,3.29742186304958778,0.0
"GNB",2001,2362.15302834531704320,2.63459318184461811
"GNQ",2001,3585.41910016672590180,7.61222741816806424
"GRC",2001,12616.998049754958306741,6902.323843670068967195
"GRD",2001,32.81085886816515010,0.07524097561848958
"GTM",2001,53315.18158539141554881,3476.06411649567458512
"GUF",2001,3033.28774855398581279,196.71566784133044769
"GUY",2001,10039.86776092214303491,2923.33604654133814170
"HND",2001,42379.94941974561974487,3128.72027214085018460
"HRV",2001,3378.489603634509100279,688.95219693072000075
"HTI",2001,2468.75598673116998220,189.02764499177739664
"HUN",2001,7522.577033364131753913,96.827190363242187429
"IDN",2001,744083.99651722388385569,36584.61237832941865583
"IMN",2001,31.95087523351562929,6.71408213855902819
"IND",2001,56791.85424597834248735,1856.46384392682181724
"IRL",2001,9552.512807336441504592,597.538696254487074353
"IRN",2001,332.422265982355897713,62.846165475297316666
"IRQ",2001,16.02663641701606104,2.26751166641601591
"ISR",2001,145.96523805449433364,16.52634444356770976
"ITA",2001,9870.964425160989127972,706.928646104101655515
"JAM",2001,1246.24152332716037746,28.05902341346245845
"JEY",2001,7.3926777411154514,0.6076399057204862
"JOR",2001,0.52202803109049483,0.0
"JPN",2001,23977.467445686327268198,763.096898798875818168
"KAZ",2001,4534.702741323653425969,1169.95808948399898403
"KEN",2001,19027.36486058322248623,36.51739674557046349
"KGZ",2001,589.16802347509319401,226.86006437998050969
"KHM",2001,28491.21508871435319005,1055.47233627271836030
"KNA",2001,45.46259560028862678,1.17702853219401047
"KOR",2001,5504.162505330815605029,647.741912534861543845
"LAO",2001,36460.46615890682017494,123.74085989047799130
"LBN",2001,299.34061433848426054,25.69956909668728592
"LBR",2001,29185.51738705364594349,303.97122564620783870
"LBY",2001,17.15270151697373854,7.73121852740234445
"LCA",2001,31.08046320850477317,1.79346050794487846
"LIE",2001,3.371316860805122015,0.158040248166232645
"LKA",2001,3759.66320227436441429,73.46096683737358768
"LSO",2001,1.1400521308257379,0.0
"LTU",2001,7961.644146706060483078,113.482580298706603961
"LUX",2001,68.609691967322054153,0.651169620412326446
"LVA",2001,24907.664372988687498281,201.881031351647148064
"MAF",2001,2.12365598472005205,0.21969459192274307
"MAR",2001,1868.28860588490667143,569.77910364120138967
"MDA",2001,146.688060726388888586,11.64532980643012202
"MDG",2001,86956.83269885367951832,2025.33770798898674711
"MDV",2001,4.74348726237535249,0.0
"MEX",2001,158266.73427295037154679,13288.00530319112852773
"MKD",2001,2059.97944096767972304,405.419175969522956784
"MLI",2001,347.87068810634846607,0.22496969141710071
"MLT",2001,1.25191253759982637,0.06260555997395834
"MMR",2001,44804.16511689681077166,1130.50166488390520850
"MNE",2001,858.606413459140939936,216.424610857181099857
"MNG",2001,21056.671996221601310856,11973.387852571564331636
"MOZ",2001,60941.27305098604234053,522.97086345399087426
"MRT",2001,31.8384353674479,0.2211043365809462
"MSR",2001,7.07855530550021690,0.29489951346679688
"MTQ",2001,192.96524826149414768,4.02225504650227854
"MUS",2001,156.58138352473959858,0.0
"MWI",2001,2492.34944536444951512,5.34181008213867217
"MYS",2001,332805.95814527529437352,4875.85234957619710278
"MYT",2001,31.3026936667648593,0.0
"NAM",2001,417.80611973037944200,2.1729414934233940
"NCL",2001,697.92109943515189938,57.00113921695094332
"NER",2001,0.1501956647981771,0.0
"NGA",2001,43386.41817660068160573,117.75986410883410548
"NIC",2001,44088.63091302254542690,1550.34991139486941798
"NLD",2001,736.421623385082478462,17.876506567358943004
"NOR",2001,22445.901391821815754712,1066.198223044403417762
"NPL",2001,1523.19475188062435972,197.99011148195530089
"NZL",2001,50528.236804498109752841,1128.345364254949035124
"PAK",2001,191.30222953989368576,61.13656370999784270
"PAN",2001,18267.61205457626183756,508.61740128794760812
"PER",2001,86007.33957555149777594,4890.07571785012919955
"PHL",2001,35165.04252702287302969,478.32247891352675910
"PLW",2001,52.11206111851318928,2.05982917001383485
"PNG",2001,36004.98263294593149493,1185.62254209819353726
"POL",2001,19066.052381695927370432,232.193935437371968801
"PRI",2001,1252.36223113046445187,14.12893110236219615
"PRK",2001,11944.80495731875535743,5481.21883424178776045
"PRT",2001,24404.852393009402305221,4291.263806517143937086
"PRY",2001,150236.62182716873440477,8500.78405215843936939
"PSE",2001,2.21930227762912339,0.1315876852918837
"REU",2001,28.61721413183485113,0.0
"ROU",2001,17535.314027061544597912,464.689065038860712154
"RUS",2001,1826603.242144336060139957,1161207.180853477788251233
"RWA",2001,1516.76632078318534286,1.69172782543714756
"SDN",2001,26.94295315939506977,0.07558568002766927
"SEN",2001,70.59427484556966844,0.0
"SGP",2001,43.45389467109233340,0.0
"SLB",2001,2187.11682464162733132,29.80886689376790388
"SLE",2001,18596.42529867069801086,76.68178743827501334
"SLV",2001,9499.76529483787718120,209.03258499554089955
"SOM",2001,339.30394592145467543,1.14942791487379284
"SRB",2001,2379.528888874480789082,164.460407902684370484
"SSD",2001,4906.11076185367936529,38.71599202081488446
"STP",2001,77.22190501909934062,0.0
"SUR",2001,3689.02359554527316543,272.53377641076282585
"SVK",2001,3897.394704737242176127,92.490861239472661330
"SVN",2001,612.214694559700595316,8.02460352234809109
"SWE",2001,144927.304233660038227099,1843.892966972910308053
"SWZ",2001,6734.92290076691546671,44.10780785460069742
"SXM",2001,1.31828367657335088,0.43943189053602427
"SYC",2001,0.37957476803710942,0.0
"SYR",2001,267.42419135212885569,53.28465386241315162
"TCA",2001,7.72720304957899687,0.21461248641927081
"TCD",2001,883.62647992843114074,0.60825405826117621
"TGO",2001,2763.32843545779310299,7.62478294585367883
"THA",2001,36092.89513093551751131,269.92569348296605206
"TJK",2001,61.537727846608083726,9.72574509201172038
"TKM",2001,46.21279328986979122,4.17839793464192724
"TLS",2001,677.50223115826125091,43.32930139806966562
"TTO",2001,1829.09603509259099984,71.82454003510686572
"TUN",2001,230.732618810976608043,52.770445967699655240
"TUR",2001,22909.880246044446015430,2106.725158804277281914
"TWN",2001,1159.06811633786253365,19.98592868617079217
"TZA",2001,82214.12863071355891981,510.32022991685315978
"UGA",2001,29658.71674342615710705,15.91605017618806417
"UKR",2001,28826.431367752456977803,1253.868653981268839000
"UMI",2001,2.1197106802083333,0.0
"URY",2001,7661.66095620078798652,329.67483488835942993
"USA",2001,1943318.242688976438075172,308756.757426085421913451
"UZB",2001,294.82090200636946628,74.23551105779514142
"VCT",2001,6.89654577944444722,0.07502714512207032
"VEN",2001,123901.09048600926292181,16567.46570481096601546
"VGB",2001,4.09250116765733510,0.21925043534613718
"VIR",2001,122.51337074738809360,2.3475058860796441
"VNM",2001,47456.83041272665665940,738.76826487984504760
"VUT",2001,124.33329790796278392,1.32972216152018249
"XAD",2001,3.29797852437934019,0.38122928830729164
"XKO",2001,1122.033397676569002791,110.434410904934870475
"Z01",2001,98.92095867461481738,43.39493861645073670
"Z06",2001,26.46816554567816953,8.70997753834526887
"Z07",2001,5470.18832295266328863,112.13802730065756898
"ZAF",2001,77644.69022530352930888,2357.81157461315765756
"ZMB",2001,30104.09587743749548975,75.71984941488499014
"ZNC",2001,35.32316643330293453,0.75645570519965274
"ZWE",2001,8190.98114681152506514,25.70660289010091354
"ABW",2002,0.5261077315597873,0.15031636327582465
"AFG",2002,178.94785522345274488,96.30441154022571853
"AGO",2002,61008.43202940044711186,626.01065016031164839
"AIA",2002,0.14632965079969618,0.0
"ALA",2002,277.81987705597884259,2.77376820961371520
"ALB",2002,889.155544474874532105,148.832095756799045414
"AND",2002,1.255022223528645821,0.05695271637369792
"ARG",2002,104934.517608034214047124,7397.65984837534709797
"ARM",2002,172.538591177832040055,35.57348758016492485
"ATG",2002,17.65604165254339785,0.73458405832682307
"AUS",2002,312150.308209942482746365,235574.481274065416433751
"AUT",2002,10905.984165587882218277,216.79379932137153164
"AZE",2002,1154.205942866086964386,91.166038781239158981
"BDI",2002,986.78251762835864869,0.99803953269626202
"BEL",2002,2348.391106110180058826,59.779180970460072039
"BEN",2002,3478.73762300486360422,7.17537907679931705
"BES",2002,2.10645745747395878,0.0
"BFA",2002,4.3029108998296439,0.0
"BGD",2002,3995.35891988404449549,50.31124423963215965
"BGR",2002,4638.738812430287380981,736.321573021766192726
"BHS",2002,700.97613652112786932,220.89432758347311622
"BIH",2002,692.658855824298954636,80.555692154663625093
"BLR",2002,25383.559976185193858382,1371.989190046477740149
"BLZ",2002,13473.06174578323993336,2526.52226438821390952
"BMU",2002,0.71795940192491326,0.0
"BOL",2002,178693.57610422606507239,17022.37954264982390581
"BRA",2002,3506873.01602254832968023,179593.62337088275618865
"BRB",2002,11.39198156073676272,0.29978979884385853
"BRN",2002,1088.69224568185923176,46.46637941008110996
"BTN",2002,224.00317761510744778,19.31321173902777825
"BWA",2002,22.78899862536132704,0.07333515083224827
"CAF",2002,34417.79778298497775696,349.63836705880815421
"CAN",2002,2316886.552452154255295302,1316752.631005180782218496
"CHE",2002,881.409213747272185006,21.68550407020399979
"CHL",2002,78143.276352377086473457,10444.082996664773818751
"CHN",2002,249183.967735221201810068,38671.42119863222724999
"CIV",2002,144564.92480059472365973,354.18417771094183979
"CMR",2002,28767.18069134824692629,72.78535808848748731
"COD",2002,514458.73672240186005957,4150.73909269309961417
"COG",2002,24310.21906858241527218,315.13946605970995690
"COL",2002,182233.12796928236546663,8263.56555023386392704
"COM",2002,41.20393423427083079,1.35553503339192716
"CPV",2002,45.668006194641912,5.50505069645073848
"CRI",2002,13300.29901258790241423,400.34902321120656095
"CUB",2002,15035.91933749416181598,5908.66219937309116512
"CUW",2002,1.27928368844021266,0.15051593628417970
"CYM",2002,5.59824441707465304,0.0
"CYP",2002,31.74324402105903048,5.01047312198567771
"CZE",2002,6763.280570311162713935,52.23241466724175426
"DEU",2002,15304.486541208713080826,261.281238470338581020
"DMA",2002,11.87470803990722772,0.37092939296332468
"DNK",2002,1204.489939025275600014,10.082736700978731924
"DOM",2002,10435.61614517618534381,444.74432845756289805
"DZA",2002,3009.335846230208203697,1618.061195983196830836
"ECU",2002,29846.27808535987106467,2007.01898509415984268
"EGY",2002,48.81325058289387867,8.33609898368923662
"ERI",2002,0.0,0.0
"ESP",2002,37699.261422545332834184,8027.039781048353182959
"EST",2002,21918.388767461726960505,237.095337843437795427
"ETH",2002,13074.08740897558038236,29.26710768247477070
"FIN",2002,142432.364573577244090420,1427.026501995950292301
"FJI",2002,703.20993914144303669,15.62773042875325468
"FRA",2002,33888.397171838398790900,1917.373592147629671591
"GAB",2002,13851.76974131585787157,167.86610372575180115
"GBR",2002,20106.364761562393506928,2164.228086576246010875
"GEO",2002,536.442198025097758220,53.115750941334646041
"GGY",2002,0.10069523498697917,0.0
"GHA",2002,78392.85893232759644295,173.13423688121911037
"GIB",2002,0.24965882069444445,0.12482921491319446
"GIN",2002,28933.47428987146528259,69.48497527710693901
"GLP",2002,50.88541895781249587,0.73938440135199664
"GMB",2002,40.15764073967285417,0.0
"GNB",2002,6073.87273100878129749,7.91913387955891952
"GNQ",2002,2986.26437412695688431,7.61067024001658202
"GRC",2002,5126.524653618284899410,843.208918734906640953
"GRD",2002,65.83774686305175085,0.52671018777398005
"GTM",2002,55609.14508814618707389,7295.80811160146309865
"GUF",2002,2496.70374892999922646,149.49907219798339802
"GUY",2002,4827.31866890628584270,245.87996706457845864
"HND",2002,31527.79006872279372738,2567.26684304759662079
"HRV",2002,2340.17949217620183210,394.37908820734136872
"HTI",2002,2120.38050483965773715,65.20124112964626162
"HUN",2002,7708.347570971363611307,116.48764414310763524
"IDN",2002,855270.48866870943582625,83504.29601292908716519
"IMN",2002,27.32971959845052238,4.81390000104166700
"IND",2002,47839.02297704833874059,830.89504632707959136
"IRL",2002,5299.586329348008692838,205.918372854533432564
"IRN",2002,557.752371047716018474,82.902215442821185249
"IRQ",2002,10.62006031496093701,5.20603838095269109
"ISR",2002,111.73067850196834631,3.93070455537326454
"ITA",2002,10931.653390504445761856,872.106247176673444646
"JAM",2002,1647.57063707971431146,67.29600896324110367
"JEY",2002,1.6207477879774307,0.10135483967013889
"JOR",2002,0.19610755832899306,0.0
"JPN",2002,26153.796198472196874973,958.643978469750361312
"KAZ",2002,2952.306623724253147555,648.900682714472768371
"KEN",2002,20286.98773877978193762,31.44333162447644108
"KGZ",2002,305.457479793374495980,117.37346611662108837
"KHM",2002,54915.92919633281024165,824.14326448355695377
"KNA",2002,19.79075057674370816,1.17696272357096354
"KOR",2002,4705.385305904739756840,921.703076305423040455
"LAO",2002,55886.58141542906602034,231.83607329864801963
"LBN",2002,81.20045903564672242,3.9726068900314675
"LBR",2002,56984.57687261653466853,430.14576310675320779
"LBY",2002,40.24566353440212172,27.84336473359592477
"LCA",2002,10.91096809322157128,2.01793291984483536
"LKA",2002,3427.60385658978123654,83.19362304856824593
"LSO",2002,2.68713956362955737,0.0
"LTU",2002,10344.883385071850762140,25.215459492686631129
"LUX",2002,90.506884505473098474,1.552086116616753493
"LVA",2002,29175.905733575501859525,127.000436862968737380
"MAF",2002,5.41884667416449794,0.0
"MAR",2002,3923.51782711421167232,927.96459027004016994
"MDA",2002,229.744326661258681135,15.935559874314234504
"MDG",2002,89317.51426964305085795,3907.77518410424261368
"MDV",2002,4.58815494648383326,0.0
"MEX",2002,158811.85199266044538349,13774.19554179484337125
"MKD",2002,890.356809806173805505,59.81052528426213624
"MLI",2002,175.29044283416840566,0.1496414210888672
"MLT",2002,1.75296139854383685,0.25009817085286462
"MMR",2002,66119.46105026889910917,1072.49099212867741553
"MNE",2002,179.620771214984835363,16.16363117136935828
"MNG",2002,18727.920245902962668475,13915.565860829296182476
"MOZ",2002,106663.26138290501438815,463.70731734548559505
"MSR",2002,1.62272987035156263,0.0
"MTQ",2002,48.86224870985731134,0.52155095126519094
"MUS",2002,154.42996053033420128,0.0
"MWI",2002,4196.64625658478880575,7.45316384190321223
"MYS",2002,312841.13962771180320364,5416.06258153958827418
"MYT",2002,20.86919036274685501,0.15013634301486545
"NAM",2002,109.54892024017691712,1.9805523725065103
"NCL",2002,626.86805878957351689,93.66368237302735161
"NER",2002,0.67641644358452689,0.0
"NGA",2002,32346.71006395439216024,58.63066767400065040
"NIC",2002,54178.24920372011827217,641.90572316174757090
"NLD",2002,824.630183518849813876,26.386445198205295064
"NOR",2002,26635.753194630520272495,907.204610177046510072
"NPL",2002,2128.64330964951929328,333.50690843977659168
"NZL",2002,63227.683281545983432719,1003.288881280492485521
"PAK",2002,311.29604853362313405,140.03283282238277498
"PAN",2002,19206.52740210876443242,800.34417365736754923
"PER",2002,80455.86554671101614657,3957.19248669404434362
"PHL",2002,32308.66643307565149792,488.32162978896051584
"PLW",2002,75.22447915896023596,2.21225578673312721
"PNG",2002,54575.27412834333013367,2023.91891932039052713
"POL",2002,31070.238984884319839381,237.405309819470497373
"PRI",2002,1168.09577750732031266,10.46444617998372511
"PRK",2002,5358.283502488591058270,1799.221895141674779435
"PRT",2002,34902.988574368431437088,8453.282702390994646734
"PRY",2002,195118.50116784388074455,17721.36918073540857574
"PSE",2002,1.83028711454861133,0.71924995002278652
"REU",2002,502.66837523481314982,0.0
"ROU",2002,16356.498683667527597119,372.641125024312088276
"RUS",2002,2700383.934458841540118454,1998379.940086635981625865
"RWA",2002,941.49241296595854169,0.92278693040208600
"SDN",2002,76.10035581732965367,0.5295634525113933
"SEN",2002,164.43055442048608588,0.0
"SGP",2002,123.51699899680192780,0.15381808872599286
"SLB",2002,3866.18279265136117157,53.49018095811767830
"SLE",2002,15310.24197184748766192,103.05551926105277813
"SLV",2002,4666.43491231070613439,197.94614789253906879
"SMR",2002,0.11147912894097223,0.0
"SOM",2002,250.89133041983285483,1.22124074365473208
"SPM",2002,0.21171312576822915,0.10563980538194444
"SRB",2002,1134.989088455742080395,77.77735723586805824
"SSD",2002,8148.60304152568320561,73.45562250294800710
"SUR",2002,3717.47756239416831250,324.33161471051596958
"SVK",2002,4014.550029749098214003,52.511257062773441776
"SVN",2002,725.264124621920642735,35.45279735625652647
"SWE",2002,178264.039767779706339927,1452.643142628274786133
"SWZ",2002,3800.49042070104355318,18.21190928425781245
"SXM",2002,0.43942772264865454,0.0
"SYC",2002,0.22777533419704865,0.0
"SYR",2002,147.99919407007158327,5.99257830435763814
"TCA",2002,4.65202651746853231,0.14311023068033854
"TCD",2002,1958.32356351673594653,1.74934194604058176
"TGO",2002,2018.33853598860366425,3.28074902989610457
"THA",2002,60879.86595077565261278,396.38213023125022858
"TJK",2002,36.331629110212674115,6.094107323081597625
"TKM",2002,105.17874006195096696,43.51339021561847413
"TLS",2002,1604.59889774524424089,94.11694715213433688
"TTO",2002,726.07700934265736091,14.07852496254014737
"TUN",2002,243.933648230442757401,64.401571563621960641
"TUR",2002,25722.221416793744589249,3270.287315141906059741
"TWN",2002,1004.57402174450845522,45.57868760671114132
"TZA",2002,85080.21703020477138987,172.02629892523272096
"UGA",2002,10840.46637427210266984,4.53557867527999898
"UKR",2002,27076.875430991315338124,1271.613671924771425098
"UMI",2002,6.50553305832682293,0.0
"URY",2002,6897.83794748084831797,212.37879930978951319
"USA",2002,2038414.532883460210633048,539360.820406924502322825
"UZB",2002,265.23171881202260731,65.04813497483290644
"VCT",2002,7.94599894893229105,0.0
"VEN",2002,90339.96308585826660504,3152.82735799154786157
"VGB",2002,2.99644155633463486,0.0
"VIR",2002,20.90283313310437779,0.4401509231282552
"VNM",2002,49624.49224125941996439,554.40324775430502797
"VUT",2002,108.23964961372885823,1.48403681847819022
"XAD",2002,1.0144044534505210,0.0
"XKO",2002,214.734835993619831572,4.33499191063802122
"Z01",2002,400.41461654274201141,73.32235449379774558
"Z06",2002,13.71570388173611223,4.91952238568793416
"Z07",2002,4766.11992430262352485,83.59341516595269974
"ZAF",2002,47680.20955906109842215,1995.31126951974267978
"ZMB",2002,46274.91325214805822869,142.26796376902237893
"ZNC",2002,6.68169483337673520,2.016723596258681
"ZWE",2002,8009.99124837558074828,35.45389045025499082
"ABW",2003,0.977057600014106,0.2254747926595052
"AFG",2003,244.33625517679343353,186.56769883625436951
"AGO",2003,52464.03279596434917075,314.35729262925317971
"AIA",2003,1.0977450849913195,0.0
"ALA",2003,220.736265023717533765,5.595624956445312644
"ALB",2003,613.533964996035315854,264.65447733311418788
"AND",2003,0.34206364212673617,0.0
"ARG",2003,249106.757404841856959226,20780.85969238379809952
"ARM",2003,395.816694918294015422,68.18278761584202470
"ATG",2003,17.07802261139322777,0.73608877752170147
"AUS",2003,373847.155878138449528924,251901.904727902099890206
"AUT",2003,14484.862447633137824969,78.383438158908432575
"AZE",2003,1039.283001195279453777,94.817753830479595612
"BDI",2003,1325.18331831434483533,6.07037586977498551
"BEL",2003,1889.777512645866032525,18.132615588138026540
"BEN",2003,3474.55807784114565835,2.21116731082004147
"BES",2003,16.15018967327257109,5.21213245604492196
"BFA",2003,2.03824348379611579,0.0
"BGD",2003,2159.45715834259609622,44.08836254822375144
"BGR",2003,5198.71555774934014883,157.60275408353299630
"BHS",2003,274.23087625082053182,19.03619095011501795
"BIH",2003,307.811411682658465675,56.79808716776693854
"BLR",2003,32119.521780487729648588,3534.772374611163863722
"BLZ",2003,6839.42423714693757650,934.79278652077127434
"BMU",2003,0.13057024276475696,0.0
"BOL",2003,163718.22798822601727768,10750.08160016364328953
"BRA",2003,3248392.07290686220797487,175361.01393206871704598
"BRB",2003,2.9978493868402782,0.0
"BRN",2003,799.10006522067293901,104.66677794603326381
"BTN",2003,543.60076728639208249,65.32483143268445811
"BWA",2003,8.57255134383897599,0.0
"CAF",2003,13726.56116013147078985,137.07858828397921271
"CAN",2003,1607282.618729836074187158,899759.969726644571249975
"CHE",2003,432.012422003569968747,2.07774090351562524
"CHL",2003,82878.562366516088936483,4372.248353471870629094
"CHN",2003,261775.609701791874139315,81811.396188786110840910
"CIV",2003,86300.20885333210744310,107.00156249899685506
"CMR",2003,25344.84635711857918821,70.89428286901856686
"COD",2003,274611.87055822572109317,1528.29525053525084472
"COG",2003,18514.38118638194054444,180.63967428453078379
"COL",2003,122398.57094798494803437,8127.32023015601215387
"COM",2003,26.65331394628418188,0.0
"CPV",2003,17.850444828650168,0.29598386713758684
"CRI",2003,8278.50174230359285501,201.10484862502227333
"CUB",2003,6556.68391545646862342,523.52959943652441736
"CUW",2003,0.8279577079031033,0.0
"CYM",2003,6.32479760370334390,1.09022674294053815
"CYP",2003,25.22916781330078576,5.64712582944227443
"CZE",2003,3925.485528841813424985,11.256721266838108606
"DEU",2003,6448.046300521502431867,39.523845167341579963
"DMA",2003,27.23870243605957246,0.96481818941189245
"DNK",2003,1579.713260272255044918,21.412437043587241855
"DOM",2003,10714.07471680149450258,754.54376868351357780
"DZA",2003,3829.638557244037725330,1498.042259745531825473
"ECU",2003,13867.49781278511123547,1116.27008152080504226
"EGY",2003,61.0118780440223618,15.31956214941623513
"ESP",2003,23315.393730807600305308,4575.397892055892602048
"EST",2003,5632.684331845861645887,59.851601306948672128
"ETH",2003,13936.04122350380690126,9.36770174150960347
"FIN",2003,89696.581783157101335655,2006.086323754417659752
"FJI",2003,1572.23590400383030456,53.28209287654730381
"FRA",2003,26393.389438086318435471,3576.519400378609469024
"GAB",2003,16845.22030958790806210,155.40968288901048144
"GBR",2003,1866.568606261593148123,178.14623675582472186
"GEO",2003,292.002685029047278287,16.755315019175348196
"GHA",2003,24944.42875089593399479,38.99951537757053280
"GIN",2003,9229.45800857301537644,7.67583895511149130
"GLP",2003,76.87749933859485298,1.55297261516601566
"GMB",2003,10.56543664551432351,0.0
"GNB",2003,1021.87736427069932827,1.58446886934027788
"GNQ",2003,1961.34131360041540331,2.38350175506835947
"GRC",2003,2562.476905143277250891,326.383335424331649046
"GRD",2003,71.34625369097059052,0.82797878331000435
"GTM",2003,98213.26744779352623453,8582.89892241194771856
"GUF",2003,1889.08160142950085869,151.72080791124481183
"GUY",2003,7418.60685877315468082,2396.72249072313850048
"HND",2003,33625.29614891886459050,1920.15347664972704486
"HRV",2003,1738.926458785017204348,331.428808405677167008
"HTI",2003,1070.16207484906356312,54.34069887028211906
"HUN",2003,5726.446565435649833082,54.269217330147543375
"IDN",2003,544811.90713992485195671,109258.88518032193251611
"IMN",2003,3.63459606608507008,0.0
"IND",2003,43831.02180092080924007,1363.31292527469304293
"IRL",2003,2271.277651344684970091,87.903933016128474736
"IRN",2003,326.675020603674588870,75.589838931012370212
"IRQ",2003,19.61672494825738165,7.41878170894314456
"ISR",2003,30.17165819324760772,2.28902467154622380
"ITA",2003,3613.145740222023105576,481.786509043754372306
"JAM",2003,1029.27403435287892561,42.63566534582467042
"JOR",2003,0.06525960308485244,0.06525960308485244
"JPN",2003,19747.240016531705648757,708.509548731266292959
"KAZ",2003,3351.858900717899229615,1235.475614564244063441
"KEN",2003,13553.19540551761551573,42.75716062928729630
"KGZ",2003,110.789560377517360966,62.27775681559027664
"KHM",2003,56854.59217973513383643,1488.12062125913624684
"KNA",2003,32.14738441949110522,2.72303075761718809
"KOR",2003,3611.882783682034769020,112.118652744648439924
"LAO",2003,87073.09140650645334592,209.26027075865180298
"LBN",2003,83.57542339330729675,28.46282714151909740
"LBR",2003,21604.88991745193178994,165.60249421145834398
"LBY",2003,25.26571736984050066,11.75655462427517620
"LCA",2003,19.42668620268934489,0.37369529550238720
"LKA",2003,3149.41842534644134468,49.19929797857693269
"LSO",2003,2.48469258370768231,0.0
"LTU",2003,8916.009263466787504412,27.225223596644973466
"LUX",2003,103.419970744958771726,0.698709017105034754
"LVA",2003,21321.415898292564646531,158.220306929268644633
"MAF",2003,3.29543647141059111,0.07323170018988716
"MAR",2003,2042.52645978526042855,571.06802639919830096
"MDA",2003,100.599346259225255012,6.638090675757379055
"MDG",2003,84248.03231413759558509,2742.63430935167639289
"MDV",2003,2.14270827407497842,0.0
"MEX",2003,152535.49233469770443511,18560.53759973735204094
"MKD",2003,895.228094261315198199,8.507933667191841169
"MLI",2003,34.24351147250977304,0.0
"MMR",2003,77224.38730506042196348,1342.57126904346646569
"MNE",2003,203.685967919225363218,86.287930244904529944
"MNG",2003,38433.934333561603248800,35626.409954317958411134
"MOZ",2003,79651.49307486113404112,377.97522057277023769
"MRT",2003,1.2562662985698785,1.2562662985698785
"MSR",2003,2.28605831336805569,0.0
"MTQ",2003,288.54406587053709922,13.40764328333062066
"MUS",2003,119.63026211289933648,0.0
"MWI",2003,7094.36954069344383259,29.49957510275499559
"MYS",2003,184057.69093511451464171,3355.20275424729387517
"MYT",2003,30.92584943197753902,0.15009350413953994
"NAM",2003,210.88764829074877734,0.22030927029730904
"NCL",2003,883.91586075743423638,265.06552754721901192
"NER",2003,0.22459616474609376,0.07472802165798612
"NGA",2003,13380.62898904750336773,37.96709650806451094
"NIC",2003,46944.04762357058137452,868.54078427479554000
"NLD",2003,309.854263387107197020,8.112835862801649979
"NOR",2003,14817.391839596245940383,599.329572652643097153
"NPL",2003,2291.93747575791149332,311.40732285511827119
"NZL",2003,44798.824848380895682161,1066.237934877365185308
"PAK",2003,591.44081138983309652,175.06763258654732495
"PAN",2003,11285.49143147986257540,372.76736410965114809
"PER",2003,73869.26967972162578287,3973.18295129518956228
"PHL",2003,35153.83452572595466707,581.44308618641142507
"PLW",2003,17.62527664777560730,1.22083715987982863
"PNG",2003,31805.23199050501284436,735.57319574544682388
"POL",2003,33292.804228916218707656,188.550652896788188002
"PRI",2003,1194.08945417794029923,10.82910898932834337
"PRK",2003,7348.26756266393607329,1259.38196138865948841
"PRT",2003,26840.157598314489981869,9104.771997938093912133
"PRY",2003,267306.42971636127446042,16988.26651458538552644
"PSE",2003,1.4387635331901039,0.13143250655707467
"REU",2003,142.6275970750792429,0.0
"ROU",2003,9427.54633803431372578,213.178574616592904274
"RUS",2003,3030069.229928873574231754,2405139.061639886252353257
"RWA",2003,1060.92756756182620376,1.07620926977701819
"SDN",2003,18.66824163755696538,0.07558605041015626
"SEN",2003,37.78890444953396450,0.07514658951768664
"SGP",2003,18.84275867847141510,0.0
"SLB",2003,2374.67860621589960504,48.97588194417996506
"SLE",2003,9098.94683084000695590,11.03765246128065352
"SLV",2003,5983.62575967476335313,68.06233956470053381
"SMR",2003,0.05577909176432293,0.0
"SOM",2003,105.37201533406648098,1.14569285605667757
"SRB",2003,864.886500829320818946,30.930374728263891886
"SSD",2003,2063.17828631615656875,28.51369782493136717
"SUR",2003,4545.75069299348168468,705.79669830140572090
"SVK",2003,3750.103925607554488152,23.960432530084640347
"SVN",2003,527.551355245128186734,68.04303177317060512
"SWE",2003,92619.377352179118067725,1161.085797302673175903
"SWZ",2003,5760.28528153999959929,80.68513221675673793
"SXM",2003,2.12410459013780425,0.0
"SYR",2003,114.80634171494897991,6.98569950890842058
"TCA",2003,10.37610118301106771,0.14315900852864585
"TCD",2003,193.54137608940615664,0.82966260129394530
"TGO",2003,2048.25645519347050585,12.73562511290175376
"THA",2003,58435.71847370450241147,389.16359833722713560
"TJK",2003,31.86869306458550321,5.89348032519097275
"TKM",2003,84.86276665246521518,47.61759027485673112
"TLS",2003,690.81556603583185707,37.62935838943413724
"TTO",2003,726.43680910496026153,55.22757112633139218
"TUN",2003,1539.643407149521862095,288.916595129075491985
"TUR",2003,17743.880097976015891130,1252.531982450663864858
"TWN",2003,1125.20616817923520556,26.35040255857856140
"TZA",2003,84066.91856921519839072,451.50133334149975813
"UGA",2003,11980.24955050090740141,9.53434002069865024
"UKR",2003,38954.577445724875095020,3466.159599606672340217
"URY",2003,10612.64045281499707885,237.93707627670465424
"USA",2003,1649364.209734935731490599,370782.797218603603720252
"UZB",2003,52.79889595320313097,3.16389777480034749
"VCT",2003,9.66858791794325119,0.0
"VEN",2003,87218.15206900912735211,13302.23187316388334974
"VGB",2003,1.82742183970703116,0.07305855085286458
"VIR",2003,39.95442693873915599,0.87919570753689242
"VNM",2003,43005.45381515729754837,828.47436646116544622
"VUT",2003,529.26296175094475173,9.63604303788302949
"XKO",2003,261.324177210844213946,13.060946839338109676
"Z01",2003,162.07714866078446916,32.59988481856011144
"Z06",2003,50.25695362065105714,14.58085092376084998
"Z07",2003,3757.46834200649775828,69.56656688492079775
"ZAF",2003,92572.82073032799529954,3006.89003478850271649
"ZMB",2003,42088.07907987453831593,51.12458506411783750
"ZNC",2003,4.9169481110460069,2.0162370303255207
"ZWE",2003,7313.45651539910304347,95.42668073357963106
"AFG",2004,201.32240441854404199,157.04623800655836429
"AGO",2004,71271.36851484039284984,260.06213195787843945
"AIA",2004,8.8539959050716161,0.0
"ALA",2004,735.849796017156909114,12.270244649937067285
"ALB",2004,3235.536668238700324774,445.29112259851752459
"AND",2004,22.589374486534292384,3.3654944847070315
"ARG",2004,433424.569688663232607018,29299.818039870614800983
"ARM",2004,83.204743948118466445,9.87886472440538228
"ATG",2004,25.46325974643989784,0.51455190652669274
"AUS",2004,124768.685050783394293047,30740.820455095644893956
"AUT",2004,14611.620225543009963385,103.478257027076828084
"AZE",2004,584.955793002261259944,75.395566000581603380
"BDI",2004,613.87883329125804448,0.07680031066338433
"BEL",2004,4793.291359390773351241,85.401079052395829136
"BEN",2004,683.53154966034259792,1.98551638298936649
"BES",2004,0.29739555234049480,0.15045993306966146
"BFA",2004,8.60509096366915976,0.2264658670014106
"BGD",2004,4282.46781558067941852,73.52525985454211264
"BGR",2004,8170.409849341970838221,321.134038112775644466
"BHS",2004,588.09937146377008097,125.83747216293513503
"BIH",2004,4121.820011069990095962,696.710867977767338098
"BLM",2004,0.14659799170247395,0.0
"BLR",2004,38596.876745077680805397,694.881535772758306325
"BLZ",2004,4339.21360150759736015,353.24999179681318774
"BMU",2004,0.6527592358713107,0.0
"BOL",2004,203307.18494229770525961,23205.34179901617447824
"BRA",2004,3848491.81038399331405246,199271.53388949129582984
"BRB",2004,8.31953771088650139,0.14994983022569447
"BRN",2004,1197.05952202992773969,104.20863777362901615
"BTN",2004,1013.24650194164057216,109.97637186018989542
"BWA",2004,50.65776500739365969,1.08525384636067711
"CAF",2004,14588.82070519406657035,152.96686702513888601
"CAN",2004,2706458.956937922574144607,1477406.985455010389541932
"CHE",2004,3826.131476450598993971,209.525577875991380005
"CHL",2004,85726.959941793384921178,4547.751178823845629133
"CHN",2004,501582.076121421956989105,104672.899455137998891541
"CIV",2004,48053.39455194923232803,209.08674612443982098
"CMR",2004,23003.22134741862436108,94.54872193898973397
"COD",2004,400044.66960143478723509,5324.31982990417318746
"COG",2004,13832.85005990511531074,412.49345139422540405
"COL",2004,253864.88345438178490911,13331.46154531908941846
"COM",2004,40.38383804611110701,0.67770147202528216
"CPV",2004,1.190263180887587,0.0
"CRI",2004,9766.34809088634132037,343.48037203471299790
"CUB",2004,21973.72747325724545978,2471.72911991851982983
"CUW",2004,0.60184054842936204,0.07527050267089844
"CYM",2004,47.10307623731118458,7.84938096560438128
"CYP",2004,87.55564101154948188,9.12645546626736153
"CZE",2004,13459.839220707866654212,50.395274071877172024
"DEU",2004,44939.478862777674396237,390.811116470119422820
"DMA",2004,79.35513134401911386,1.63294323355034727
"DNK",2004,2413.856171689826298745,64.76517264381299012
"DOM",2004,19387.79504104770742991,1335.51606458568029683
"DZA",2004,4373.724271650888773170,1801.443019926221834576
"ECU",2004,37283.94024536110498363,2409.48112127987010235
"EGY",2004,101.4492395264865480,9.38863189711805660
"ESP",2004,67273.049655810208955914,19789.630019178377888076
"EST",2004,18106.142196089525084670,103.764327098726131401
"ETH",2004,13396.26215763041887199,14.76538519072428464
"FIN",2004,146602.418750860666540281,1963.182145725081962539
"FJI",2004,2079.96043643985230994,45.07055191427193055
"FRA",2004,76134.344561797678813198,5940.708767832836027128
"GAB",2004,9981.65561437633111951,105.61567639178820226
"GBR",2004,24840.373316301762868484,2371.235505454906979751
"GEO",2004,1967.005608581503007801,59.085907699557289758
"GGY",2004,0.20152369750434030,0.0
"GHA",2004,17628.11192587149744971,39.79607189296414132
"GIN",2004,17158.32610136446100568,10.54388961103380105
"GLP",2004,191.17001250953016695,1.99657976440321192
"GMB",2004,63.08472250284561108,0.0
"GNB",2004,3539.17763132335452006,0.45233384237087671
"GNQ",2004,421.43077213091164688,0.38443930160074870
"GRC",2004,6814.343413586746484478,984.912448957177235532
"GRD",2004,631.01757415380112432,13.77334022258246723
"GTM",2004,56439.82243683085511214,3983.99461571335566430
"GUF",2004,4805.02546736713871552,326.61508369085376343
"GUY",2004,4062.36700951541578955,480.25949445935788760
"HND",2004,26456.33081459040442881,1544.20124937861866943
"HRV",2004,6727.072080135186750495,757.471455384529170216
"HTI",2004,2382.72800984643647978,165.89459667614797897
"HUN",2004,12002.265872415201633140,422.43307931459861875
"IDN",2004,1289034.68261267122140175,91901.57812652906820001
"IMN",2004,17.15783364062066422,1.18054188853732641
"IND",2004,66411.42945507391488601,1723.28111970043317029
"IRL",2004,6870.354383431947559656,296.589338550316878010
"IRN",2004,276.002825830138828294,58.671856250179036665
"IRQ",2004,4.42148586324001824,0.18845981507378473
"ISR",2004,67.69178197021702877,9.70473846633680547
"ITA",2004,17222.311801251205472624,1184.77603535715677459
"JAM",2004,3901.15252471132917835,115.44032261233506963
"JEY",2004,2.32897350947916660,0.1013720456857639
"JOR",2004,2.28514883858289906,1.50149003891059
"JPN",2004,37312.093034372073171838,656.322739942963039703
"KAZ",2004,5513.101850281938487750,1807.054106790750978380
"KEN",2004,16988.09753064433674709,61.29017308710792214
"KGZ",2004,192.268986024403205415,89.69988912710502043
"KHM",2004,79294.66674479292456147,2178.54616157049940892
"KNA",2004,25.07633940264214853,0.07358941264322917
"KOR",2004,11407.604214698583729958,1225.519360018083297688
"LAO",2004,64239.68412912300991328,129.05529296895725724
"LBN",2004,109.27987655292317052,22.99889180807617182
"LBR",2004,6233.55971935357029832,16.52674781854031042
"LBY",2004,10.26316375643554892,5.4566597633962671
"LCA",2004,40.20301619328559465,2.24133253502929696
"LIE",2004,9.378241668927954676,0.36872370110243063
"LKA",2004,5599.44768419248336028,114.06524972023845652
"LSO",2004,4.37754876348741390,0.13382168299262152
"LTU",2004,13100.967028296588808577,59.403130019635419135
"LUX",2004,311.491342377159264575,2.643195535249566147
"LVA",2004,30638.989111358662175574,130.543231168055571449
"MAF",2004,1.61106971834743928,0.07323698820746527
"MAR",2004,1440.57772089746957578,576.81805175279735802
"MDA",2004,263.98408709682941683,21.111302927638889475
"MDG",2004,81845.32605959779646671,1813.77121281543393380
"MDV",2004,2.37201047339450412,0.0
"MEX",2004,169830.49454763816532115,15887.62600468507488919
"MKD",2004,2200.741584506901698870,64.38776311570747185
"MLI",2004,153.31263434446449268,0.22453647054416233
"MLT",2004,2.5040502789865453,0.06256337716579861
"MMR",2004,102186.12143876609674420,1309.15828224354335736
"MNE",2004,915.328613744053659359,96.729378411571188286
"MNG",2004,53302.873764793461113356,48109.544349123076992539
"MOZ",2004,107730.25704826088669940,569.08148314336377683
"MRT",2004,0.07370740676432293,0.0
"MSR",2004,7.67008281874674500,0.07375581416775173
"MTQ",2004,166.99436810842501864,1.93706255473849833
"MUS",2004,328.82777610669374682,0.0
"MWI",2004,5724.29369384932399413,10.11657759393934406
"MYS",2004,352003.95424480368317043,5871.11876209058098923
"MYT",2004,5.10481380873643687,0.0
"NAM",2004,62.05068826781359354,0.21996677184461805
"NCL",2004,1510.20299319130950027,575.73572294103566661
"NER",2004,0.07517734828125,0.0
"NGA",2004,14644.02433666113382158,52.04060159652343664
"NIC",2004,21061.80626952069868199,459.03371347363337799
"NLD",2004,1297.264449335685844521,112.917941659034234149
"NOR",2004,33741.922128365995163886,1142.592778589524887066
"NPL",2004,2479.58915154517838914,283.67811118509010476
"NZL",2004,60681.056748685859929657,1447.972095905466189755
"OMN",2004,0.0,0.0
"PAK",2004,1087.50035779247963951,617.65049774252820103
"PAN",2004,16851.60669823957042243,390.80339812019772300
"PER",2004,101309.45296160513250202,5442.46423934504830762
"PHL",2004,48579.05944213332377013,674.97143148971848607
"PLW",2004,29.82970905005750916,1.52586126068223757
"PNG",2004,58329.89043439083961264,2426.13870966137887413
"POL",2004,41873.838401002510155573,236.899844570273391118
"PRI",2004,1323.68433150932696136,10.90546455743164213
"PRK",2004,11356.537801329567034300,3747.991668646279247196
"PRT",2004,55315.259105165243362994,16059.092719156892801095
"PRY",2004,247336.61800555931752683,17031.61549757644657556
"PSE",2004,1.18041810698242207,0.0658220126844618
"ROU",2004,18858.899451307931900933,805.431793888012740674
"RUS",2004,3521018.207375452072800340,2410024.631074192995329360
"RWA",2004,1121.68713196352509726,0.0
"SDN",2004,13.2068280500374373,0.0
"SEN",2004,128.04695928375270927,0.44633073238009986
"SGP",2004,34.99393023676296606,0.07691029002651638
"SLB",2004,3543.10423852660412829,43.77780681215440848
"SLE",2004,4019.83949066265981544,9.90701283430447106
"SLV",2004,4554.63690865345387613,117.23742721873154851
"SMR",2004,0.61328708104817711,0.0
"SOM",2004,215.01119136065542619,12.9559623660924207
"SRB",2004,2637.748746493927847942,82.503261740125873795
"SSD",2004,10442.58296564002964535,78.12792072640760662
"SUR",2004,5423.31178605477221674,548.13301687318006897
"SVK",2004,4624.503632770312570337,63.18926403582682592
"SVN",2004,1266.679268954912951150,34.17171490886285002
"SWE",2004,271564.101999554894035965,2787.150638447667494296
"SWZ",2004,5364.05902878545440821,71.33737807585287341
"SXM",2004,1.0985717890668404,0.0
"SYR",2004,107.02234533451927707,15.23621910015842445
"TCA",2004,10.44454822252386969,0.50072520898003470
"TCD",2004,456.72861271738842714,0.37500554312662765
"TGO",2004,2753.41548311940660052,1.98063295005126971
"THA",2004,91799.73014194705748488,764.52894940257792505
"TJK",2004,20.127205358172746244,4.20725583819878501
"TKM",2004,28.84971960052734756,4.571529432656250125
"TLS",2004,2061.83470096891880958,124.86802159972384575
"TTO",2004,734.05042363262422072,11.12402962090440565
"TUN",2004,318.814027632862433044,17.528607383958334690
"TUR",2004,28977.874040400103367758,2215.87171056582307113
"TWN",2004,1858.34382744339851167,80.32237725479491091
"TZA",2004,66892.20696527591239637,193.56698498199585233
"UGA",2004,18076.83667561749230499,5.68687671329835653
"UKR",2004,49492.999865450680386293,1494.818334232237313808
"URY",2004,15125.01482495640722057,518.25341617881627970
"USA",2004,2746244.206751269542994193,831457.177753103870977539
"UZB",2004,48.65639147335287005,5.43625190188151055
"VCT",2004,21.28327654510579773,0.0
"VEN",2004,90926.43700186548079400,5412.91578799531337684
"VGB",2004,2.63095638653320352,0.07309446458875868
"VIR",2004,33.27492402979926875,0.80676869545138894
"VNM",2004,73881.78407794694409725,1162.45506664945100955
"VUT",2004,377.56046244941789499,10.72258538746093633
"XAD",2004,3.17870647007812506,0.0
"XKO",2004,572.55136029443986385,17.84199573578776389
"Z01",2004,889.57455198720378757,239.53128644623914048
"Z06",2004,80.55585904301866587,28.73078534677626046
"Z07",2004,6828.82421499252220732,123.72841465368165991
"ZAF",2004,72601.94385215334482504,2374.45495188950878901
"ZMB",2004,28472.39479493687864796,124.90158445810615162
"ZNC",2004,30.90484760853298784,1.51079635597656257
"ZWE",2004,8417.50735154032782125,96.46729850573349706
"AFG",2005,236.02155796449648690,193.811442458187981704
"AGO",2005,93437.36738828537242738,401.34012538777102696
"AIA",2005,3.65866292281358435,0.0
"ALA",2005,698.892909702087392800,4.05122995879991382
"ALB",2005,693.390449484221152612,96.399216182220046374
"AND",2005,2.22483621266927110,0.17121473493489584
"ARG",2005,367246.416560702273804329,16631.799582768122308495
"ARM",2005,104.014577636627586749,21.759031177777781466
"ATG",2005,61.16559981567820338,4.78335649549153678
"AUS",2005,177024.184269609504597838,83970.917397488989934605
"AUT",2005,21667.758587434158293216,87.754297025848534623
"AZE",2005,246.265258757643225764,36.337883031961802567
"BDI",2005,985.37967189159464263,0.3071992479452854
"BEL",2005,3027.934669253574455701,40.269917592523865876
"BEN",2005,1582.25785626357788349,2.29002967664252398
"BES",2005,1.10661115455783424,0.2954464458468967
"BFA",2005,16.37886750171006897,0.0
"BGD",2005,3292.96154368169706564,34.62273129983832665
"BGR",2005,6566.710561226889906105,203.944923577474085794
"BHS",2005,1450.09057364046446288,667.26077216185203703
"BIH",2005,573.615629401621106244,33.08901267063369179
"BLM",2005,0.07329884462565105,0.0
"BLR",2005,36192.581892169163390294,583.780672585010868948
"BLZ",2005,8115.32973294260207068,1050.38646599354583882
"BMU",2005,0.32633910135416666,0.0
"BOL",2005,250866.23736746769205469,32504.76247555091084213
"BRA",2005,3486212.81617745531588935,209092.80740112402863417
"BRB",2005,9.51826779826605933,0.0
"BRN",2005,1278.31859942212843791,112.73388607225612375
"BTN",2005,770.00223061394858208,99.73212300190863779
"BWA",2005,49.09584396513563890,1.37232292308159706
"CAF",2005,29316.73079026125866637,114.51892654786174654
"CAN",2005,2920790.129684658328294947,1731211.938685074524856481
"CHE",2005,2320.171838940389070590,18.707879857758247528
"CHL",2005,106916.127227986969073142,6540.156565372764853322
"CHN",2005,383608.16821306054096936,41387.438843918598728778
"CIV",2005,65334.59637272552973815,122.68090603947239442
"CMR",2005,25159.08245925614750676,39.90753466988579891
"COD",2005,485235.80378112724753794,2610.73657771584532135
"COG",2005,18853.30079613169322608,562.16790926107035320
"COL",2005,188691.41832470517917963,9148.04843373002860146
"COM",2005,86.55857498991157885,1.96017043157118084
"CPV",2005,10.9586081949978291,0.4458859025824653
"CRI",2005,16534.85333190452117323,492.88792187886561702
"CUB",2005,12833.60324180965004152,2570.02834803414475767
"CUW",2005,0.67728920202907993,0.0
"CYM",2005,9.16049788890733497,1.16317980671332470
"CYP",2005,34.65057255669269904,8.23459100550564081
"CZE",2005,25557.847694127171188472,31.66791033899956503
"DEU",2005,39739.017989477902628245,162.449514518817277254
"DMA",2005,52.32315261485459777,0.81686075046006946
"DNK",2005,9048.804002809059640460,61.024964396575503015
"DOM",2005,25088.10505583239260468,8706.33162019299418849
"DZA",2005,4468.762928500316802791,2400.393194307700030297
"ECU",2005,40401.95856038380106033,2565.32844656956647450
"EGY",2005,52.58505339294596027,13.14508371571072035
"ERI",2005,0.0,0.0
"ESP",2005,48955.111958559183028059,18494.789256097602434583
"EST",2005,14818.131526552334933864,145.033330927634505215
"ETH",2005,15868.63340623085431009,29.90906877349636747
"FIN",2005,230333.476081502700402757,2287.817488217048287083
"FJI",2005,1665.63731883583379521,72.33240162967446713
"FRA",2005,46390.591051004034056859,1977.720200276916344220
"GAB",2005,17699.01808255172490306,173.10061451770483044
"GBR",2005,8872.969075444058129187,476.065504126747030137
"GEO",2005,548.999496438092522277,78.419490950425354826
"GHA",2005,41339.40558898759903730,60.02668892869982021
"GIN",2005,14580.93563187725349402,38.03497461303305019
"GLP",2005,223.08018623563306661,2.58945746168185774
"GMB",2005,5.54473931643771717,0.37449899899468317
"GNB",2005,3928.18624821686557396,1.65803040424804695
"GNQ",2005,1608.47471368742898519,6.30044486543613055
"GRC",2005,4181.872109170968394694,979.247226450872135535
"GRD",2005,47.48766736398601349,1.20375806329698370
"GTM",2005,100813.78993650187399363,13665.44733317144647695
"GUF",2005,2840.65331182095934935,177.99694439554852685
"GUY",2005,5832.07749860294152644,519.83973184559612855
"HND",2005,40471.51510864458863850,2288.67591269840227267
"HRV",2005,2747.170450851228090771,99.48321713850044646
"HTI",2005,2033.38694667952116603,138.14391329705729230
"HUN",2005,10403.464945882517525980,243.39202069336584770
"IDN",2005,1182435.72161951579640077,122109.87249567788638360
"IMN",2005,21.3869813450390647,3.26376199659288261
"IND",2005,56418.57623372949825906,1661.22575042443913927
"IRL",2005,8093.028844976998547310,140.044518620434037317
"IRN",2005,173.02195340510206281,27.45525145178385411
"IRQ",2005,4.55640528943684900,0.06224549754340278
"ISR",2005,137.28609790351346451,25.65912252929143853
"ITA",2005,10892.544767539670174716,1099.832969119381227649
"JAM",2005,7597.85675632123620589,937.56182498621243238
"JOR",2005,0.06540410015082466,0.0
"JPN",2005,36385.433630247348161670,747.829861360822522468
"KAZ",2005,3166.542801209502322157,748.154988172367178011
"KEN",2005,12745.35593490329502155,127.36809366351609385
"KGZ",2005,82.05093487972439669,33.78450266690104468
"KHM",2005,64684.40475270533084332,1186.94738496010265543
"KNA",2005,18.90325367899956243,0.80922406042317705
"KOR",2005,8923.938947543369956994,1250.447313447821193798
"LAO",2005,68319.58231828731057869,354.18987680445205408
"LBN",2005,300.13519423633132107,44.21379747191949722
"LBR",2005,11323.80671307376482625,76.31297840670058560
"LBY",2005,21.82575351426649965,10.58759132681966587
"LCA",2005,53.96006044737359122,0.97148354060275619
"LIE",2005,5.53224985790581650,0.052778115169270834
"LKA",2005,4682.45897491829459716,72.51521658394775123
"LSO",2005,2.01343706509440116,0.0
"LTU",2005,20384.588953155355343194,55.800772156961812452
"LUX",2005,67.949173435904952675,0.050220833098958334
"LVA",2005,40712.385631826146573827,188.384597808578574570
"MAF",2005,4.90654401604383774,0.0
"MAR",2005,1526.38000858616697554,649.95881313591206736
"MDA",2005,109.723494417256954624,10.844869271927082938
"MDG",2005,93628.14995910397371594,3863.08172773402033278
"MDV",2005,3.59741944297153057,0.0
"MEX",2005,206862.13931464154515145,23399.17366071868152430
"MKD",2005,1306.966575984430940091,53.362320508743500165
"MLI",2005,83.21800502107909777,0.22528853408420141
"MLT",2005,0.37524490157986115,0.12520481879123264
"MMR",2005,91847.19784816591057779,1281.53161302433812316
"MNE",2005,172.40028880191407941,5.23196792503689300
"MNG",2005,7466.476509434019795178,5402.05206876143985374
"MOZ",2005,150570.87480905186810625,1274.95569648888772830
"MRT",2005,0.07390090466145834,0.0
"MSR",2005,24.34238822501844438,0.66375155831380212
"MTQ",2005,204.77384899907716619,2.23539935388617619
"MUS",2005,174.21122237043396512,0.0
"MWI",2005,9457.64941642110309038,17.09508780197916869
"MYS",2005,375758.39194248232461233,7354.62992173975186767
"MYT",2005,34.30775128749294767,0.52565224055013026
"NAM",2005,64.54467084838325503,0.36630030414822053
"NCL",2005,1471.68691331050957997,650.33481881861259308
"NGA",2005,13279.89910020496945538,26.20185604925564561
"NIC",2005,95135.77066461443486659,1395.99936106691678536
"NLD",2005,1472.038061728947598729,59.61394347750868218
"NOR",2005,24918.837518618705431792,615.298998866532233493
"NPL",2005,2758.31949392483614530,462.57702167241317663
"NZL",2005,52519.423491361743234946,1773.190441471564548356
"PAK",2005,910.78262611641255094,608.54234189751847558
"PAN",2005,12395.56199626431616556,253.03011937734212020
"PER",2005,162995.55264516580548201,13757.49542288428738913
"PHL",2005,49781.13340031220390199,654.78442328955291956
"PLW",2005,43.40984524104166685,2.74682911851155611
"PNG",2005,39021.13955065648353473,2844.88263433879988490
"POL",2005,82377.938003648623621334,309.845285792855917106
"PRI",2005,1288.00731450757724282,19.98378774830403483
"PRK",2005,16524.984012425413268219,6549.598848970736007787
"PRT",2005,38934.483760252432591075,14694.647254185872919927
"PRY",2005,262612.24354895965629341,14433.17354076235730111
"PSE",2005,0.45677334553385424,0.0
"REU",2005,225.32395660242075444,0.0
"ROU",2005,19418.426647372470862252,406.624372349872000946
"RUS",2005,1589993.934627929641279944,625951.422524043533035024
"RWA",2005,821.92294115491979952,0.30755303367485895
"SDN",2005,100.18787363854598379,0.75562198917046451
"SEN",2005,71.58203072296548246,3.45112522812445756
"SGP",2005,82.29476475483915451,0.23073145958991157
"SLB",2005,6549.42591057491794233,101.99275500295654996
"SLE",2005,6872.40483847337810380,17.81449389630398124
"SLV",2005,5880.24715443387521407,135.61933517947049497
"SMR",2005,0.1672475959874132,0.0
"SOM",2005,271.91123886689919990,0.07691439233269586
"SRB",2005,1550.573727834001577490,31.77667339135850798
"SSD",2005,10566.19773341383995134,87.76723205202585499
"SUR",2005,3512.22100493830482307,412.98757699943183426
"SVK",2005,27673.853740170516543075,324.309502460896269572
"SVN",2005,1942.011694858747726054,51.279253814125418511
"SWE",2005,248560.071019634530106157,2013.210720426673076710
"SWZ",2005,4535.23365045024382210,62.30201718689455621
"SXM",2005,3.58881176202257043,0.07324288200846354
"SYC",2005,0.15184408935763890,0.0
"SYR",2005,791.80762994302660578,334.9304693950936894
"TCA",2005,22.25030443208440721,1.0012669577864584
"TCD",2005,472.37270292629446564,0.37667534023464626
"TGO",2005,2050.68677637391440385,3.88789685807373094
"THA",2005,84259.43746807706055421,515.41577702728491057
"TJK",2005,28.53926538835503822,5.338080347634548875
"TKM",2005,30.532779796599401294,8.351326790915799034
"TLS",2005,1311.30811823755603688,102.70101446207521056
"TTO",2005,1228.86395565452167963,41.41716081323078984
"TUN",2005,633.034917324399104688,89.52070281551217682
"TUR",2005,20410.602625431140204764,1484.669741631589693948
"TWN",2005,1522.31502026354077975,44.24736276681206841
"TZA",2005,91583.71975418239284698,310.92617169113512380
"UGA",2005,29172.15399061129503737,8.60910241782767448
"UKR",2005,36558.262601306336357258,783.123101882192381633
"UMI",2005,84.49769212801653423,0.51165876611002605
"URY",2005,15946.06277458583442635,827.59073174437613461
"USA",2005,2691531.481751428886423364,843863.332180896368940374
"UZB",2005,21.185750156738283736,2.156988279216580089
"VCT",2005,16.63506363130154308,0.0
"VEN",2005,94954.38852750608288568,5086.24273422319913085
"VGB",2005,3.72742207857421950,0.0
"VIR",2005,20.30460963418945330,0.1464854350292969
"VNM",2005,102213.08510199528385287,1483.64114532290425884
"VUT",2005,254.48326712356459833,47.30427841041938158
"XAD",2005,0.38087874954861115,0.0
"XKO",2005,313.543447496074108095,8.16175770606553913
"Z01",2005,168.31438410075306058,24.67868167082790844
"Z06",2005,37.33542657613498524,10.810304951808812
"Z07",2005,5917.84924861558564023,106.82599783080840008
"ZAF",2005,104652.48350595633011117,2818.54773373977770786
"ZMB",2005,57545.28847104837201725,649.52065335186380368
"ZNC",2005,7.30848802876736194,0.62901287757378471
"ZWE",2005,11747.60399496692527390,37.09164395360405879
"ABW",2006,0.22548696056423613,0.0
"AFG",2006,152.08453592102867100,135.45760860069664401
"AGO",2006,76936.01227672402969990,214.79615152963270281
"AIA",2006,1.31715659843315986,0.0
"ALA",2006,100.14456159323565906,2.21855347052734322
"ALB",2006,962.296923004298683716,86.68004501148648578
"AND",2006,6.624548271184898,0.0
"ARG",2006,316414.02271608423810278,15619.128423350348006856
"ARM",2006,129.749066650566399366,28.732088531087244525
"ATG",2006,61.15211599682727609,3.52579394384765727
"AUS",2006,186304.313618208758749318,86711.421209241722149679
"AUT",2006,12573.879919471198612142,51.703290403344187525
"AZE",2006,525.201462694247018248,119.90515743911242519
"BDI",2006,343.49077830457958333,0.0
"BEL",2006,6916.035133848669334460,46.794521712986111509
"BEN",2006,1794.42274033521227265,1.52806502577338316
"BES",2006,6.90050228868164139,1.54153356204752617
"BFA",2006,4.60596127904188376,0.0
"BGD",2006,6862.82368113308140511,79.79432144932183809
"BGR",2006,5171.123840832892288925,147.400740442276525205
"BHS",2006,1015.77394436093718895,223.21729668916115116
"BIH",2006,535.968834797191876364,14.562821460687934805
"BLR",2006,42269.355755064847552062,1562.073186808732525831
"BLZ",2006,4281.22685250578839742,335.17107148358047188
"BMU",2006,0.06530198176757812,0.0
"BOL",2006,216345.80960913091138520,19072.65668199269230517
"BRA",2006,2876675.08162328553529517,195582.03660018791788313
"BRB",2006,4.12233459845865929,0.0
"BRN",2006,1013.43765184186144773,52.98927270768745452
"BTN",2006,622.87288308417103319,119.70414765803386564
"BWA",2006,40.10784403647895015,0.50223080338541666
"CAF",2006,57883.22092814145751740,220.30121723838137642
"CAN",2006,2406190.157021754002481516,1278884.708196056379362983
"CHE",2006,2048.797901012851985636,10.57181329947482732
"CHL",2006,91927.750623428622253648,3781.538344296976156726
"CHN",2006,575281.57830473330082398,118617.432586317068911284
"CIV",2006,97775.13565443363130911,123.80021444258491269
"CMR",2006,35986.11750377078383097,107.94949737412178282
"COD",2006,453200.62049448085885545,2568.48448588923613781
"COG",2006,22154.09150988933114709,252.84218700384619995
"COL",2006,189897.90756312457765947,9501.69161348267802980
"COM",2006,12.96365992973578650,0.07540856238335504
"CPV",2006,12.04849426700303744,2.67858787027777764
"CRI",2006,10058.43686792473738365,265.00600522682781648
"CUB",2006,12305.08782211813181345,2555.01295685046163183
"CUW",2006,3.46068136353244358,0.22576840599555122
"CYM",2006,17.95942012771701873,3.05366629317816786
"CYP",2006,58.60322573993272340,10.76543784840277906
"CZE",2006,8616.856700238101576029,14.698353322209202404
"DEU",2006,42651.796634146301128545,126.473380805902793135
"DMA",2006,25.38270162408202849,0.07421804536946615
"DNK",2006,5213.876550236693772819,29.280673380230035772
"DOM",2006,13413.91557011987441094,659.10066686369577798
"DZA",2006,5413.222162190582827610,3201.505976710356305509
"ECU",2006,35646.21232720898475481,2281.58221596997076307
"EGY",2006,38.12591038677083494,9.99252771999674464
"ESP",2006,72718.774859870983615809,23094.260369700165881353
"EST",2006,21731.759375666733952371,622.846434271614946850
"ETH",2006,12075.93886344313539848,21.66273130927463229
"FIN",2006,182294.911558475063089347,4685.266473330452788378
"FJI",2006,1874.41880590527448028,45.28823959248915187
"FRA",2006,55049.529617204817595196,1222.918780581028777204
"GAB",2006,19300.68468506897215617,185.28468838757718058
"GBR",2006,21053.539863007954022433,1644.449054192510878799
"GEO",2006,531.353052568368043145,86.208863766638497425
"GGY",2006,0.3025046286371528,0.0
"GHA",2006,27143.37859625955846040,32.14126650367784511
"GIN",2006,15305.72412626629235362,7.20647798869954435
"GLP",2006,62.26845623001790757,0.88696200159776479
"GMB",2006,6.29441537333767380,0.22471154750162762
"GNB",2006,2018.27363047654819449,0.60301286221842446
"GNQ",2006,1255.53864695602751614,2.53677411882778611
"GRC",2006,7346.146969316643444428,3349.578529354661395123
"GRD",2006,31.53202039361925251,0.90312559122178827
"GTM",2006,52520.63354107216890717,4823.62537500201758526
"GUF",2006,2534.97068972514520171,183.73920967353841143
"GUY",2006,5933.69368542904360006,435.56692224945501001
"HND",2006,41630.56308865333525631,2324.51295148260591095
"HRV",2006,2204.144712903287829251,93.235631232237387819
"HTI",2006,1162.83978557028569483,49.03316394484158542
"HUN",2006,7990.480257655225700412,82.352700094986994674
"IDN",2006,1433147.39408666647682453,99978.89395607253231752
"IMN",2006,52.48895006561196543,8.90522997065972394
"IND",2006,61011.71233784407464228,1577.57449589246701451
"IRL",2006,5248.000798278994965860,101.451225803452691685
"IRN",2006,140.788850764852436569,26.577112388734812873
"IRQ",2006,6.24004359792100698,0.63809678552517364
"ISR",2006,132.22768038062604795,86.18718098084087780
"ITA",2006,8901.385764015777795824,460.041444942189707742
"JAM",2006,2797.68366767782050000,67.45199461480144204
"JEY",2006,0.40537581166232638,0.3040052840625
"JOR",2006,0.78357914156467015,0.78357914156467015
"JPN",2006,38974.648499558244279820,527.703558355672820695
"KAZ",2006,3142.037633790602034164,1139.13153179810634336
"KEN",2006,20656.13108488699607316,140.48518280146706332
"KGZ",2006,110.52548798504561194,63.95064165183160801
"KHM",2006,80560.29779630187660242,2631.02794264121410248
"KNA",2006,20.45444530144856247,0.29426543583224825
"KOR",2006,10149.265026010800518498,376.495485514856937696
"LAO",2006,122639.86070015338211702,407.98923348986327615
"LBN",2006,148.81790494817167749,25.43824045515625111
"LBR",2006,36221.16657439137144715,43.72108344408583026
"LBY",2006,16.30246551179795749,3.37787806918945375
"LCA",2006,98.11695233860834284,1.34478510556640622
"LIE",2006,10.597822658342014024,0.0
"LKA",2006,7730.54973408952119556,84.18222688144069256
"LSO",2006,2.42562026555989595,0.0
"LTU",2006,17449.683565302299896509,171.920942403248749231
"LUX",2006,366.038805020188863881,1.19721070551866322
"LVA",2006,38893.546593491477998015,291.897432725238757310
"MAF",2006,2.63631961086805651,0.0
"MAR",2006,2221.77691956246966755,886.02250465612442822
"MDA",2006,173.201520998140203857,4.453200570635850678
"MDG",2006,71033.96436595273029169,4729.02617383779900530
"MDV",2006,3.90637808132500575,0.0
"MEX",2006,179069.86234706634374952,38747.36645845742825970
"MKD",2006,2042.132596786783866570,36.219310495377602409
"MLI",2006,103.70893658620880031,0.0
"MLT",2006,0.62588531298828134,0.0
"MMR",2006,127463.91298219554042217,3202.70243045520866982
"MNE",2006,175.546173954268642910,16.32120556880642873
"MNG",2006,13249.116107583916976301,9625.138861404747039681
"MOZ",2006,172242.18860220316409074,1257.56021061999580096
"MSR",2006,12.61260458222981717,0.5162816243522137
"MTQ",2006,91.17823278163627306,1.26640709375705304
"MUS",2006,142.48742232737738650,0.0
"MWI",2006,5550.89159952571938963,49.63250546797853087
"MYS",2006,334526.36762211414310979,4366.13698131706479593
"MYT",2006,41.58675273683322876,0.07506290849609376
"NAM",2006,17.48163489914822177,0.94385117867296017
"NCL",2006,2134.53256070192362055,1147.14014639477625385
"NGA",2006,26167.55795023748504334,82.07366609197049654
"NIC",2006,38865.33338487142822767,779.53718941003798403
"NLD",2006,1482.444763974682858226,88.172762698539379426
"NOR",2006,40648.582806699361183204,2830.729727409974180686
"NPL",2006,3255.01002893068925174,581.22138458512283703
"NZL",2006,61671.661691168532057318,1486.446599724544878108
"PAK",2006,1261.46270873597045497,820.71228547215199924
"PAN",2006,34343.17076394142490643,852.87701287625174771
"PER",2006,88903.37225671217781136,7852.93302742426297067
"PHL",2006,57428.23053394605256250,665.52236113863898574
"PLW",2006,34.86713968914604934,1.67881785619086384
"PNG",2006,56388.02131165485868838,1619.25529818076608200
"POL",2006,37680.387082183545708888,241.981094935277594997
"PRI",2006,1242.99838644744470725,9.95593703906792514
"PRK",2006,12578.180796400924622896,2283.08075104877444207
"PRT",2006,42566.662789591719062725,12380.471445060116105717
"PRY",2006,148254.84893566070917112,6323.89252764188362095
"PSE",2006,0.7234155284082031,0.329098492046441
"REU",2006,628.96842887293028267,0.0
"ROU",2006,13066.517945534887543595,93.244926091870666474
"RUS",2006,2233421.040190381819407965,1347824.745804876037226742
"RWA",2006,745.53289974647517259,0.30750297379245340
"SDN",2006,4.15066451376302076,0.0
"SEN",2006,41.24825584623969172,0.22537343335449218
"SGP",2006,56.06806504195131970,0.07691216873813206
"SLB",2006,5068.26650839653289083,79.72831650717637745
"SLE",2006,28525.92839565438569896,9.59195633806749204
"SLV",2006,4604.38954494836913467,150.55228944420194313
"SOM",2006,118.51669685402153361,4.6268527601863944
"SRB",2006,1891.440364297566942994,28.08141774172092204
"SSD",2006,8963.22134416303232727,40.28057410147935712
"SUR",2006,3404.35021551391500571,259.51646153870302314
"SVK",2006,8022.659824348386663414,29.02280480439888286
"SVN",2006,1248.095435345003160656,25.00500774329427234
"SWE",2006,249126.035909422703866238,3836.959807044407881249
"SWZ",2006,9431.19359251215323510,60.01121116532552679
"SXM",2006,2.27071644573025238,0.0
"SYC",2006,0.15181821660373265,0.0
"SYR",2006,280.75155734028424504,156.24989998927059200
"TCA",2006,4.57794586605360251,0.35770524653320310
"TCD",2006,2981.89700906929887588,1.1432372771245659
"TGO",2006,1686.04668558799664197,1.14483191866373711
"THA",2006,99799.77934865634263724,751.61498569702290445
"TJK",2006,19.43307663703342004,7.399181398676214610
"TKM",2006,13.62915282632378693,1.106451602037760446
"TLS",2006,2928.94004943638739372,228.85606195796278143
"TTO",2006,1755.82523587490061077,39.68878809993761181
"TUN",2006,353.797448972482651442,78.964808360486115314
"TUR",2006,25884.765420736267993046,4474.855392211612378401
"TWN",2006,2076.72250226347206805,40.99865984228407301
"TZA",2006,85294.78054405461970713,428.09462212188982053
"UGA",2006,28448.35168037242455072,5.91873339094131467
"UKR",2006,42130.056621223303736747,1951.700679172397161628
"UMI",2006,0.07309477526367188,0.0
"URY",2006,21039.55504514361462748,463.87711405580077828
"USA",2006,2605853.075375097805269189,812375.924177510861028798
"UZB",2006,53.07967528536024934,10.61251052997396006
"VCT",2006,10.49410676333822272,0.0
"VEN",2006,85504.32672710105520865,3975.44992605399229717
"VGB",2006,2.77711908890733538,0.21920320544379342
"VIR",2006,73.80593740280057037,0.9508357074197049
"VNM",2006,78782.15638303355491069,1248.96406243179960880
"VUT",2006,219.12138676982425928,12.57696257170572810
"XAD",2006,4.19551466298611039,0.0
"XKO",2006,519.987044479457292446,26.280759699312010768
"Z01",2006,519.47770250229752549,128.39448298988714529
"Z06",2006,83.85740092705729207,32.2229486573806377
"Z07",2006,5879.24539076959390448,163.94107743022244832
"ZAF",2006,104943.81919914940144786,8298.60837783633899182
"ZMB",2006,40469.49961807163675672,528.29906587600306675
"ZNC",2006,31.78774248882378392,2.01749103036892375
"ZWE",2006,14875.46938120285870662,168.40248417220159346
"AFG",2007,252.841662036967311866,216.479535509405331456
"AGO",2007,145288.22409121505562566,375.10382396410589911
"AIA",2007,8.63554887017035876,0.21955919310329863
"ALA",2007,247.90735156237838507,6.96421264049479148
"ALB",2007,5222.197640269954795455,3423.436700080688008825
"AND",2007,2.16905929217881972,0.05711921649088542
"ARG",2007,425335.867280391061985010,20934.375900684593234830
"ARM",2007,54.536415663485255034,9.893348581675347474
"ATG",2007,37.15782874045681907,3.01397566292100680
"AUS",2007,372723.427915715947598249,232268.514355655515525690
"AUT",2007,31682.394408638382457804,195.07350466896268118
"AZE",2007,507.557225265028308554,59.94210793689886971
"BDI",2007,1861.76371292242160710,0.15367561557929146
"BEL",2007,5984.993208573220463823,41.853395561577692496
"BEN",2007,4644.85870691415767212,6.34050199284939270
"BES",2007,0.66091671439344620,0.0
"BFA",2007,2.86808460587185336,0.0
"BGD",2007,3995.38170608212019789,74.34004207894313922
"BGR",2007,9557.11002425835604576,1886.47289715788419242
"BHS",2007,604.80767160369433378,86.42849503559682463
"BIH",2007,2681.522458507569127631,1223.508988510543998690
"BLR",2007,32656.703206479353271128,535.313726083532988545
"BLZ",2007,12309.86907744027233755,2280.95829625518240297
"BOL",2007,189943.26089638338546389,18034.78745333602218069
"BRA",2007,2621699.45100046243011437,221959.93696007344977121
"BRB",2007,31.62823710090658755,0.14994284128309462
"BRN",2007,1564.83281504783920526,83.89259559887263420
"BTN",2007,508.35788952371422349,67.49469794328558742
"BWA",2007,33.55963859119249232,1.63004023789930543
"CAF",2007,37308.15625985521340763,427.71694670160079388
"CAN",2007,2117899.418224433547526942,1048606.148872111049062086
"CHE",2007,1852.248015221751412195,22.17360079537760687
"CHL",2007,121642.384699871734654078,7654.815862137602362636
"CHN",2007,653049.831540060162646820,54490.486339919860434631
"CIV",2007,90875.75714675845617872,259.56251156648519767
"CMR",2007,45916.51184510483420437,55.16559634183132789
"COD",2007,462776.03638964623535453,4049.08500624555767528
"COG",2007,29764.68775926630477168,495.48526761023792103
"COL",2007,269028.66517822901935783,14889.86074535875210613
"COM",2007,77.72839324684080939,0.67805536861924914
"CPV",2007,1.1835423629242623,0.29477088046223965
"CRI",2007,11464.46280983819642058,428.43150031928385553
"CUB",2007,7873.76079835750002374,1449.23257621167085607
"CUW",2007,4.21289018005696456,0.15050885535481773
"CYM",2007,17.86412730716146092,0.72641323408203126
"CYP",2007,778.23927838075251083,522.4215149050707595
"CZE",2007,21324.551974388821684781,41.367775244188371726
"DEU",2007,93220.690592442465478295,995.908471542469473665
"DMA",2007,40.30000140911838872,0.89062927858289938
"DNK",2007,4381.407303646205786813,29.704993831213107246
"DOM",2007,16059.49897309219382442,1020.54004853353537452
"DZA",2007,5199.636482684374420694,3388.741622468449746614
"ECU",2007,60591.12153159196855798,2447.40830884855709579
"EGY",2007,78.2701398879904656,23.06054769443576452
"ESP",2007,60256.377765210763494099,7030.036656639410646774
"EST",2007,16188.672523832684321043,226.626468917560677016
"ETH",2007,25608.57311327880701054,28.11934243916666800
"FIN",2007,151914.877908359606637572,1648.702694274316476756
"FJI",2007,2148.39321836769624261,77.57006966291994083
"FRA",2007,49246.222930851222642412,1193.650199376950723176
"GAB",2007,16501.47574793807364977,75.21146969744321100
"GBR",2007,31214.713323228102198992,2360.556595379221113263
"GEO",2007,992.446000077695421226,266.739902618660662175
"GHA",2007,40183.87922056411492649,37.18213164114420798
"GIN",2007,33821.27135082504108532,77.42077676722656685
"GLP",2007,158.30311890426703498,1.10899282069498704
"GMB",2007,49.60546797636611161,0.0
"GNB",2007,6044.02762128896022344,5.42760296866536486
"GNQ",2007,3141.60414535595128651,8.07473479893863367
"GRC",2007,46064.152983470899288132,37273.159611390280944290
"GRD",2007,67.81289337326606303,0.30116950457085500
"GTM",2007,126476.15506897732073187,11043.72861809436037552
"GUF",2007,3328.10883444342289158,223.73984491131973547
"GUY",2007,5249.63189160969342174,338.59790335930241360
"HND",2007,42412.83073001497656806,2372.30263736252909394
"HRV",2007,3237.057781407135922644,368.934026258591447724
"HTI",2007,2077.13860400319426420,77.15547821089737410
"HUN",2007,9360.749328910868183965,146.288526146306379875
"IDN",2007,1387620.76708363045938050,216277.87643034386496204
"IMN",2007,60.77676924526044243,16.81998043026475921
"IND",2007,67730.81495968731157807,2211.68468901505860276
"IRL",2007,11688.260499550482505980,1139.400987937076909097
"IRN",2007,131.05927632243490990,17.190033202235243324
"IRQ",2007,10.328544856586371974,1.30457815482747395
"ISR",2007,47.96047012410915705,3.20249402379231776
"ITA",2007,11588.997407248033966540,1875.225141230952233254
"JAM",2007,1269.91525929929814742,18.95178884166775277
"JOR",2007,0.3919256967480469,0.32649349994140628
"JPN",2007,45585.658028455051972458,850.903175632067100296
"KAZ",2007,4605.437639402064684763,1658.313001629940693822
"KEN",2007,26103.03703849441520990,109.73825243598308699
"KGZ",2007,107.371652485162807846,61.032785550499143514
"KHM",2007,77701.67995060871282793,1275.43772477092485662
"KNA",2007,12.28689484910264728,0.14717311423828128
"KOR",2007,8096.768223149307601490,1282.127512856106114444
"LAO",2007,132976.31182366887348181,423.15342786250930419
"LBN",2007,272.96596107955280444,102.34790044194107209
"LBR",2007,44282.15872016472460630,182.08285474524440610
"LBY",2007,4.29091529814561684,1.3652113973404950
"LCA",2007,48.57569600165419024,2.69056394073621948
"LIE",2007,8.43393201663411465,0.0
"LKA",2007,10241.89610896726819761,139.79857009103109172
"LSO",2007,3.01869057673611123,0.0
"LTU",2007,16036.704996491355602487,112.621494214598520454
"LUX",2007,502.232574656069908435,0.24943959112196180
"LVA",2007,36128.752470417226278297,267.387295384177562160
"MAF",2007,2.70954501246744797,0.0
"MAR",2007,2513.07049537886848362,718.30605870628283505
"MDA",2007,236.262822165666251125,17.17970440344183983
"MDG",2007,188580.01678199269244193,6977.87331911023107115
"MDV",2007,6.19346760023498529,0.0
"MEX",2007,218643.14166568833195793,17117.40154004651920873
"MKD",2007,3862.806465321807671379,1773.141499995381500414
"MLI",2007,125.08522385789603349,0.5217175381005859
"MLT",2007,0.81383764453125006,0.0
"MMR",2007,146598.38980402397634928,2740.35512618815755123
"MNE",2007,1051.53855042660376651,451.95856859461568305
"MNG",2007,48081.603562088417269655,46149.829919565030958261
"MOZ",2007,138504.90419819690086536,1047.47963052099152545
"MSR",2007,10.47386602865343004,3.17163481978190151
"MTQ",2007,155.67514304319500624,1.48998072972439243
"MUS",2007,131.71048106381720384,0.0
"MWI",2007,7493.24837273084533243,26.51610319649197052
"MYS",2007,405691.79302861875857069,6595.02508060784439569
"MYT",2007,20.04483602257811762,0.07509898371527778
"NAM",2007,81.17665897174262801,0.21537762190972226
"NCL",2007,975.11347330660308110,293.03877361470249365
"NER",2007,0.07517093559895834,0.0
"NGA",2007,24572.68286832744107752,81.25862353530898312
"NIC",2007,88477.77613624511676747,1651.72417209493519579
"NLD",2007,1646.044963282240178741,23.860966134960936586
"NOR",2007,31841.200331921666694681,795.781325401176173494
"NPL",2007,3465.50226913828282470,436.19257008153322383
"NZL",2007,62643.220216929505055794,1983.201178639294451812
"PAK",2007,1083.75136026066761242,727.76766541276925396
"PAN",2007,20657.62106836026887369,1001.42922527743719444
"PER",2007,115718.08094816576332763,5816.16752145897885045
"PHL",2007,66497.03977655593615502,847.37988289502293892
"PLW",2007,90.71366142321858611,6.48462734873562316
"PNG",2007,49160.77644587482432687,1858.01331281920386737
"POL",2007,57310.550569621388069864,246.506966295661919246
"PRI",2007,1037.45105638170893915,16.03200981444987126
"PRK",2007,13288.32984730668201937,3389.45524681409548784
"PRT",2007,36321.995905753258889376,3344.825534075185241642
"PRY",2007,426191.28654552768387120,24287.63764980984326400
"PSE",2007,1.17988217136935768,0.0
"ROU",2007,38081.765453967402518926,1158.091149713587456158
"RUS",2007,2338922.831556213839753063,1324477.062392079035841152
"RWA",2007,1429.97672936732884231,0.23069119034484864
"SDN",2007,184.920784925921194,0.90199039373806424
"SEN",2007,172.32132610701822284,0.52582347317437069
"SGP",2007,74.44906843084170648,0.76911934852240664
"SLB",2007,5665.38981761837780836,67.32768347236410177
"SLE",2007,21878.47752794345003132,89.97634335967775611
"SLV",2007,2984.30827740898897635,123.66391773447806605
"SMR",2007,0.8922185438650174,0.05573355229166667
"SOM",2007,270.58776249335278538,9.9104776310195224
"SPM",2007,0.21181738055555557,0.0
"SRB",2007,2254.056465011240287998,459.66131974044883328
"SSD",2007,9523.45637468165257326,47.23225961404758515
"SUR",2007,3625.82797748385752047,225.60178857258843741
"SVK",2007,9485.617115487999171649,62.112446796002615280
"SVN",2007,2099.79961836679795694,141.253158735603229615
"SWE",2007,182858.110481367295311094,1941.505857342666589153
"SWZ",2007,6469.37108747375823207,56.60750609145834196
"SXM",2007,5.42039527814453019,0.14650180466254341
"SYR",2007,1577.36214372185115209,1159.477215317160045266
"TCA",2007,73.54047559605250152,7.58164450066840320
"TCD",2007,1001.07737120784428694,0.9831052382438151
"TGO",2007,3179.57811512974391299,1.06678213447536891
"THA",2007,92616.93247653052342249,1010.89228167320070726
"TJK",2007,14.03999339971788252,3.10020195761935786
"TKM",2007,37.8076880504275185,5.85018878666666727
"TLS",2007,1556.12963303396710862,108.06842140947917776
"TTO",2007,1108.58661231665991788,32.45331597684515711
"TUN",2007,878.480331185896022544,286.08242810624569754
"TUR",2007,25344.020942960121341724,4472.463718494069225299
"TWN",2007,1729.67014367837382139,43.05619908245660155
"TZA",2007,121682.54982830888292142,429.55791778696349537
"UGA",2007,36627.10872312990723329,19.06132981026345281
"UKR",2007,64266.591846403690075177,1682.016090108990896725
"URY",2007,21548.92797963647748703,517.22323876793490297
"USA",2007,2435114.855212388635432502,581025.573775552789142481
"UZB",2007,43.11389129414930235,5.43898473732855909
"VCT",2007,23.15694366338270758,0.59976748742567280
"VEN",2007,114340.29575607810455660,10235.34209806966614911
"VGB",2007,6.13866634203776106,0.43850598780707468
"VIR",2007,25.06351792785156487,0.2193877566796875
"VNM",2007,80229.67166916140618803,1274.88843128774259241
"VUT",2007,111.97315672256834853,5.43620629424750449
"XAD",2007,6.73541505858507155,0.0
"XKO",2007,810.67803561799230853,380.40560945842264285
"Z01",2007,219.68537418853081352,45.98805245282335211
"Z06",2007,39.71174394994900458,13.36162922939453522
"Z07",2007,5955.88922718619116650,138.92015984541558513
"ZAF",2007,47105.15703608384663325,2915.69786186545237386
"ZMB",2007,53768.39443020589546331,29.93747951296441118
"ZNC",2007,25.3555316929687578,2.52098109756944452
"ZWE",2007,9295.69900365454495920,73.47229628008572521
"AFG",2008,107.52274130641930628,85.33659371116103517
"AGO",2008,103556.85839188967352932,1002.13061238489240584
"AIA",2008,10.31748855364257853,0.07316097600802951
"ALA",2008,1291.947955334655916626,28.163365087339409523
"ALB",2008,5470.259323013979737816,3225.105305382227224980
"AND",2008,5.2478634872026910,0.057043466796875
"ARG",2008,592718.756614779729008840,29759.241311587714582186
"ARM",2008,113.03153313903212186,5.972441776573350156
"ATG",2008,45.69564378295572299,1.10286967027777788
"AUS",2008,205723.692267143059952711,105539.557258463742929817
"AUT",2008,26909.617545723969481686,405.876181350110741194
"AZE",2008,472.316924148984494465,39.029229770173618905
"BDI",2008,1999.44533270992287513,0.1535469746693251
"BEL",2008,7213.544718469387716219,63.940628612356776258
"BEN",2008,481.55173986338453631,0.45869360451605902
"BES",2008,0.59092155711154517,0.15045208171115451
"BFA",2008,4.75749902189019080,0.0
"BGD",2008,4480.16081560459290099,74.17304434061631286
"BGR",2008,6448.134766977129480796,457.554923406649441782
"BHS",2008,1949.23576147202231756,392.02438878293274250
"BIH",2008,1551.788318214344961944,235.89755542926019893
"BLM",2008,0.1466102862543403,0.0
"BLR",2008,35896.529445455947714461,518.291851918609125620
"BLZ",2008,8283.71293791667441075,589.47543659608070823
"BMU",2008,0.19589676768120662,0.0
"BOL",2008,369893.78274179312550310,31345.51909733146596645
"BRA",2008,2444092.62037510049807444,167136.18064924735010774
"BRB",2008,13.71672659023274881,0.0
"BRN",2008,1299.87383449551537400,61.11484843443929651
"BTN",2008,775.40216834939679642,124.94558581281262139
"BWA",2008,26.06325585573893031,1.13918285079535608
"CAF",2008,31859.90491326849903639,71.12855024631646328
"CAN",2008,1949008.136721165279751728,1064678.547939090818946394
"CHE",2008,2416.675106429398798531,29.06782560846354114
"CHL",2008,123084.551408253000426339,15435.371305764569960708
"CHN",2008,738091.894053394227373741,71868.787480136343948725
"CIV",2008,127583.00663839097049767,91.29056076417670225
"CMR",2008,35140.90827723009571971,70.31276184431423742
"COD",2008,404912.23805370495291657,1687.96795496242784830
"COG",2008,17375.02787250354353290,120.86002320189824109
"COL",2008,231748.07901956597980303,10643.73602731223610612
"COM",2008,34.95359877595323568,0.45178904900390630
"CPV",2008,0.29629073655273442,0.0
"CRI",2008,21890.96048668951204480,865.16005130435667952
"CUB",2008,17083.66458440172919815,1458.67361117141601899
"CUW",2008,5.4925180681391056,0.30107815214355473
"CYM",2008,32.34618677929361761,0.50766711321940106
"CYP",2008,94.79670437978517750,37.98918583414062195
"CZE",2008,16873.305426064699373187,161.172013596006953186
"DEU",2008,61693.490978183900053405,351.796453716733954716
"DMA",2008,93.37368369661084392,0.96502038287489159
"DNK",2008,6060.808106283102272943,30.149836441221787725
"DOM",2008,21612.13359525883978939,1729.16104324671670342
"DZA",2008,7971.157749300108104074,4893.049707090958228968
"ECU",2008,51939.84543173311685885,2102.60971887549278749
"EGY",2008,81.46682983915689237,36.00425042871202759
"ESP",2008,44287.974162119952239530,4646.278823820587913145
"EST",2008,18296.634988720736012705,400.135493019567730295
"ETH",2008,24008.62800586983451988,54.40020778499606843
"FIN",2008,200191.999163051212405051,3135.070390188149688135
"FJI",2008,2387.25711059956875992,40.64890624965929457
"FRA",2008,86955.399925394930873477,1354.842188570087068640
"GAB",2008,17367.16598726378958363,135.38449823688910562
"GBR",2008,12503.932985473376809135,956.746556540512154332
"GEO",2008,745.617969513215868573,204.711902718692432084
"GGY",2008,0.50408935039062504,0.20159792903645834
"GHA",2008,37826.67255468841611907,48.97470115401611573
"GIN",2008,21481.21062405949517413,12.30469655652479541
"GLP",2008,134.85936135622832698,0.36999772869737418
"GMB",2008,297.21283617773449733,0.52425585929741753
"GNB",2008,3248.51267963005199008,2.25891544378417973
"GNQ",2008,4821.44523027302362740,11.45713562951755203
"GRC",2008,21198.266762120263805765,14154.518430483118687744
"GRD",2008,64.18114656382975012,0.75223015962402353
"GTM",2008,77146.55774639717824081,4963.71919473694805420
"GUF",2008,5223.39538207912188257,263.83020852448558309
"GUY",2008,9459.83784549611954237,422.53061291727107694
"HND",2008,43299.34545581152928342,3013.11279310656114342
"HRV",2008,3890.690569055706405353,227.692968419045257161
"HTI",2008,2191.69479805241856474,103.48065390595269477
"HUN",2008,8911.031050297146291971,118.010189178721894741
"IDN",2008,1396246.29842618202163863,59071.52906293013968484
"IND",2008,78640.77739285865837097,2765.06121351151369396
"IRL",2008,6924.228602798259071494,322.360943746894520259
"IRN",2008,374.201338121288928018,83.66397901747177949
"IRQ",2008,17.80291335387803767,0.50728574404947915
"ISR",2008,65.05592308377386598,3.13171730105360270
"ITA",2008,15149.302496407100885310,2532.016787920786037238
"JAM",2008,2026.92094824551838457,35.57651546553928044
"JEY",2008,4.15206704295138932,0.0
"JPN",2008,40838.810029265602991091,710.632173515609818413
"KAZ",2008,4548.577746346255166647,2093.151553271631889615
"KEN",2008,19223.97798268839104295,143.46778544096008570
"KGZ",2008,106.68695432008248397,62.240067698556863756
"KHM",2008,83510.46442518007977490,567.07835795736604824
"KNA",2008,22.80816580664930593,0.73577702136176223
"KOR",2008,14022.464842158624801079,715.817249607498968451
"LAO",2008,80584.03222633800609409,304.82542573142304008
"LBN",2008,393.79677018281909409,121.68407261237429611
"LBR",2008,36172.53767217808618031,21.06402348681966223
"LBY",2008,5.71957711508246676,2.79495295920247424
"LCA",2008,56.11256767193902872,2.91370115021375885
"LIE",2008,8.220267682050781390,0.31576570460937503
"LKA",2008,6499.64210426147960598,49.70023814276937131
"LSO",2008,5.78641284762044337,0.13435282158311632
"LTU",2008,15203.279650843622507036,105.943854066963974666
"LUX",2008,983.528108090982936804,1.59750747545789943
"LVA",2008,29308.397916637077772816,134.094851030614141164
"MAF",2008,2.92932806488389606,0.21970211740234374
"MAR",2008,3409.46599735978424187,1070.27712574972093021
"MDA",2008,135.053631864329433236,10.714865421093750866
"MDG",2008,123502.19400537669930754,4019.96780370967584837
"MDV",2008,6.65292515358968164,0.0
"MEX",2008,184333.94566468259728574,20531.34085450830254442
"MKD",2008,3960.40256133143264622,1163.75559953325106475
"MLI",2008,105.64487599689291409,0.37422696334472657
"MLT",2008,0.9392073522656250,0.1880105450282118
"MMR",2008,119216.56090174641853247,2212.69207880363919474
"MNE",2008,1429.190371314708972780,384.606415501098190775
"MNG",2008,56001.76435971554233920,50952.596663212074962245
"MOZ",2008,204779.84994677825624855,1034.94768571453610872
"MSR",2008,6.56391104961805633,0.29491893966362849
"MTQ",2008,278.12291535140298474,2.45885693366373704
"MUS",2008,188.63573474119682990,0.0
"MWI",2008,9728.04343265250526549,17.08827350617350499
"MYS",2008,368259.83638791397262585,4380.95915182400273428
"MYT",2008,42.79123389549912179,0.30030495684841581
"NAM",2008,33.72920035495768520,2.97264172010091171
"NCL",2008,521.78020264025066972,70.51656830771810291
"NGA",2008,27470.58229318519661580,46.94563064350883597
"NIC",2008,53793.49153875442839119,1338.81921281672333705
"NLD",2008,1150.703209829798459178,42.249914092528199023
"NOR",2008,33815.516683910215836095,1408.781439680043125680
"NPL",2008,2991.81297331052719669,399.30382933818905714
"NZL",2008,61372.307101543211694355,1578.819798264177388008
"OMN",2008,0.0692374569813368,0.0
"PAK",2008,995.03152047170909841,488.83328223106426274
"PAN",2008,39955.71244479957110464,795.06822553023996951
"PER",2008,126648.99882241448510315,5527.83626034083060083
"PHL",2008,38702.77646807087168712,661.08511355895814375
"PLW",2008,64.54485364530816482,2.89877538829671252
"PNG",2008,71045.28710056232340874,1639.20499548783508271
"POL",2008,47940.818657414048780448,311.235886147096350363
"PRI",2008,1215.50516190981530100,12.87625175613172551
"PRK",2008,18782.048483434658897270,5881.03175262489542554
"PRT",2008,33614.779509589257832656,1596.656704981279775351
"PRY",2008,376296.07250598098978137,9848.40702128283635932
"PSE",2008,2.546264557271051,0.6524340947450087
"REU",2008,15.1003562754437915,0.0
"ROU",2008,17535.894726435038121569,185.688861716158878619
"RUS",2008,3047987.664805596271039570,2077044.354265763410241079
"RWA",2008,1100.55371885931989486,0.53810111304029680
"SDN",2008,55.47708850872070451,0.52938731830078128
"SEN",2008,285.26992019948297477,1.87726683889594219
"SGP",2008,35.45650921459620585,0.46147102839992948
"SLB",2008,8171.17203105556572177,113.41814632230008377
"SLE",2008,20924.78507319912844750,222.96721578091339748
"SLV",2008,3324.66179785622324229,91.65209130182671300
"SMR",2008,0.39037321034939243,0.0
"SOM",2008,250.20504744421877825,0.76789265502911040
"SRB",2008,3260.221614775186663105,416.43763657101119112
"SSD",2008,9009.21257953658644615,56.67171351719075169
"SUR",2008,7510.57718588067047220,419.54213262406428070
"SVK",2008,13465.189253886710308616,224.646225400920180856
"SVN",2008,1853.843750556889822185,45.87223350110894295
"SWE",2008,293724.063586128859080837,6676.609070789874815915
"SWZ",2008,4582.32798178305396464,38.52172468661783665
"SXM",2008,1.61125397890299480,0.0
"SYR",2008,834.15774239651478581,462.52400709286937831
"TCA",2008,61.23841442164605382,1.50226557231011303
"TCD",2008,3402.11148471742619158,1.59942356136610253
"TGO",2008,1171.87684886247763320,0.1522140948079427
"THA",2008,80119.75380092702065742,561.40155129307750115
"TJK",2008,32.868210734954429316,5.03399633496744815
"TKM",2008,74.74021833385416056,10.1892250648958357
"TLS",2008,832.80521858500871408,96.59318478280165932
"TTO",2008,1269.89814536695784510,18.00869952022406815
"TUN",2008,718.406462444519865210,284.527154355527048504
"TUR",2008,28891.373876399055932898,8309.155651748576101287
"TWN",2008,2311.26756428610242233,65.63979814965495291
"TZA",2008,164248.22264067853651910,222.60241716339546173
"UGA",2008,36925.97909246150197378,7.37776009421091744
"UKR",2008,53015.602414098139536259,1623.120214911022276044
"URY",2008,23686.82161341360712346,543.58336357272679068
"USA",2008,2213710.039646728660441066,420603.826885598087107896
"UZB",2008,43.52042789555555714,5.80936020758029658
"VCT",2008,41.89964469269749107,0.29995587356282555
"VEN",2008,120585.59490963330476578,4069.75899010735338335
"VGB",2008,7.01528945753363672,0.21919333145073788
"VIR",2008,40.01919435114041081,0.51232916495876741
"VNM",2008,108304.62305329291216767,1063.28357638586215629
"VUT",2008,194.05837125901204358,6.52273456915690184
"XAD",2008,2.79354728482638878,0.0
"XKO",2008,1143.046485289078271175,259.59718898999133507
"Z01",2008,267.02504430468642339,63.08938680958768389
"Z06",2008,59.27043463412325781,31.57522123304036906
"Z07",2008,7044.95273403428933954,170.83815863981557021
"ZAF",2008,81375.56016135116501666,2646.49624666257307021
"ZMB",2008,66101.69643631036181492,168.61659642253377815
"ZNC",2008,40.36793268192272835,11.47860739776475605
"ZWE",2008,5427.48952563396776492,70.26365278600747573
"ABW",2009,0.37579783816460507,0.0
"AFG",2009,70.40549692405382981,50.85467319665364495
"AGO",2009,165903.41087283433235845,350.34024351742680994
"AIA",2009,1.9024675801540801,0.0
"ALA",2009,675.746188019686585810,13.334865317311199040
"ALB",2009,1336.925904509687783194,267.44891633151068296
"AND",2009,2.853299605214844,0.05703379233940973
"ARG",2009,309853.641248659302453377,35652.609992382218325975
"ARM",2009,202.733517452042168319,32.04737289060763760
"ATG",2009,61.53009481933485877,0.73447642279622385
"AUS",2009,203709.600426892257377884,91427.163948744947422627
"AUT",2009,15893.424833940884750233,110.14986362388673494
"AZE",2009,371.834047451176231217,65.003643414754773964
"BDI",2009,882.77601845160241275,0.15361669721055773
"BEL",2009,5176.362958543154787271,47.526279607608511321
"BEN",2009,4920.32502133790909965,1.52712267582058389
"BES",2009,0.95614435155815980,0.0
"BFA",2009,4.53171442904893643,0.15097762836914064
"BGD",2009,5624.76773898496699383,93.23923958524523605
"BGR",2009,6099.585675575222275855,360.455763948339777751
"BHS",2009,823.97196244436356802,148.51165952878910998
"BIH",2009,1296.33477499619906401,178.556338983652133294
"BLR",2009,35542.726699277306736229,1031.213179363650319696
"BLZ",2009,10296.63363073037332182,939.19147225577249532
"BMU",2009,0.45706411255859375,0.0
"BOL",2009,225345.92426266158764583,15886.07119011900701597
"BRA",2009,1817715.11229197713617287,122384.16156104890435097
"BRB",2009,13.26493627910753091,0.14982451955512155
"BRN",2009,2169.39725017146493602,202.12419911508955137
"BTN",2009,1175.39090584560222124,148.19903746417859637
"BWA",2009,41.32463148358724224,1.004998669435764
"CAF",2009,48252.90322140529014041,340.68080020223484829
"CAN",2009,1550370.861128693900911324,772870.320567699419996991
"CHE",2009,2273.222130563819366785,12.103603051243489076
"CHL",2009,88558.755040253394576778,9348.662528588495860381
"CHN",2009,599709.961067231945290840,59943.528495428355900935
"CIV",2009,108886.89487057907632438,146.35648769437554511
"CMR",2009,36072.01143842584189409,50.63628801429551789
"COD",2009,635435.95837221810594257,3230.42126078547895550
"COG",2009,19073.23680416829494127,175.91933095053636334
"COL",2009,237718.05220455571772081,8517.95425795661004721
"COM",2009,112.20632873138346814,0.75284942715711808
"CPV",2009,15.9143745273133678,0.7435398283930121
"CRI",2009,22427.42860713505767192,783.66062518593697614
"CUB",2009,16259.82941949967848577,2129.47609741604312305
"CUW",2009,4.66494984662977449,0.22561969726779513
"CYM",2009,29.88331568068250144,0.0
"CYP",2009,56.43821076921440546,13.76051643283637047
"CZE",2009,13515.576022752503191087,14.688880680540364984
"DEU",2009,28761.774966250398301066,170.210980664954446763
"DMA",2009,73.78040032252820952,0.66785987237250434
"DNK",2009,6645.678949661105775393,86.598110276588568941
"DOM",2009,13966.76962716509163651,591.64030816948897857
"DZA",2009,10465.784346599586523449,6236.429749836495457778
"ECU",2009,57714.19494844510610114,2787.08460574915047713
"EGY",2009,59.56834375042102163,10.97429643683919344
"ESP",2009,67544.719358624141594735,12963.005831175097690943
"EST",2009,18822.906190684426687169,211.802969040583907047
"ETH",2009,29279.02030635406887959,38.30009164441623391
"FIN",2009,176320.215504527947195610,2159.866701426269693873
"FJI",2009,1790.73982408515172883,40.85838793381186324
"FRA",2009,67053.599175993195670509,1382.878726926825376519
"GAB",2009,18252.22194231392299906,107.28851908324407743
"GBR",2009,37716.595439108323707142,2758.202613774193268088
"GEO",2009,448.366380858064265146,125.20868111936193327
"GGY",2009,1.61227687947482643,0.30233691241319444
"GHA",2009,38255.04160522494697901,52.97459348974257112
"GIN",2009,23388.00516893765921056,16.39720368979709250
"GLP",2009,118.32368389433318512,3.76743547356716606
"GMB",2009,8.99177808664387982,0.0749485565592448
"GNB",2009,7963.97350442810621574,3.77068470278320324
"GNQ",2009,5684.84463050666361349,11.07148600368082650
"GRC",2009,6564.564916578891442980,2078.566672458755973124
"GRD",2009,93.76963414145562089,1.3541294300922309
"GTM",2009,86979.73799104488110459,8088.57140285228256229
"GUF",2009,2861.95399668145458269,237.71323398014426877
"GUY",2009,8267.02679704091721922,487.74457297166505151
"HND",2009,51514.57410180925176807,2949.53331593319799629
"HRV",2009,2902.369022177135491206,157.435101853235634076
"HTI",2009,2464.67131535087098228,54.64289698857205442
"HUN",2009,10070.571040471749367337,76.492060035338562816
"IDN",2009,1944957.34422383990367527,129811.16994674201350950
"IMN",2009,94.2372747002300371,16.69665780757812709
"IND",2009,74155.04325193387006300,2554.01793293673274381
"IRL",2009,7223.571355850972824027,150.245674679062511236
"IRN",2009,191.287619243028413281,63.31608218370225971
"IRQ",2009,15.79663199298068902,0.62533004961154508
"ISR",2009,93.09575980332140291,10.04139338339409878
"ITA",2009,14791.634903580433708659,1046.739881467675948762
"JAM",2009,3538.28177720722563197,43.70645328038194598
"JEY",2009,2.53087140453559047,0.50614684219618058
"JPN",2009,40894.679061990597087369,630.404947814719029082
"KAZ",2009,6432.647497601034703643,1769.982906338120189501
"KEN",2009,17696.35663009880698382,62.82355351884726867
"KGZ",2009,200.92763630408206528,109.47316164796225499
"KHM",2009,121049.90351465439593957,3170.76662536590257356
"KNA",2009,33.76806495034938975,1.32440451371093745
"KOR",2009,16415.967695270472013034,2331.146185267046300575
"LAO",2009,145558.83065858630399992,296.95476695706978212
"LBN",2009,340.44679870227222850,42.19486486007813132
"LBR",2009,75136.04782429279964196,293.32471653506402742
"LBY",2009,5.52310519517795254,2.9900562417838543
"LCA",2009,54.92288419986437110,2.09168524111979198
"LIE",2009,4.21445921202690965,0.0
"LKA",2009,13974.00786134740324510,288.37759383303302851
"LSO",2009,4.28770221745659693,0.26803664158528647
"LTU",2009,14407.674063985241174830,40.455142702363282464
"LUX",2009,216.400108913355060064,0.59892051083333336
"LVA",2009,34916.182233482722081319,101.236098256688364503
"MAF",2009,0.65909474755859373,0.0
"MAR",2009,1197.39758728637489216,405.60463173233289838
"MDA",2009,187.712269190859386115,10.750102009544272224
"MDG",2009,136536.84638276398780538,5138.65994982834322915
"MDV",2009,5.12517064116394087,0.0
"MEX",2009,281120.23038416320468682,40934.16794704736085759
"MKD",2009,4300.855167790768272406,717.658115138099329846
"MLI",2009,157.69520958571185844,0.0
"MLT",2009,1.56450450268880215,0.12533668021701388
"MMR",2009,216305.72023118498465703,4183.77054164364212521
"MNE",2009,565.169934177639103006,62.77661526529727720
"MNG",2009,81792.048433338352875428,79828.156592727732736348
"MOZ",2009,217510.17473348185327967,1242.63611313882612266
"MSR",2009,4.86755067192165824,0.4425937887575955
"MTQ",2009,199.24540572888512545,2.90595568829589854
"MUS",2009,241.85718060652215842,0.0
"MWI",2009,4034.53313322777128580,20.37040004701443461
"MYS",2009,623092.73742779254727426,11785.37181234077120966
"MYT",2009,5.70466428454752669,0.0
"NAM",2009,86.03695499177298600,1.45099092883897596
"NCL",2009,975.86237901427272420,79.90935309107205077
"NGA",2009,25289.74205926540477899,42.15934328142551112
"NIC",2009,83078.34813957359330234,1356.65462353544568342
"NLD",2009,1559.085973292391454607,90.58960805140412144
"NOR",2009,23316.629292362765235272,879.212981925773943324
"NPL",2009,5524.06959076128353645,1330.76337310646033076
"NZL",2009,59613.747039241615327384,1090.628087947743115666
"PAK",2009,878.93167556915228474,575.17610831548079432
"PAN",2009,37043.23733850633505816,995.42183049323463500
"PER",2009,177910.88670441331371638,7217.77085287338390465
"PHL",2009,60889.77551774325983677,675.43826111577799423
"PLW",2009,30.21298275067409808,1.37331447241210947
"PNG",2009,49210.51683239729042238,1499.81749293884753386
"POL",2009,46925.505842480268544757,202.368317895690091280
"PRI",2009,952.68119189527354923,7.46065573721028721
"PRK",2009,13112.960358927706804525,4578.199729268407091074
"PRT",2009,39860.010519727124472415,5597.364282367016543674
"PRY",2009,353171.61197115321769188,9109.06787005515437045
"PSE",2009,1.24483022400173611,0.45672621003472220
"REU",2009,187.25891074539276209,0.0
"ROU",2009,16176.936127330880740014,187.690472520308199815
"RUS",2009,2111642.467869683108520196,1145562.358405830334134472
"RWA",2009,1381.96545714518677698,0.23064945639316137
"SAU",2009,0.0,0.0
"SDN",2009,81.320707543633344,0.75436814043402785
"SEN",2009,160.87326793595802857,1.12614539597819010
"SGP",2009,176.97040242736022917,1.92276617378655340
"SLB",2009,6034.53830722379867402,63.50748095940050234
"SLE",2009,30546.33283240488431998,66.96273068142524224
"SLV",2009,4283.93129924267398622,159.49768229954320628
"SMR",2009,0.11155956986111112,0.0
"SOM",2009,307.11474573678554286,4.6147267187105740
"SRB",2009,2507.239255766927040882,42.82233602195312667
"SSD",2009,8057.62590222419549954,77.76544160782009314
"SUR",2009,7362.01559098901411270,878.23617148062649203
"SVK",2009,11237.721272305374789449,37.818933804405372290
"SVN",2009,1948.166792503223013987,7.03605416449435792
"SWE",2009,208258.232409843807478894,2046.655662888498018574
"SWZ",2009,10654.13566010310964834,792.42370196055326790
"SXM",2009,2.9297104382269969,0.1465016017534722
"SYC",2009,0.15181999224012588,0.0
"SYR",2009,130.90677743737845506,28.24598856733939466
"TCA",2009,105.59492121393666051,32.0485275316048228
"TCD",2009,1065.52305455016932273,0.45436181760009769
"TGO",2009,5576.07870535965287768,3.35446131648654535
"THA",2009,132624.66713187088867379,828.37446432341602801
"TJK",2009,34.041026136148007255,5.975044722873264191
"TKM",2009,12.98584265088541583,1.58686260164062500
"TLS",2009,2633.88800827095055694,113.65236512658963634
"TTO",2009,1377.15590209895885885,33.32662627908311674
"TUN",2009,982.064405201579446566,248.564461584899974572
"TUR",2009,28108.253609552100817166,4690.819464973699682990
"TWN",2009,8161.88753906368723978,542.01583466609092110
"TZA",2009,143354.23006870693331703,365.08443261675385735
"UGA",2009,23294.15386154924696531,7.30121472524021586
"UKR",2009,48322.369760866101328168,3968.151829284254243694
"UMI",2009,0.07309467170789931,0.0
"URY",2009,19312.09135902013347206,679.54767599299378890
"USA",2009,1608982.101824487995166895,226335.115276236915416266
"UZB",2009,96.40260708689238616,10.008729780724826594
"VCT",2009,29.89848461060601165,0.44957287800944013
"VEN",2009,142452.61954838652786960,4924.47685476438731287
"VGB",2009,5.1886632473578563,0.14614994140299479
"VIR",2009,86.32896580820417747,1.0265543769954427
"VNM",2009,137761.45216278405042697,1135.64920096658588873
"VUT",2009,1096.26694562590207298,2.21337196601508255
"XAD",2009,5.97357121018229263,0.0
"XKO",2009,777.011211874882122175,37.57487976293620180
"Z01",2009,249.09998161956921947,67.21468411288519520
"Z06",2009,41.83301670909179696,23.15111191706814772
"Z07",2009,4798.78355845538332756,263.62509828335373213
"ZAF",2009,67278.57924489356071894,4319.72851528679114747
"ZMB",2009,117625.71101632685973267,208.82149427537670031
"ZNC",2009,42.26215739027777741,8.19890139671440925
"ZWE",2009,19396.00279665278128028,564.74320753439753452
"AFG",2010,87.72845280641601000,76.56939632844618100
"AGO",2010,159799.61957383319572574,302.25818715294486978
"AIA",2010,0.43901786148111987,0.0
"ALA",2010,633.778946004889167484,4.24216724410807320
"ALB",2010,653.072489159437964190,80.67680081378255653
"AND",2010,1.08372213858072927,0.0
"ARG",2010,413246.020456575547558456,25833.672095649729726673
"ARM",2010,162.172624326069918900,23.77609196983072839
"ATF",2010,6.33406908907010167,0.0
"ATG",2010,19.13647801196397852,0.51421713477430555
"AUS",2010,290725.257448105300953930,206123.471133055609257855
"AUT",2010,16723.601217075464198481,148.996819212523887300
"AZE",2010,549.600088443598102041,101.493213815594598185
"BDI",2010,1904.58793084704838599,0.23036030137817384
"BEL",2010,10908.972083185391436755,115.154070179459638425
"BEN",2010,529.23882175629529236,0.53443472717122399
"BES",2010,2.42248729275716160,0.44053183088650178
"BFA",2010,6.88171021297254725,0.0
"BGD",2010,4667.73180246455833177,116.41520705059569751
"BGR",2010,3569.147813181132128099,70.11845884200303905
"BHS",2010,400.64399277914798323,19.70997107481228045
"BIH",2010,910.63770566116941162,33.85659912156683989
"BLM",2010,0.29320283725368925,0.0
"BLR",2010,35754.015338931277155361,971.559021697202558966
"BLZ",2010,9840.02410178305133228,1048.50207651669630323
"BMU",2010,0.9141074805826824,0.0
"BOL",2010,451722.28809285636947029,107701.48652435149163556
"BRA",2010,2688727.17333379180414681,319700.14984646776139547
"BRB",2010,17.46198449290961387,0.29993425453125
"BRN",2010,966.98652007059927073,77.37653486189941774
"BTN",2010,4353.62165380082487093,747.56706134887588305
"BWA",2010,30.49984232319230418,0.21980566892686631
"CAF",2010,48554.22427972521938860,233.40744459356526250
"CAN",2010,2104877.373032779380776442,1295714.366758742464722731
"CHE",2010,1737.893332090723011484,10.687810305891927216
"CHL",2010,91495.169299999609764095,7874.089498365729422019
"CHN",2010,627855.249393610584936176,62152.767034158286609536
"CIV",2010,92519.11688145562778248,219.41354355309002649
"CMR",2010,57992.24950438598139745,100.23224613787679278
"COD",2010,811874.30926027038110788,4508.30314368452238472
"COG",2010,44665.23340456933932671,1033.28520857099285085
"COL",2010,196988.46894622410489196,9328.53206588134852530
"COM",2010,92.29998245941791120,2.26167790775173632
"CPV",2010,1.784332851374783,0.0
"CRI",2010,13178.47846945093402428,347.74054968886831628
"CUB",2010,8608.08925523647953269,744.15683232862257559
"CUW",2010,1.7298512752289498,0.07518929695963542
"CYM",2010,39.79336772254449409,0.29010584639756945
"CYP",2010,63.95480701526042032,10.90616935518880297
"CZE",2010,15439.062418746111841740,34.703044078192277764
"DEU",2010,75677.771276064893622875,363.212014300848675608
"DMA",2010,92.12036731055664162,0.74229607942762588
"DNK",2010,4427.852454244860337798,33.67058937217013887
"DOM",2010,14102.96760814833941637,720.13216452087898971
"DZA",2010,2605.190028429643830411,1057.707945741798929275
"ECU",2010,33821.80753423951841484,1510.76684420475975520
"EGY",2010,98.18230588488713965,10.74835838352756041
"ESP",2010,56093.482860562857115055,8303.953720961834926163
"EST",2010,21496.500296268591351449,116.004683591827258975
"ETH",2010,20184.15651780206207946,37.19693620980252180
"FIN",2010,167507.246899118614290943,2408.805289891761876620
"FJI",2010,2346.76431816514497407,64.75793877270943659
"FRA",2010,143265.159512224107937015,3041.590746164339599844
"FSM",2010,76.66233752435867192,0.0
"GAB",2010,10674.18385778185893416,56.97812417056336480
"GBR",2010,28469.662214221244230588,1725.633360526017813111
"GEO",2010,818.591827355069226076,62.094629701499571143
"GGY",2010,0.30234806429687503,0.10070846000868056
"GHA",2010,19475.57203249479494555,16.28803071961290216
"GIN",2010,16045.58986952979560495,19.23775478605902847
"GLP",2010,127.38589694605089723,1.40564436082682294
"GMB",2010,23.82726273591525677,0.0
"GNB",2010,4900.40665550617380202,1.05601090195421020
"GNQ",2010,6593.01923800626891915,39.41032535948959549
"GRC",2010,7787.965613519712921244,3142.99579722680088103
"GRD",2010,159.55607142810929209,2.10725560876193578
"GTM",2010,59533.01608183923118083,5851.70999229026828723
"GUF",2010,3205.55823287235306494,186.37532592338639902
"GUY",2010,10098.65664677590513505,998.62361686523548752
"HND",2010,46084.66044552572513320,1934.46798324561032821
"HRV",2010,3499.302748433106458420,150.36059810119977804
"HTI",2010,2084.36117709579536826,56.87315097641601652
"HUN",2010,11258.434315584297425226,178.223978846017782059
"IDN",2010,1279328.21254292780793504,74384.03545299623043465
"IMN",2010,99.91279284703995037,9.35625438423611123
"IND",2010,47441.78702203464283902,1658.57966554752960962
"IRL",2010,3852.554952158452233251,262.183283559609402874
"IRN",2010,195.790067607864592455,35.946575761897785916
"IRQ",2010,13.41544111886067663,1.71324893437282997
"ISR",2010,89.07957604945634127,25.53623850945966361
"ITA",2010,15804.290976566658121021,588.320135410069620941
"JAM",2010,2364.94806674978278379,55.56986288783746046
"JEY",2010,14.68084471052517389,3.44169824812934026
"JOR",2010,0.06530639208333333,0.0
"JPN",2010,35745.198207914992412315,835.625933094171058856
"KAZ",2010,3108.915856366748645628,481.710399484470208999
"KEN",2010,22692.39459009970280457,117.65589475224626398
"KGZ",2010,260.97381578618719959,97.506289013910645475
"KHM",2010,237974.54154735159987144,3018.11944250956918089
"KNA",2010,18.53841190994900216,0.80952990427408858
"KOR",2010,14429.425148731962155025,581.441286013856189259
"LAO",2010,167098.12850039858261070,372.67439383939797869
"LBN",2010,115.18064020309354549,14.22414122268446119
"LBR",2010,20357.58946819765542265,42.85550032750298272
"LBY",2010,9.41428543328124805,3.11671165271918472
"LCA",2010,99.84201267662543810,2.76487105976779528
"LIE",2010,2.791921383331163305,0.0
"LKA",2010,7230.90870553151462900,81.90378384655626557
"LSO",2010,3.77271354007812535,0.0
"LTU",2010,21666.847444003402754012,171.236128741948779045
"LUX",2010,880.534569287686480952,2.59735716307508688
"LVA",2010,48507.194290839010273403,273.853321434305546796
"MAF",2010,0.51261701515190971,0.0
"MAR",2010,988.07706697948139114,209.24178468318900195
"MDA",2010,176.751080897191855820,18.496048870397136914
"MDG",2010,107218.89158343021478234,7886.60842134767035491
"MDV",2010,3.13572614566270648,0.0
"MEX",2010,166828.96182979238227078,14545.67499444810979136
"MKD",2010,2223.157002075692171745,74.31493031392579214
"MLI",2010,53.89056148901909953,0.22456469362684464
"MLT",2010,0.62600223333333344,0.18772941663628473
"MMR",2010,169912.75555434641126328,4159.13750951474519612
"MNE",2010,210.939333957269974514,22.900648584772142356
"MNG",2010,8764.254044617303552612,7112.501321389674516232
"MOZ",2010,194550.08290452731028389,1824.59946964688404459
"MSR",2010,109.30204099190008077,5.08905203362955676
"MTQ",2010,75.36671357431857440,0.74458614539930563
"MUS",2010,23.2674688370366752,0.0
"MWI",2010,3991.28771981746220836,5.31104064497558637
"MYS",2010,430950.69572097713252268,7834.10459877060507489
"MYT",2010,31.90512951202637132,0.22519150938585070
"NAM",2010,27.11246887378472505,0.0
"NCL",2010,550.42164223682080948,102.45507992132384574
"NGA",2010,32782.06424321336174182,53.17727515181803206
"NIC",2010,212481.73737195537993327,2061.33326172799219499
"NLD",2010,3403.389896823354024132,256.488981667324287085
"NOR",2010,40129.062843860965908924,1075.390183116931530824
"NPL",2010,2347.69860064375727546,312.01121043385635824
"NZL",2010,56121.872153315341758447,868.990924640110911174
"PAK",2010,690.44019563410858181,464.85609960979749455
"PAN",2010,15435.48606452405551251,408.34665975093888308
"PER",2010,142293.83821602925637253,8793.87180996786380816
"PHL",2010,102649.42944981858642059,1049.92841322650643272
"PLW",2010,32.72961263830593632,1.22055547725016279
"PNG",2010,68760.73607329275220079,2122.99070933107968168
"POL",2010,71834.941534492136950874,682.383054660555545486
"PRI",2010,595.27982619751292838,5.19445726717230954
"PRK",2010,19015.050124400381497289,3911.02421214801308662
"PRT",2010,48400.980641582935771864,10826.605755775297678624
"PRY",2010,442278.15617231067005575,11068.31764609534436825
"PSE",2010,1.31065981177951393,0.39398167148980033
"REU",2010,223.43873798592113048,0.0
"ROU",2010,17781.761807456224316013,221.716191005670594084
"RUS",2010,1859545.506051194407517991,811417.375288170100687565
"RWA",2010,2450.38372834136251485,1.15311757211412219
"SDN",2010,41.83875764753961515,0.9070152110259331
"SEN",2010,153.82539324719939907,0.14985950947048612
"SGP",2010,43.91568924047403782,0.38455507987277562
"SLB",2010,6418.09400273932689058,73.76979936485677402
"SLE",2010,8782.21451403749880086,22.99793961825900657
"SLV",2010,2873.01788869238362645,91.84520683320747013
"SOM",2010,139.64642920485095652,1.06341738999155053
"SRB",2010,2461.868685246808007196,94.17716253595269052
"SSD",2010,3879.41041022562913292,9.69270228892686882
"SUR",2010,6999.86100801242921531,594.20836231220605137
"SVK",2010,17100.061087965208245894,227.364481960553370135
"SVN",2010,1428.89069783749100750,11.53206368379123371
"SWE",2010,263646.267450858396100559,3491.208269772391830965
"SWZ",2010,6660.40843081088246871,98.73756784424061130
"SXM",2010,0.21973067132703994,0.0
"SYR",2010,240.53296655365077058,133.10954673760016189
"TCA",2010,38.41868880473635854,1.64499152058485247
"TCD",2010,254.65247386251077131,0.15113736236924913
"TGO",2010,511.50600790212038390,0.30530585254096139
"THA",2010,134876.16006956396200342,1018.57222018219580165
"TJK",2010,10.857889648209634825,2.25201329325086836
"TKM",2010,8.873221635605467519,1.726845950028211904
"TLS",2010,648.85888865572926102,36.48016815119411790
"TTO",2010,3406.83339102134249627,200.59860844213598020
"TUN",2010,398.473425612897003674,129.288543358639308998
"TUR",2010,17007.965143317401273724,1096.530238282361200044
"TWN",2010,2459.82198896150935851,79.32349624044270726
"TZA",2010,138482.22438363846411861,505.97823606774091151
"UGA",2010,34149.34219171544747117,6.99438017570214140
"UKR",2010,52440.798762545441243928,1645.044663625853076310
"URY",2010,17840.59921595419216619,194.82383824041234608
"USA",2010,2167603.379629433833689468,566320.748015968347319439
"UZB",2010,31.92424279353515850,11.41514477549045576
"VCT",2010,65.79194186812827727,0.67459108043131511
"VEN",2010,101296.61768571619067559,14838.66642007203703152
"VGB",2010,3.9462251163910592,0.21920305720703126
"VIR",2010,21.34495411414280344,0.21961213223090278
"VNM",2010,174282.13865956957824482,2604.20259661555243762
"VUT",2010,307.62891165359855661,17.86888050552734537
"XAD",2010,0.2542266705729167,0.0
"XKO",2010,468.277228589372780086,14.72260989145834026
"Z01",2010,288.22115307276294497,88.74568882795256477
"Z06",2010,29.78066257459744380,11.83896754671441013
"Z07",2010,3587.30976732134606664,136.23165668041666299
"ZAF",2010,61758.75100797883584313,6237.56116217774093351
"ZMB",2010,172815.84048673649128473,221.94813647429355912
"ZNC",2010,19.5468466247743056,0.63023666368923611
"ZWE",2010,6628.36732197769751433,39.72577627824977828
"AFG",2011,113.07815802064234410,97.740835952634529645
"AGO",2011,182909.71748731808870492,189.73567746581382071
"AIA",2011,1.024562784061415,0.0
"ALA",2011,465.82244312337659370,5.12787133955946199
"ALB",2011,1186.34586433436545492,612.10436581283844124
"AND",2011,0.9132576060937500,0.17112095159505208
"ARG",2011,499194.743753613774778060,29722.844210778061173112
"ARM",2011,173.98857449857666911,15.08790361398437672
"ATG",2011,25.83647597351996459,0.58878116304470494
"AUS",2011,121316.133871790854497269,33920.923743983419727234
"AUT",2011,18099.219092144624954539,111.630057759342458935
"AZE",2011,147.45568862606337448,20.09009019754123468
"BDI",2011,960.58653051645967827,0.0
"BEL",2011,5016.268618971314793022,52.009575332391490766
"BEN",2011,654.66752562132719126,2.97717327399685332
"BES",2011,8.80900175149956571,0.29382341945529516
"BFA",2011,14.94099409663194515,0.0
"BGD",2011,4181.08103221040696714,58.27137796896376178
"BGR",2011,3331.690642235093652029,67.73221113619792220
"BHS",2011,624.79385251944285512,285.23355772448345017
"BIH",2011,970.559919871792788065,174.90499014679036331
"BLR",2011,45366.687411265884900728,859.721825241423440338
"BLZ",2011,26391.39511643060888170,6316.53227425114298526
"BMU",2011,0.13045129684678822,0.0
"BOL",2011,330357.77966159648615353,57143.96216513145180217
"BRA",2011,1923161.10231732702434816,180682.63723880784506246
"BRB",2011,18.13697372804144965,0.07493821929199218
"BRN",2011,2620.36323487654631513,138.34134279408067454
"BTN",2011,1090.92441559792112164,127.46133399693577046
"BWA",2011,21.43335792786567022,0.28653336696180557
"CAF",2011,49140.23137842113528311,474.21869993360315911
"CAN",2011,2160701.475889080361874019,1379230.674621349757346583
"CHE",2011,1939.485960367560835533,42.43822589603508211
"CHL",2011,99323.348547752538716810,7461.451749396406659307
"CHN",2011,598619.820248600567928685,42898.763689918006830199
"CIV",2011,124736.39439490923374258,86.56945760174967890
"CMR",2011,27651.74549966779167438,45.74782515155341526
"COD",2011,429465.03134152435407374,4118.90026327988821510
"COG",2011,28374.42118448140396163,503.85163004745568784
"COL",2011,189801.62296273355361165,9107.22376644198519412
"COM",2011,122.61209920006570329,0.45186125316514757
"CPV",2011,32.81888692471897145,1.18996018440429696
"CRI",2011,10504.41312028085928382,279.99150672185656543
"CUB",2011,16312.75170921029173546,1768.67932580451000762
"CUW",2011,1.35466196401150193,0.3010448862706163
"CYM",2011,39.77471242454965523,0.0
"CYP",2011,118.52639279954849947,35.09351115577255347
"CZE",2011,21855.307692510295267472,54.944373121399744805
"DEU",2011,34271.129427534757646964,268.245883531037450125
"DMA",2011,44.46318314962891283,0.59357366119086373
"DNK",2011,3132.382286943073350383,10.69780494131727485
"DOM",2011,12960.42199431122626675,536.77747246477432894
"DZA",2011,8342.413256205622854860,4144.267770958597935110
"ECU",2011,43672.17902867031470619,1894.14813920403729466
"EGY",2011,102.62333657771158523,25.63737713074110189
"ESP",2011,39325.332835066088196912,4590.956141791510331563
"EST",2011,27198.968997114763898650,90.495756499092891917
"ETH",2011,15462.73447562598292700,34.71560226006781532
"FIN",2011,159354.736701801570227282,2687.502751485879367655
"FJI",2011,552.80239266247400690,4.91252393287000890
"FRA",2011,64074.316863003191203265,1127.449088123786718336
"GAB",2011,18160.57828669729520710,154.86520356971358921
"GBR",2011,22663.311288844024223420,1164.235169051629949296
"GEO",2011,539.714363789644277443,167.76412729634559379
"GGY",2011,1.00841802322048616,0.0
"GHA",2011,36202.53044529227515733,25.25159017977105154
"GIN",2011,27637.96099240007960324,11.22101891791639553
"GLP",2011,73.90693008629068138,2.14576221415635858
"GMB",2011,30.42262699523003599,0.0
"GNB",2011,4283.91116133350390250,1.13073080358344203
"GNQ",2011,7706.21072880645037991,17.45108333918931858
"GRC",2011,6200.518803332725523816,2219.194717951007435664
"GRD",2011,40.18600682174642510,0.22575763924207903
"GTM",2011,40533.52696451432781156,3730.84109444584415990
"GUF",2011,2708.79684456342447364,138.23781457820881716
"GUY",2011,8363.06474658662528719,303.39551553069157344
"HND",2011,52571.18021117537583770,2997.86053559302007766
"HRV",2011,2918.689847771727308364,307.693273278012132651
"HTI",2011,2564.21003283122834445,46.72219684237630782
"HUN",2011,8224.643797565829486965,38.59577586588541711
"IDN",2011,1543627.69393461466307446,73117.80834925281039713
"IMN",2011,24.07892277016058785,3.99636512042100736
"IND",2011,83414.64797967517669998,2280.81451505671922571
"IRL",2011,3100.672678619546044177,86.606925105475280471
"IRN",2011,238.912150146539720545,79.78558184893122691
"IRQ",2011,3.2901355319466144,0.06204289095703125
"ISR",2011,1065.39235168479848978,476.33601908016648898
"ITA",2011,11446.736538361145811221,1048.040617170389449347
"JAM",2011,2385.22242001276528147,32.21573770248697897
"JEY",2011,6.37744455104600825,0.30363612606770835
"JPN",2011,35955.324513467456528052,917.048417990710562775
"KAZ",2011,4852.338242946110714821,678.706789561870784535
"KEN",2011,17299.60328900261199479,48.83200578058779800
"KGZ",2011,111.98228054723522323,52.76343602511283812
"KHM",2011,192184.63190642584323424,876.69313395368972910
"KNA",2011,12.35880575685546973,0.0735299273578559
"KOR",2011,11718.737801808671230242,959.759685525611721549
"LAO",2011,130901.87859200894517421,405.36405937691516552
"LBN",2011,139.40904701794488648,10.81875948905381757
"LBR",2011,34444.33601962112725908,67.98829978755344292
"LBY",2011,9.48761119699110344,2.85832515704427128
"LCA",2011,61.57842812023437865,1.34506989353298623
"LIE",2011,1.63250432755425360,0.0
"LKA",2011,14736.92232562383764356,130.34407836996528382
"LSO",2011,3.35407854460611990,0.13423824353081598
"LTU",2011,21735.110301129267013374,79.655384331102455280
"LUX",2011,447.808671521241307054,0.847091416412760429
"LVA",2011,44737.519041134721695325,154.158772741154504338
"MAF",2011,9.52015504183268028,0.29293147983940972
"MAR",2011,3392.46173780098505155,1192.80689650899760932
"MDA",2011,186.864096512226598255,16.061612545175778155
"MDG",2011,162323.34108831308848908,5816.74646760465828436
"MDV",2011,10.56215889121843193,0.0
"MEX",2011,186827.66836103899510806,34437.79989476485513161
"MKD",2011,2156.63267669626707591,113.712336825128046054
"MLI",2011,165.78566284810276602,0.22552043943901912
"MLT",2011,1.4388258726866320,0.5003040762456598
"MMR",2011,135716.94086101886381403,2160.71025794573682895
"MNE",2011,494.315599968311492827,110.05018022093538195
"MNG",2011,3550.509212361450524801,2562.746201065994308177
"MOZ",2011,150252.54249274194718020,844.36577020924731006
"MSR",2011,6.34311255002821246,0.0
"MTQ",2011,152.99273973812338074,1.86213600866319461
"MUS",2011,487.31949644179051018,0.0
"MWI",2011,8270.34781796929257389,14.53197272412218166
"MYS",2011,463150.19134596557503836,5731.80759703883114697
"MYT",2011,2.32729751365668387,0.0
"NAM",2011,70.90416643323242963,0.36210463977539061
"NCL",2011,709.15686589401253325,97.49739894190755793
"NGA",2011,53891.41223592471693429,46.36795435445963927
"NIC",2011,43279.93105930323864297,631.36447767476947184
"NLD",2011,1155.291880511294735750,85.426927626111043701
"NOR",2011,32768.919544238582842788,769.679427619136244908
"NPL",2011,2816.45996995608692606,257.96070944134982573
"NZL",2011,59944.526162540216018081,756.646446988743437908
"PAK",2011,449.89019962438144560,284.58613068175998857
"PAN",2011,23130.61003364793917307,465.15581415278433090
"PER",2011,125253.51748516457941176,7090.23435615790845439
"PHL",2011,33252.63439338699821592,385.16790412916588641
"PLW",2011,30.66818104088189228,0.15253707678602432
"PNG",2011,53045.99926167023344693,1421.53614475678943626
"POL",2011,56650.142027971780218061,326.246754285408018241
"PRI",2011,1227.76250043877895762,10.83244260399414062
"PRK",2011,5421.525313090086697540,2288.04722394707415694
"PRT",2011,26673.755395531014644940,4604.781720697552821497
"PRY",2011,457174.11734661842396515,8427.42628744849228464
"PSE",2011,0.26135731809461805,0.0
"REU",2011,562.4162519911837486,0.0
"ROU",2011,16927.847414646975082566,98.923094728424484235
"RUS",2011,3021488.596315948894652830,2025340.909880298068541566
"RWA",2011,926.01149118821578804,0.46122507904208715
"SDN",2011,205.23965825655650565,0.1500484216905382
"SEN",2011,116.84204874571715052,0.75096130912109371
"SGP",2011,73.91115390353583267,0.5383660556837294
"SLB",2011,5860.47837624561891707,99.69874150005317026
"SLE",2011,33929.46108345446563376,164.21305756724560598
"SLV",2011,3241.99453293545699867,104.70497299169652115
"SOM",2011,184.50804264629568712,3.3021889179011877
"SPM",2011,0.10605823106336806,0.0
"SRB",2011,2210.161611256542521616,43.29948838922092159
"SSD",2011,9011.57475271381674568,38.54169214627862047
"SUR",2011,5696.75454984640728547,301.03573514607147953
"SVK",2011,11543.638861848505295285,121.676858533083727885
"SVN",2011,1430.385232648510897838,11.326975585058595556
"SWE",2011,205321.261634294496914874,1501.078899919018607975
"SWZ",2011,2621.92453533219843435,42.92083874062935623
"SXM",2011,2.56352342344184012,0.0
"SYR",2011,155.77309749591036850,15.64734475492620602
"TCA",2011,14.59910542796766899,0.07155377236219619
"TCD",2011,920.00017879787610440,0.15144130091417101
"TGO",2011,1243.43121111195621431,0.99071410089219845
"THA",2011,94521.75661436408850104,531.17197291764863256
"TJK",2011,20.078610675755212814,4.29023757494574614
"TKM",2011,16.51523347601996674,1.43468930743706608
"TLS",2011,1463.47666710663568196,35.87883796588596335
"TTO",2011,374.71947972307107244,3.63117172516113325
"TUN",2011,2205.189804069924906580,1291.362628154084036428
"TUR",2011,23887.932760150973246912,1868.11426548412822612
"TWN",2011,1461.48699616059125419,44.57409582847656362
"TZA",2011,137795.82477372487909981,244.70075576845926549
"UGA",2011,65067.47155214485170484,4.61169352644310040
"UKR",2011,60355.768611526065056809,1772.869455937807578714
"UMI",2011,0.14619762580729168,0.0
"URY",2011,28006.21881084859124217,348.91130253009221958
"USA",2011,1663676.380763576556613830,247468.734692305226957543
"UZB",2011,33.41626008138455089,1.162223555588107736
"VCT",2011,30.42107747917154545,0.29977865432508684
"VEN",2011,74406.71485399028832854,2362.72699168888694767
"VGB",2011,15.34673509677409195,0.65766786144639763
"VIR",2011,50.06436353002710657,0.21960683513129342
"VNM",2011,130810.67157434312254378,1238.11002011184520912
"VUT",2011,607.10441730042768782,0.66162437483452690
"XAD",2011,2.16166763512586834,0.0
"XKO",2011,802.003887874244918432,171.91792676677073482
"Z01",2011,80.47261154264649565,18.11874193790255325
"Z06",2011,13.49424338953342285,6.42680947935872367
"Z07",2011,4965.09036454198442523,120.90860287239800898
"ZAF",2011,69616.86187357007521934,2965.21297192721455311
"ZMB",2011,60114.85574915213582720,20.09992348304633609
"ZNC",2011,28.13529450601562614,4.6634064929817713
"ZWE",2011,9032.66499668130322385,66.30482431300946623
"ABW",2012,0.15032492318467883,0.07516246159233941
"AFG",2012,39.307615656053605356,21.883372559395617645
"AGO",2012,180747.12371899829911627,429.41014264428366995
"AIA",2012,1.90261415862413204,0.07316056528862847
"ALA",2012,654.72864963467399593,14.078440930434027905
"ALB",2012,5395.474288789087263093,2540.873671345297469263
"AND",2012,7.697719637322049726,0.62718212803168403
"ARE",2012,0.0,0.0
"ARG",2012,478179.610453244647426100,34507.924501804309054483
"ARM",2012,197.678176409158166167,27.92881056428602640
"ATG",2012,33.34539066599501855,0.44155576081705730
"AUS",2012,139802.938679561489393172,52661.473788456195104320
"AUT",2012,11165.759237464445280116,128.480346524611548744
"AZE",2012,597.631968693340449870,45.397393892953551234
"BDI",2012,871.16292040770289100,1.9972630903287763
"BEL",2012,5635.018792521475567738,87.247787366089402666
"BEN",2012,2857.79893317739178932,7.86648181927110512
"BES",2012,3.22207849079535600,0.30088734480902779
"BFA",2012,0.30217610648980034,0.0
"BGD",2012,5359.45828566119905903,42.58450550908637260
"BGR",2012,9977.505698843291412369,487.682645212996876540
"BHS",2012,370.59397257443886366,119.37211515253581639
"BIH",2012,2433.647220558192400639,865.79797149655397314
"BLM",2012,0.14661330794162328,0.0
"BLR",2012,39591.092045891424468548,949.574216996139402794
"BLZ",2012,11585.53399077804785384,1099.50942431971790635
"BMU",2012,0.5877053031608074,0.0
"BOL",2012,273561.63901629499910021,35069.18502790899851310
"BRA",2012,2918559.51728191251603305,276329.30417233418088620
"BRB",2012,116.54373804803816690,2.77297636753255204
"BRN",2012,1836.85950878259678747,82.88509556885715318
"BTN",2012,766.34953753010742997,62.18515242579101978
"BWA",2012,15.78723676305555550,0.4306603657020399
"CAF",2012,57314.11963625804495399,472.16121312067546027
"CAN",2012,2545494.374125562605725318,1493244.541591349016842569
"CHE",2012,1517.165861491499674762,28.56879517035807490
"CHL",2012,174788.499047656002290697,48612.495594552791301342
"CHN",2012,605034.296372228627289276,39430.602300010213151365
"CIV",2012,96138.39143202181069799,77.30523127680582997
"CMR",2012,51267.67919087295902573,97.08429765033895391
"COD",2012,632081.88657955494311788,4690.69422389362013454
"COG",2012,32143.38695785869871444,601.44544991125744085
"COL",2012,227584.17308030313319375,10630.69865594292492422
"COM",2012,127.29285184634000912,2.70877550216525638
"CPV",2012,17.98607391268229422,4.16263638888129366
"CRI",2012,10388.47329274361117236,383.28912864941624314
"CUB",2012,10344.97798773362741375,747.75394707628361933
"CUW",2012,7.37549863180555475,0.52679152488389757
"CYM",2012,9.22767176284505257,0.58017301890733509
"CYP",2012,54.30803393566625012,32.68904696077257518
"CZE",2012,14006.685434218199040828,204.07417506381286920
"DEU",2012,26007.248144364301479953,570.11242750355036017
"DMA",2012,144.72383572316842596,1.70699391188096798
"DNK",2012,4451.952352689336607778,41.927836664863283885
"DOM",2012,17905.35132560992214166,961.49744305450182543
"DZA",2012,10907.904656082245817059,7537.632257682925422694
"ECU",2012,74304.12006742206329860,5636.94142808805784780
"EGY",2012,438.85342805083236417,112.24163437841693632
"ERI",2012,0.0,0.0
"ESP",2012,80495.772187631178592619,38541.026415194117432504
"EST",2012,17685.152688754865014124,216.28245040472654729
"ETH",2012,41631.93539087012384935,45.12006953574544566
"FIN",2012,160310.409293344846082564,2934.372021566376608077
"FJI",2012,1219.76655060908748093,11.74573363497612969
"FRA",2012,67302.668662870363263054,2592.017526391523244806
"GAB",2012,17475.92873989286180570,96.97488892944966923
"GBR",2012,35664.475555919790066016,2410.574199199475521549
"GEO",2012,472.998931995581565610,45.804939738337671799
"GGY",2012,1.20937758854166673,0.30235266565104167
"GHA",2012,36631.09340361196037711,54.78816316421658182
"GIB",2012,0.12483585946614585,0.0
"GIN",2012,24485.64444939589725722,27.54947287121799363
"GLP",2012,294.82241365661130694,1.55337316418945315
"GMB",2012,40.69027206510850059,0.0
"GNB",2012,3511.44947592676038888,1.35556426945692284
"GNQ",2012,4952.66406660882103817,13.84175635136630629
"GRC",2012,13242.143652819069626856,7625.474678607768204082
"GRD",2012,39.73595788202311562,0.0
"GTM",2012,84026.95066423416723185,10788.05650156509968430
"GUF",2012,9772.79144532000923872,740.61598687840299205
"GUY",2012,13112.05761058172553314,981.38646003185890564
"HND",2012,32305.64280432073972567,1897.45017608064172488
"HRV",2012,5004.428537303010713806,466.35447507373951770
"HTI",2012,4272.89269925891517037,97.67290036776910543
"HUN",2012,11919.639340113851625426,148.126482498548130162
"IDN",2012,2260257.89505443043540624,139451.51970636444381300
"IMN",2012,62.60607741938802296,9.53037190123698226
"IND",2012,88012.04682725532897119,2401.72555310290548207
"IRL",2012,5829.057742590910527897,215.109964402816859248
"IRN",2012,407.39127389371521092,65.17711793431316002
"IRQ",2012,9.13202487241970583,1.28035632273654502
"ISR",2012,49.23018969847438614,4.2548404491134988
"ITA",2012,21486.630274890687469220,3520.122941124651359539
"JAM",2012,2603.68579339076282705,63.24029980734810143
"JEY",2012,13.36327917023437508,4.55555556740017370
"JOR",2012,0.13055328269422745,0.0
"JPN",2012,45671.874088180888826232,1223.156502425004289735
"KAZ",2012,3741.514267643560826890,744.246910185190768064
"KEN",2012,17898.90609367575622758,107.88661408556730683
"KGZ",2012,84.65660715926865023,47.699947922717020245
"KHM",2012,195568.90409303755658210,1874.12549532114888492
"KNA",2012,10.74117123527343766,0.22061131414496528
"KOR",2012,15941.959244857668324235,689.025007930184550111
"LAO",2012,147532.79559964040840094,622.20382266942763104
"LBN",2012,169.94172041821613878,20.4481687446332471
"LBR",2012,72114.09319352755871812,308.63660159557513860
"LBY",2012,4.93464658054687495,1.3639539102094184
"LCA",2012,67.10805567304144848,0.59761186487087682
"LIE",2012,3.79319481106336806,0.0
"LKA",2012,14427.70872213922334491,189.30251428970593474
"LSO",2012,3.30016147288194461,0.13456592822048613
"LTU",2012,17602.900557840172814344,125.843178408454869899
"LUX",2012,444.289455326575322944,5.538609323988715706
"LVA",2012,34285.415921709019102556,317.760226078908453900
"MAF",2012,3.44178225188151051,0.51262117954427096
"MAR",2012,1689.89017090582359867,724.78436859093790601
"MDA",2012,1771.584435717743662468,168.918475703667516198
"MDG",2012,128468.09040143575000861,11153.41827706967216999
"MDV",2012,2.45074320133460154,0.0
"MEX",2012,174712.80978627146216745,22400.01123720625603077
"MKD",2012,2940.644597642138614905,585.36239873117238550
"MLI",2012,78.9212509487027471,0.07515063505533855
"MLT",2012,0.31300136191189238,0.06257349065321181
"MMR",2012,225188.42900826113547843,4656.34009508575815790
"MNE",2012,1258.602534795844648780,436.439765175481856068
"MNG",2012,34640.341139671102452942,31904.289150933037526283
"MOZ",2012,139952.40871319797690596,1371.54209178710214225
"MRT",2012,0.0,0.0
"MSR",2012,2.21233216459852428,0.14745535111111113
"MTQ",2012,308.42506400738657245,1.86204290096571183
"MUS",2012,152.47020560564668338,0.0
"MWI",2012,12175.10258163727669455,15.31917466812011803
"MYS",2012,628383.28018911826963563,10359.56268182297753510
"MYT",2012,131.05118074522433146,0.75051479543619795
"NAM",2012,25.97355100622179350,0.50622242838975695
"NCL",2012,838.32798702397669230,122.81713979418294019
"NER",2012,0.07476342613009983,0.0
"NGA",2012,34970.91954364169430730,61.35582562207519369
"NIC",2012,33691.84477753160385419,668.59238675549155423
"NLD",2012,946.708692140264794886,43.23251296559678692
"NOR",2012,29947.125947306147670658,1262.006048652041342011
"NPL",2012,5045.04521503283230523,756.59389516232098731
"NZL",2012,69499.067619761162878123,1898.707002042204516525
"PAK",2012,223.22592050414603130,68.51779760846244349
"PAN",2012,17094.54308509317494875,673.64926321494838612
"PER",2012,275417.42370627916729498,15692.75704588352791460
"PHL",2012,59587.14724159527205466,706.42276553592938236
"PLW",2012,28.00163729726183050,2.74774580327528227
"PNG",2012,73333.85155677667800988,1607.92385467686986246
"POL",2012,54895.927484073175673744,762.186258590724824902
"PRI",2012,653.75539435802295180,6.73374076078559043
"PRK",2012,16679.890150861556042558,2255.15819919930891981
"PRT",2012,58236.242100930059133365,23921.966884017783679932
"PRY",2012,510213.10386167520207328,9134.94919760332894016
"PSE",2012,0.457779036858724,0.262097530906033
"REU",2012,852.6125562126445373,0.0
"ROU",2012,30649.281823629798891651,959.387066707613284066
"RUS",2012,5391243.469713060219883714,3990844.901452673856849179
"RWA",2012,1090.91317506105969254,0.53803037440558540
"SDN",2012,13.20474978755099894,0.0
"SEN",2012,84.50333117818360535,0.29691655333658853
"SGP",2012,92.13825498833895103,2.2304711080626767
"SLB",2012,8806.57579265924376497,275.53375535191484239
"SLE",2012,16356.21566301590720130,129.58159366373063691
"SLV",2012,2535.67142338622738278,53.13140554048502772
"SMR",2012,0.44593499398871533,0.0
"SOM",2012,194.90066518408241231,10.142742562464517
"SRB",2012,3478.064729485688888028,486.55116171483374971
"SSD",2012,6707.21640121378843317,21.79587027156670690
"SUR",2012,19502.01937470648653537,1961.18064210663189399
"SVK",2012,9169.734657888790493027,139.51663445860680950
"SVN",2012,904.14024776450501357,116.269377837519286404
"SWE",2012,234882.539184550911285367,4395.413637046705397911
"SWZ",2012,3527.10006830213670849,82.55964156139113184
"SXM",2012,0.29298024883680559,0.0
"SYC",2012,0.60739748259006080,0.0
"SYR",2012,5370.64272121703095747,3916.61677486389632527
"TCA",2012,7.65647290180664194,0.28624498979275178
"TCD",2012,2491.10958136475720790,0.6094494969097222
"TGO",2012,1738.52899869643397749,3.35472228650770397
"THA",2012,114478.89216108834110467,876.30317305608713317
"TJK",2012,26.04127895288411642,11.283005628383246905
"TKM",2012,8.98690864581380271,2.20027494361328128
"TLS",2012,1887.30657039262975844,53.88302698641005584
"TTO",2012,713.53939811133744689,6.81304823561957540
"TUN",2012,1418.989141277990760177,741.367919420284898637
"TUR",2012,28467.090273551835720179,4053.494856284439270964
"TWN",2012,1460.09860079756420920,48.46672303147461267
"TZA",2012,154429.70370437398026565,295.35294816319352702
"UGA",2012,29141.22866394821858138,26.13238009483609429
"UKR",2012,55521.160744609772405896,2270.555624066884669688
"UMI",2012,10.45293944240993962,0.0
"URY",2012,31403.12112193875054128,969.46386194610256717
"USA",2012,1964078.156107635883919133,338271.545970328953741571
"UZB",2012,55.3762050759461838,14.70052573065972287
"VCT",2012,24.65449282997666937,0.52544112998806426
"VEN",2012,105952.16642954681557885,2486.05370654687682191
"VGB",2012,0.87706446404296875,0.0
"VIR",2012,26.62460833558267818,0.4396893491894531
"VNM",2012,181275.72177738134897634,1988.02775640622625182
"VUT",2012,198.26048712759495029,3.02503732961371542
"XAD",2012,3.55957388568576535,0.0
"XKO",2012,1736.620844712818606519,574.852667213943468488
"Z01",2012,399.39995675262479606,69.69334853558051465
"Z06",2012,15.61101973299587497,5.24177562853732655
"Z07",2012,6657.04116804838844701,140.44934049460612290
"ZAF",2012,84896.51524891090654117,2485.42446455272617306
"ZMB",2012,128442.22691025929722992,258.08436806864882683
"ZNC",2012,11.4711056480512163,0.62984885357204867
"ZWE",2012,13790.44390190297586530,130.06476304362138888
"AFG",2013,1.45184122524522590,0.88381171298394107
"AGO",2013,168837.12476075723729639,1147.63381476928817689
"AIA",2013,1.3171679605685766,0.14634052527994793
"ALA",2013,509.692407979976042007,1.815308194023437321
"ALB",2013,2569.967981802836646708,1379.758404852147843475
"AND",2013,3.36418664112196151,0.7980983219661459
"ARG",2013,376746.290387459157103118,72789.235238820273859136
"ARM",2013,41.841262193765189145,2.22677245788411467
"ATG",2013,21.34523197619791697,0.07363416900390625
"AUS",2013,260093.733630968693487929,177481.608902978797293217
"AUT",2013,7655.331442349511308595,25.901985525920141075
"AZE",2013,149.07599370587674145,30.68236456124783522
"BDI",2013,1405.56937660389110661,0.0
"BEL",2013,3314.999739024617271536,5.59422078708767441
"BEN",2013,1310.15875613328125065,0.99010287079915371
"BES",2013,4.36023698318305153,0.15044618158148873
"BFA",2013,0.22648428664767795,0.0
"BGD",2013,6021.99799492234886400,4.26896165422851633
"BGR",2013,3692.761544636331135591,242.952451802790985404
"BHS",2013,1572.70768040758852161,949.11153234688553455
"BIH",2013,2573.897644907124845211,889.261141247067469585
"BLM",2013,0.36651387559787327,0.0
"BLR",2013,28084.740951029135985612,187.902954789624605073
"BLZ",2013,16403.45483215613484714,1928.31337445594210064
"BMU",2013,1.436534731482205,0.0
"BOL",2013,179793.75931905209831799,16508.78243562318980007
"BRA",2013,1945477.87052269095184032,161179.31689376465082765
"BRB",2013,5.32159267021864203,0.0
"BRN",2013,888.32536562950549871,46.23695884622640325
"BTN",2013,485.35241575326282540,44.68811909425238808
"BWA",2013,14.12186351847656298,0.14600034964518230
"CAF",2013,44182.76397561371585906,454.58233135008016016
"CAN",2013,2807335.549641883051866033,1983320.517925902876364873
"CHE",2013,793.36040163371522201,6.37234144070095444
"CHL",2013,102242.650622838363352789,3506.872981003593177453
"CHN",2013,441336.225011826859929801,12432.06490282431566310
"CIV",2013,175824.06242314665893076,120.39591938830025202
"CMR",2013,84612.03204399035017587,102.49868526357192384
"COD",2013,920749.62436889407711734,19414.68710301305328050
"COG",2013,54641.64600089480727644,2062.50632722776026470
"COL",2013,138866.04936341112444534,5188.44949080032940222
"COM",2013,1729.72621943889300375,12.73162184550401579
"CPV",2013,19.5416778663400605,1.4797484251605903
"CRI",2013,7789.43058437074407379,309.48408872215281191
"CUB",2013,6071.55863103295718764,480.20361400184313072
"CUW",2013,6.24501854069118799,0.0
"CYM",2013,18.10549301802191319,0.0
"CYP",2013,13.50459562138020842,6.78410510842230936
"CZE",2013,7658.991178609579489388,5.103212120112847758
"DEU",2013,15498.954568101432587184,141.780165173789007805
"DMA",2013,22.11861062986274148,0.66801732194281687
"DNK",2013,2015.366626496423702147,3.65134973874783016
"DOM",2013,12703.35945238007565720,1995.85958299034778716
"DZA",2013,6925.784681049459680116,3562.763553781672000583
"ECU",2013,48418.07181655523790403,1844.52989868478627107
"EGY",2013,96.99929436334853108,5.01916194228081619
"ERI",2013,0.0,0.0
"ESP",2013,63956.044948010645566997,11436.111108330977940159
"EST",2013,17088.743403418454594550,44.227468905911459212
"ETH",2013,30851.23115281139175615,34.53274083105197273
"FIN",2013,148660.970604260118086373,949.087673405109154828
"FJI",2013,2699.40729211518836021,94.85797525678278735
"FRA",2013,30351.841961727727094834,329.287885243556798412
"GAB",2013,44448.92834656204318395,296.91921529357782503
"GBR",2013,28589.559701343208050564,878.752624277087692966
"GEO",2013,252.250083657063817959,11.09796203723524285
"GGY",2013,0.2014728606423611,0.0
"GHA",2013,81202.91272085498109660,49.80562247198893242
"GIN",2013,146184.87447289222138046,102.66979669564914350
"GLP",2013,169.93876361572369667,9.17580836820149987
"GMB",2013,12.21674230277886212,0.0
"GNB",2013,20704.22718588789757305,0.60299986025878911
"GNQ",2013,7289.62996601891398144,15.14886875988108433
"GRC",2013,5906.555994044010593938,3941.700390649026730382
"GRD",2013,25.35640135323567603,0.1504564097016059
"GTM",2013,55176.99747517155496754,3872.40199352907598335
"GUF",2013,2967.79719188384877529,202.32025471644517996
"GUY",2013,7117.38221484748686927,911.37071129458086575
"HND",2013,43632.28878360917054730,2192.55731083510082676
"HRV",2013,2997.752682718138643079,93.552926516139320765
"HTI",2013,3181.21137310370423785,106.92540038781362080
"HUN",2013,8947.138544248564228436,35.999757632717014834
"IDN",2013,1139299.82358581269174626,50565.54928034858317549
"IMN",2013,33.66465501414063313,6.35360790703559018
"IND",2013,75407.13937760254434767,526.09858403782935852
"IRL",2013,4778.083301211790182479,97.798523116666670495
"IRN",2013,72.230931497178835635,7.07176699514757013
"IRQ",2013,2.53190204338324684,0.1853819620529514
"ISR",2013,45.73070819496853112,4.91775863834526816
"ITA",2013,15522.546078757094340795,2419.054284889603853638
"JAM",2013,1327.66903049206736685,48.48046673808051167
"JEY",2013,1.01290186087673609,0.0
"JPN",2013,23234.270544128201161361,225.644933600973354369
"KAZ",2013,2863.638875451310931870,1094.830601261463707295
"KEN",2013,13563.99690551830205900,49.51209367914204117
"KGZ",2013,26.81397913183158986,22.6071947652690906
"KHM",2013,190115.60900090771711679,344.67933923619740969
"KNA",2013,5.14764972722547806,0.51457452077799483
"KOR",2013,9477.218349353238050172,310.423155697280933174
"LAO",2013,205602.93875851658203473,247.60581305317926832
"LBN",2013,159.95373940760090644,35.75143029333658625
"LBR",2013,155535.61788418791059509,723.39882627123836060
"LBY",2013,81.29858731194987082,63.97055878538187315
"LCA",2013,36.09373117106770883,0.74714664870334204
"LIE",2013,1.94911704907769077,0.0
"LKA",2013,7953.30153198137023354,97.74062964430420928
"LSO",2013,7.33891847152994779,0.0
"LTU",2013,13922.776643099450442347,38.023986277118049839
"LUX",2013,347.887556332786511185,0.44828580861762156
"LVA",2013,27766.438976924821210631,93.684227008949657525
"MAF",2013,1.83077027372287337,0.0
"MAR",2013,835.83799447142419485,205.40813691104611406
"MDA",2013,167.345344164711374436,1.62099010213541679
"MDG",2013,299350.32439256869871632,14427.80845450420684691
"MDV",2013,3.97583069801432319,0.0
"MEX",2013,218915.52931192393087234,29174.57996787223755470
"MKD",2013,1149.19072881148214128,181.760707015210439646
"MLI",2013,409.78117161428115515,0.0
"MLT",2013,0.25046223364149309,0.0
"MMR",2013,248185.78208644447562842,1542.83811077050799035
"MNE",2013,2401.456623394889665066,714.55799655180832528
"MNG",2013,628.798874444683195130,401.690059728569900746
"MOZ",2013,162673.28971289500835311,2494.53016672314962630
"MRT",2013,0.0,0.0
"MSR",2013,0.88513326729058169,0.07374485698784723
"MTQ",2013,146.35940119910919629,2.01092450553819455
"MUS",2013,219.27038329757925360,0.0
"MWI",2013,10561.61188720283135355,24.82093795635633951
"MYS",2013,333361.56748553928380242,4456.69394923199169318
"MYT",2013,327.56571695029348409,1.05094109738552522
"NAM",2013,2.48415521166558158,0.0
"NCL",2013,2281.63473537520574298,424.97576063853846748
"NGA",2013,43434.89739662001292888,15.67490150044813467
"NIC",2013,44030.27417111707161413,1454.41340914840522332
"NLD",2013,514.177020358554684739,6.404192648530816486
"NOR",2013,33069.442384786023749808,827.847782490857325672
"NPL",2013,835.46925114800272056,21.65390090555772735
"NZL",2013,77541.739941436614979871,2570.807496098120755893
"PAK",2013,58.02100167342880259,5.06161151800347254
"PAN",2013,14060.88524917928945632,503.90060709755205698
"PER",2013,209321.75542307532562740,6525.06894020994533944
"PHL",2013,58871.21441255253238894,1327.57220603555429389
"PLW",2013,21.29418574324544374,4.12288945591851143
"PNG",2013,56667.88234785637824644,1888.85497845075780052
"POL",2013,35014.683778796736669375,239.723007862419722254
"PRI",2013,701.64156511597979253,17.20179380791666811
"PRK",2013,5022.933246663356400469,306.013963955065176859
"PRT",2013,51884.670521389898728560,18889.955464740428472614
"PRY",2013,318514.86388128869500954,19258.21379331722938470
"PSE",2013,0.39444337769748265,0.06587049147243924
"REU",2013,1653.22917110001821538,0.0
"ROU",2013,12945.933867720829043218,404.868232594898130589
"RUS",2013,4965536.915205374559677830,3928841.249391910808154699
"RWA",2013,2472.77868470220111598,2.3832409705941433
"SAU",2013,0.0,0.0
"SDN",2013,9.4037425973470045,0.0
"SEN",2013,374.73767225882104940,0.0
"SGP",2013,25.91848119803887166,0.0
"SLB",2013,9470.91264969952919630,197.39527836913440527
"SLE",2013,170276.97178556011155850,56.36775152134006926
"SLV",2013,2053.56340122393759890,58.82446768066027077
"SMR",2013,0.16727187123046877,0.0
"SOM",2013,315.84219041051189638,1.84614969775797536
"SPM",2013,9.01239348898871478,0.0
"SRB",2013,2798.271821830755479639,522.44550000701416094
"SSD",2013,4931.54169497154058296,11.08593918354004003
"SUR",2013,10203.19423168605354263,2103.31005946802733911
"SVK",2013,5076.263647272721291030,6.47930869798611092
"SVN",2013,636.385693589186201064,16.247373984578991785
"SWE",2013,197658.274144815560443006,1082.061053874381671425
"SWZ",2013,3126.10874376286211144,64.55199122510310240
"SXM",2013,2.56347179030381896,0.0
"SYC",2013,1.21474887631076405,0.0
"SYR",2013,1270.55912460519132983,782.31667464585874248
"TCA",2013,10.51631800355685950,2.64573588257921000
"TCD",2013,2895.24709254611637376,0.76079097574164494
"TGO",2013,2914.28639000484786248,0.91476225768853086
"THA",2013,84738.05684661371022098,210.22994706112034579
"TJK",2013,1.31903625597873259,0.35802299075086807
"TKM",2013,0.37151217790798613,0.12497299393663194
"TLS",2013,463.01226989966090445,12.01205845670247450
"TTO",2013,759.22765100593309611,7.34292047508083767
"TUN",2013,1300.706233016011601840,1033.013643570977228010
"TUR",2013,22542.895050826322291934,3366.18260340287755445
"TWN",2013,953.16288722402544237,9.07557632462456675
"TZA",2013,181508.83072590400862665,516.14594878306426261
"UGA",2013,47749.80520395861143754,96.08613560147348923
"UKR",2013,37711.923007504456204544,449.823474157291116154
"URY",2013,19244.68013445309559627,548.14656620143987283
"USA",2013,1736444.895292327542878428,388592.192138735212241032
"UZB",2013,24.68649925001087691,17.31281850577693504
"VCT",2013,13.41511603571723079,0.15002454928059896
"VEN",2013,64489.28747611407273027,4026.84093259830570659
"VGB",2013,2.77700066284505236,0.43846569734700522
"VIR",2013,27.33988538385850298,0.87971717882052947
"VNM",2013,132424.92034167873242854,660.01689330120659286
"VUT",2013,1111.05961755906715105,135.79529745676752113
"XAD",2013,2.03443544296440967,0.0
"XKO",2013,767.625867978171251384,262.56538486197094876
"Z01",2013,27.93393329112088198,1.80039026297851577
"Z06",2013,1.98949787772569462,0.25692925042209203
"Z07",2013,5430.73406438513251299,75.13856845883138113
"ZAF",2013,56368.99849528764293045,5653.90036548661625396
"ZMB",2013,84673.27709873710629973,1514.48490575217985617
"ZNC",2013,32.2764724252821141,4.1507592759895836
"ZWE",2013,9607.81603920948144211,181.58207340324214350
"AFG",2014,2.71929047096788159,1.46718623606987833
"AGO",2014,212656.08955995548848124,685.12785786719155821
"AIA",2014,0.36583298022135419,0.0
"ALA",2014,550.060530721987573310,1.73466615786892369
"ALB",2014,1051.648631766386806285,241.29727017009771493
"AND",2014,1.36826045550347225,0.057025016048177085
"ARG",2014,241118.44050083234025618,20289.410205279382586025
"ARM",2014,38.127581905802952675,4.90450555855685810
"ATG",2014,24.87565215661241499,0.73496510870551218
"AUS",2014,281740.671590412440854402,181837.423570688083971364
"AUT",2014,9876.061030476361257057,45.026431375253893365
"AZE",2014,328.246022802263327524,201.428231290466432400
"BDI",2014,2047.31699381555792397,0.23035133112562392
"BEL",2014,4239.217020371109288793,8.147594161842448154
"BEN",2014,1355.29547750728304653,0.22897610338406035
"BES",2014,1.71035733122450119,0.07522496964138456
"BFA",2014,0.0,0.0
"BGD",2014,12060.90408394815636230,10.14523544678710974
"BGR",2014,6688.450735814879498026,86.06314109618921550
"BHS",2014,902.30649207903032673,375.98601038669694845
"BIH",2014,1789.544495100919927164,188.733224524437849620
"BLM",2014,0.21991134931423612,0.0
"BLR",2014,33626.396834005273349140,179.554989749552934624
"BLZ",2014,16508.63675960509919729,1096.50815794552637011
"BMU",2014,0.8488385957725696,0.0
"BOL",2014,256527.60527703981740911,27670.31818321797559067
"BRA",2014,2692910.39004474861151938,267236.44448967532975567
"BRB",2014,2.17354931738226986,0.0
"BRN",2014,2224.70589751910269861,182.34704551505943498
"BTN",2014,1229.22014419461710564,58.83692092900500071
"BWA",2014,15.52435010564670159,0.0
"CAF",2014,57852.35889182826118793,627.07772421708084076
"CAN",2014,2643608.861961215043337123,1759513.178470497730941522
"CHE",2014,1502.547147330160744805,5.363276393424479674
"CHL",2014,119329.610787913987945661,14719.222789213609999445
"CHN",2014,531701.60904966543863291,14332.979391966051928181
"CIV",2014,346899.26476590263909180,148.18902435325385830
"CMR",2014,181851.00438964492472127,207.05051144115011368
"COD",2014,1338360.69904089798915817,13875.27263358518052363
"COG",2014,72891.15373633813151898,866.99424133752897324
"COL",2014,202029.03435086004097169,9444.92466516825018019
"COM",2014,1473.86207744544528082,15.35438321191243635
"CPV",2014,8.1575762512858077,1.1820036953776042
"CRI",2014,10909.81015886472497800,428.45613601318037426
"CUB",2014,5861.46836156249804002,346.86456985382763794
"CUW",2014,2.333078604797091,0.07526158231065538
"CYM",2014,7.70538520408637220,0.0
"CYP",2014,33.30200692320094993,14.39405886619791726
"CZE",2014,13942.742751630176818272,48.44138013248047379
"DEU",2014,21169.143186645038153066,100.20939279987196401
"DMA",2014,12.24495792096354091,0.0
"DNK",2014,5320.770494625855251309,4.150051736851128672
"DOM",2014,13678.21258534293330707,1879.37009675635240458
"DZA",2014,9522.726894998671232390,6876.881623695282622399
"ECU",2014,30934.04778973164423323,1626.98175773854801513
"EGY",2014,115.0030750622689089,6.53780915828559001
"ERI",2014,0.0,0.0
"ESP",2014,74226.432203445479967870,9078.636278424638122157
"EST",2014,23576.608825551290859364,51.043966568700093922
"ETH",2014,32725.07263347249182951,53.65155451793592519
"FIN",2014,186629.014123027245419212,1225.815909599496507795
"FJI",2014,3688.94137584865693017,359.73637164462486127
"FRA",2014,44359.113183975492578274,695.661108283886526361
"GAB",2014,48752.34078366541111395,302.84388207995052251
"GBR",2014,30369.567300922856873128,513.864550067565123002
"GEO",2014,113.741013190713984124,14.792345643320309805
"GGY",2014,0.20103253261718751,0.0
"GHA",2014,120205.46322005233229982,47.92106316630046057
"GIN",2014,132716.27431198636965599,164.76633402478822868
"GLP",2014,198.11759453083460543,4.65499653079969657
"GMB",2014,17.463359957087681,0.0
"GNB",2014,12858.62698535400692497,1.65837383742513019
"GNQ",2014,19211.71451981610516314,43.98600917088107835
"GRC",2014,3803.211728953801751714,1199.423825919439668034
"GRD",2014,83.83836114644640941,0.67676460217556428
"GTM",2014,61883.47110172886107395,2591.28724166232301756
"GUF",2014,4195.61710761457810902,223.11599703898709853
"GUY",2014,12154.00353475314289773,831.62213068477377765
"HND",2014,57482.88436255964479846,3691.40069592131988973
"HRV",2014,4559.485734246148178991,70.95402373744140341
"HTI",2014,3858.86579151854227401,120.81825378891494631
"HUN",2014,15135.418650694292457980,52.730742304952257766
"IDN",2014,1894358.95902102568660137,230624.52585493630022843
"IMN",2014,86.05011443989149722,5.90767977865451401
"IND",2014,132071.85656563284901226,1193.62109756309683111
"IRL",2014,5719.062912221159624699,35.324190101128471219
"IRN",2014,77.58861401030381965,24.08332742249132351
"IRQ",2014,1.494315228210720645,0.06212897571614584
"ISR",2014,122.08486946058042697,6.38975886243055612
"ITA",2014,19831.910179315618806844,1265.428054426322679579
"JAM",2014,2837.97718984787570821,192.88627046253895513
"JEY",2014,0.6077478121614583,0.0
"JOR",2014,0.84782063878906245,0.39132999811523439
"JPN",2014,28175.541386495951615069,284.440363860825758330
"KAZ",2014,595.715817997326486169,85.420202430006422864
"KEN",2014,15356.83925976292049723,108.20639424993926411
"KGZ",2014,13.50969179257161378,13.110748023821613
"KHM",2014,161841.65693291073557989,392.72908501083064107
"KNA",2014,3.97250066096245698,0.0
"KOR",2014,13426.409608846850752760,204.525945299244804774
"LAO",2014,243826.33572169250991949,256.65739151654893268
"LBN",2014,159.88442052195204440,35.74916027582140987
"LBR",2014,164048.58221831456002786,582.14600077207691758
"LBY",2014,4.41391384775173612,1.6876062065950523
"LCA",2014,41.09592468337131134,0.67232498126247839
"LIE",2014,2.89863166058593772,0.0
"LKA",2014,12350.59718251161429572,120.46197232773977968
"LSO",2014,12.47074464811306467,0.0
"LTU",2014,15972.188404164952031445,62.682410005829010794
"LUX",2014,429.600982930069456369,0.79895790795138889
"LVA",2014,32203.164528099968273253,72.937965582089843355
"MAF",2014,1.24491801987738735,0.0
"MAR",2014,1682.30794966869976948,504.45567842509304463
"MDA",2014,363.133211568385418338,1.798191492120225782
"MDG",2014,416681.96935276347231297,48899.29172651235223389
"MDV",2014,3.13358241356011296,0.0
"MEX",2014,170605.85458719711211733,9064.53238987460281259
"MKD",2014,1815.566311025828762473,102.392892640425323748
"MLI",2014,270.33774791043131937,0.0
"MMR",2014,331444.81376864917283502,1687.75697723385811428
"MNE",2014,1437.890896589494382103,138.840693980631463136
"MNG",2014,522.674249762365362060,215.959429707519607620
"MOZ",2014,200517.49933484555759919,1820.95735379690071114
"MSR",2014,0.29503028970811632,0.0
"MTQ",2014,156.71776232461102064,1.34059491125325532
"MUS",2014,531.75197548469704966,0.0
"MWI",2014,18594.16036210385413685,32.87496625948622734
"MYS",2014,646026.95448926657554005,19518.82395349330622267
"MYT",2014,1150.41332038266890445,2.40171855205783412
"NAM",2014,4.62370750142361158,0.0
"NCL",2014,2050.20134823931931173,540.05556226549670366
"NGA",2014,68637.27480485876995103,31.46091155889295868
"NIC",2014,75549.80909719953992745,1712.41417424695078562
"NLD",2014,875.261492539997752932,5.57751769807074667
"NOR",2014,39148.962182187586846762,574.001997380605350986
"NPL",2014,1161.81134214258137122,61.70117039359593044
"NZL",2014,79409.913663548651403508,2336.562160594805007184
"OMN",2014,0.0,0.0
"PAK",2014,34.82787293223198486,3.45380633717339422
"PAN",2014,14086.01586943427894439,487.88784634838300666
"PER",2014,205417.54904548005766018,7805.45994136260254150
"PHL",2014,102456.03463050251490420,1916.72027100149985829
"PLW",2014,93.85025781338432990,15.42872879053222613
"PNG",2014,105662.81982441343300454,2747.24186448506968176
"POL",2014,56279.525168334036992311,266.074331376037653948
"PRI",2014,871.41695121237066535,13.97724616984591981
"PRK",2014,10941.274987944664969535,2947.93340512455881084
"PRT",2014,60259.20772994698628352,10582.36270578770185042
"PRY",2014,345737.46521583505399731,7931.88433785863180269
"PSE",2014,1.17994385501953135,0.85256029393880217
"REU",2014,674.9838295004072404,0.0
"ROU",2014,19481.500647861323490320,167.351538698576510807
"RUS",2014,4489888.744478262231236338,3450542.784370164394410859
"RWA",2014,2889.66629898740675851,22.83605034117175200
"SDN",2014,5.6173984021500658,0.0
"SEN",2014,326.71520470969316345,0.14948610033311633
"SGP",2014,191.35197143343696803,0.76908933738382979
"SLB",2014,16939.46334454174575194,554.79994339363221966
"SLE",2014,161512.88403718687837033,108.01007539244846891
"SLV",2014,2319.72696400503149090,79.52674360836643759
"SMR",2014,0.16733727529296877,0.0
"SOM",2014,123.05745672545598446,1.38445944740458182
"SPM",2014,1.1652690544314235,0.0
"SRB",2014,4387.909462667266370474,156.168323325310342450
"SSD",2014,6750.71541138541630765,18.15228242107978033
"SUR",2014,14747.81610845635856365,1055.51333381124498635
"SVK",2014,17366.173988905780978709,73.78033637976128878
"SVN",2014,5385.639058474749022898,59.091968176169698865
"SWE",2014,242522.785719181802433636,9447.801080379526677200
"SWZ",2014,4961.09484488973996725,120.74260767656901272
"SXM",2014,0.21972204252278647,0.0
"SYC",2014,2.04983297647026927,0.45551883542860244
"SYR",2014,958.29433611947040583,443.91304313451108486
"TCA",2014,31.33730649768986390,0.78674581225151910
"TCD",2014,3000.66587315444557733,7.0074083038487426
"TGO",2014,2513.19679790372418462,0.0
"THA",2014,137591.96889053882573554,258.93200134522705323
"TJK",2014,0.78304298862847229,0.1799102286545139
"TKM",2014,0.90408410385416676,0.59742364510633690
"TLS",2014,1883.17035169669115926,65.82745555441894342
"TTO",2014,1569.45645896798390354,15.52101627467013989
"TUN",2014,2385.558622995057818670,1793.459783860729155134
"TUR",2014,22005.441487395410932556,1456.41368072656407641
"TWN",2014,1054.21148798205725238,11.81292064006835927
"TZA",2014,198220.56307520302926430,647.10301492600140583
"UGA",2014,54913.27884998397959623,5.61532558945268308
"UKR",2014,47187.210455651414345930,615.285025358064193161
"URY",2014,25659.90280062024605745,606.17198277306314237
"USA",2014,1736528.880767841271617643,244570.547114275477527031
"UZB",2014,83.12890887847013404,82.49317577612855425
"VCT",2014,10.79353193937771237,0.07492288939941406
"VEN",2014,100940.30571405115346386,6734.04514979831885040
"VGB",2014,0.51146872552083339,0.0
"VIR",2014,21.4717159721006983,0.0
"VNM",2014,217325.17239199238078232,1457.54304175139114219
"VUT",2014,634.42455552457792544,27.93430689398166630
"XAD",2014,2.4157201845269100,0.0
"XKO",2014,760.625678403576425716,32.41774311340928845
"Z01",2014,41.12442164225802932,2.76203225751519098
"Z06",2014,3.78670255087999116,0.25516087552408854
"Z07",2014,7024.63287879126579395,110.87756614515628847
"ZAF",2014,69666.60405778614928538,6241.09542210888624119
"ZMB",2014,114809.73856389087621134,1164.88848713445580448
"ZNC",2014,55.2050299679427814,7.42940706970052167
"ZWE",2014,9614.01590702873849403,49.56632597780435949
"AGO",2015,161710.75581126535381038,2455.53211659966721262
"ALA",2015,567.233041799463498044,0.849828097363281305
"ALB",2015,283.574737103897523084,32.825577822660597024
"AND",2015,2.16778333332465288,0.0
"ARG",2015,180227.81351488457100969,29755.60821085918473555
"ARM",2015,1.99011539360894099,0.11665674138020833
"ATG",2015,8.90747070089626654,0.07361356389105903
"AUS",2015,261574.289381586226966653,173113.968157924873093957
"AUT",2015,7941.067144586750142606,3.936512744524739746
"AZE",2015,26.74519296005208652,21.90127823787108931
"BDI",2015,1458.37852041732457196,0.46089615536187069
"BEL",2015,3420.273924438819929692,0.297803941799045168
"BEN",2015,598.62283681594154973,0.0
"BFA",2015,0.0,0.0
"BGD",2015,12603.40871337122479320,8.19012882561089523
"BGR",2015,7293.066851601213052998,34.73537139484158386
"BHS",2015,1089.01311180571551974,691.57857306039628812
"BIH",2015,580.504892322404581985,10.354520792994792965
"BLM",2015,0.07330418610134548,0.0
"BLR",2015,33899.292105422227211128,1186.156263608366542205
"BLZ",2015,12302.56329622293257182,874.68600944589333511
"BOL",2015,166250.90333105431031415,10408.17549440693602582
"BRA",2015,2222653.78140336225206047,299324.86271027899515111
"BRB",2015,1.94870042457139748,0.7495067315473091
"BRN",2015,1761.04061905869598974,375.50867586825710506
"BTN",2015,746.52360821746741619,61.33215959737849305
"BWA",2015,0.0,0.0
"CAF",2015,27315.83103202538973954,314.05645482254926312
"CAN",2015,2733434.834259989777240462,1873974.654798015478655889
"CHE",2015,772.45878559303823700,0.53142353766710078
"CHL",2015,106109.010473426883947241,15426.683630413031909815
"CHN",2015,490493.17254957637057399,11530.94087119016673455
"CIV",2015,152453.51173208042267227,97.06699670287815416
"CMR",2015,78969.96060448898090296,116.11590729416715547
"COD",2015,928502.22906111409341090,13022.06194031539238302
"COG",2015,47823.04692185773520452,2382.12068890927328003
"COL",2015,140922.64836113448047532,7816.48896726774586546
"COM",2015,429.46171724415783930,3.08782805895128055
"CRI",2015,3301.72085913189469252,101.96737129220432375
"CUB",2015,6725.97820244533564775,1006.04129654485451069
"CUW",2015,0.9029118816775174,0.07525057089898003
"CYM",2015,0.07251709538845487,0.0
"CYP",2015,20.43445920637587728,6.72015496239800321
"CZE",2015,8047.207404884134540546,1.242116583378906265
"DEU",2015,12929.494030687680252898,6.992461848530815684
"DMA",2015,1.85563171132921026,0.0
"DNK",2015,2583.230425754637972558,1.579776212172308956
"DOM",2015,15090.99980299760288010,3188.60893785332799399
"DZA",2015,5705.423440179106002233,3127.273628446498305478
"ECU",2015,30121.21494786735807405,1767.33613225518895533
"EGY",2015,31.6431484988617595,1.31821876666883716
"ERI",2015,0.0,0.0
"ESP",2015,65413.694077449544614255,11459.981206181975252562
"EST",2015,25420.290749612848684919,25.645809844772136874
"ETH",2015,10276.47094659400762096,34.24041307704508944
"FIN",2015,172639.580317575077364009,604.664108748166265788
"FJI",2015,1838.35267913538385405,88.77446327042319322
"FRA",2015,37292.585590612518483686,436.248050774878325516
"GAB",2015,25472.55033900415836767,84.44111681953660569
"GBR",2015,23996.893671415256921364,132.420825860874583933
"GEO",2015,42.85062239549479077,0.40057102067708334
"GHA",2015,57390.60138504851456010,8.10728797813395203
"GIN",2015,161819.86557063464678411,103.72295978213079833
"GLP",2015,71.39707072821941055,2.66307835533094624
"GMB",2015,10.04047817066731451,0.0
"GNB",2015,12661.14172499909063284,20.67813985770779442
"GNQ",2015,7468.75394114504253058,36.14488285045165860
"GRC",2015,3840.12167256165427568,1612.67506957928450061
"GRD",2015,6.69800776481987887,0.07528963531684028
"GTM",2015,54234.32662031385823538,3429.91794812056016744
"GUF",2015,2867.50265188790394097,158.13448175747192539
"GUY",2015,13084.33196108421263243,2009.59286270409268607
"HND",2015,50242.86003416317049568,4666.36002393769234022
"HRV",2015,2669.048069553404184432,382.48540828741570120
"HTI",2015,3087.56479569296809673,162.02777779758466990
"HUN",2015,10717.816099716741372406,36.950986451475690886
"IDN",2015,1746464.32272709421859244,290247.83716009547243148
"IMN",2015,22.23253134836371903,0.36314079650173614
"IND",2015,109677.63578525593507714,652.41719073884876796
"IRL",2015,4484.214602160247574179,23.254775911410588830
"ISR",2015,51.33272802952800417,3.07673376193901908
"ITA",2015,14124.305235410587306154,696.471413992871443104
"JAM",2015,2903.31488265450441668,390.89435147686392277
"JEY",2015,0.20272486168402779,0.0
"JOR",2015,0.39158375156684027,0.13060907969292535
"JPN",2015,31145.146519331403838432,100.68931450598741718
"KAZ",2015,181.162293676829386385,1.420862520412326556
"KEN",2015,15615.42393174692340227,120.90703204020920251
"KHM",2015,132857.45294665505575667,215.17801551589138837
"KNA",2015,0.95667154614149306,0.0
"KOR",2015,17340.736699024916692874,171.26553857413739221
"LAO",2015,284935.14483813804602114,259.22613755575736014
"LBN",2015,173.61729878412547047,19.1466038013812939
"LBR",2015,186010.12845404904355991,331.69274332167700275
"LBY",2015,0.19478584988064239,0.0
"LCA",2015,7.17510660091471313,0.0
"LIE",2015,1.317510179370659781,0.0
"LKA",2015,7403.01519846428778567,46.88254625672608156
"LSO",2015,0.93445517565755218,0.0
"LTU",2015,15794.339392663919528978,9.041978453240019099
"LUX",2015,327.465311453554634072,0.04997650455078125
"LVA",2015,30829.686516238697874358,36.566503735980900416
"MAR",2015,951.99198590051850050,198.29666008589956541
"MDA",2015,495.681670907144119792,0.36546600228949653
"MDG",2015,301788.66122449863859183,15328.72655140576615874
"MEX",2015,197533.42181760215793766,25458.34954625492628661
"MKD",2015,784.328061529121285335,16.364714236569011334
"MLI",2015,204.15351593025063527,0.0
"MMR",2015,293305.17515602390329657,1420.22875467762258365
"MNE",2015,180.96339953500653350,5.88757992018012251
"MNG",2015,7145.32720551941146712,7026.58035311511346523
"MOZ",2015,181404.75417451170287055,3897.66219996672219312
"MSR",2015,0.14748139192708334,0.0
"MTQ",2015,31.57205200342122427,0.07448115639051649
"MWI",2015,10793.02663652510597769,19.29373042412380671
"MYS",2015,454490.82301311865695605,9729.90529679868452285
"MYT",2015,18.08987840803277145,0.0
"NAM",2015,6.01480415615017434,0.0
"NCL",2015,486.10100285992730004,73.13473485914171364
"NGA",2015,40927.69901921678838618,18.56806086520290986
"NIC",2015,35520.95409536408179841,1201.38905541253653686
"NLD",2015,894.199683206688614691,2.071591068012152876
"NOR",2015,36638.846185055881793546,140.721987530379793096
"NPL",2015,579.36620479625448788,10.22144328428710982
"NZL",2015,64002.905942321054432086,1459.653237060308242490
"PAK",2015,2.41608826049479172,0.0
"PAN",2015,10591.24318556574607054,342.16047570435196243
"PER",2015,166449.30988682745054611,7088.90272355034191218
"PHL",2015,65895.72467313562474698,796.53916752033530808
"PNG",2015,180806.79727651827126055,36207.03922142869474126
"POL",2015,42742.650945524557617182,53.15093198191624725
"PRI",2015,722.22412547998500589,15.74448128439127574
"PRK",2015,10851.636498171453843662,6751.80582446282838471
"PRT",2015,46096.374452029788142840,10782.083669456490879913
"PRY",2015,279304.28376332649136057,2790.01383078814270836
"PSE",2015,0.13028041131293402,0.0
"REU",2015,8.56222899716037448,0.0
"ROU",2015,10906.457073372697988210,14.06140307126085148
"RUS",2015,2332110.880528426835288635,1430796.383549675996600663
"RWA",2015,2216.79813322272268106,54.20881219855506162
"SDN",2015,8.05573739788953968,0.07599759097059462
"SEN",2015,293.57143339276071841,0.60141282592068145
"SGP",2015,155.05171350102453750,0.30763291248772516
"SLB",2015,14969.81737391289256061,607.27458885134585772
"SLE",2015,232761.73455490517162002,261.67061575247834582
"SLV",2015,2388.83423208954330846,147.91216067701228789
"SMR",2015,0.16727279608072917,0.0
"SOM",2015,65.91837287777766512,0.07691736421013726
"SRB",2015,2815.553182324304567159,19.847168094101562286
"SSD",2015,2459.85267347979653258,4.44401757485568593
"SUR",2015,11921.11899465264837345,1391.57454328180878061
"SVK",2015,5282.637665465017197425,4.556809549986978831
"SVN",2015,1023.409987927016106535,0.96451745417100695
"SWE",2015,216031.203833007128526828,856.100398735067313562
"SWZ",2015,3215.64274716867108911,41.57152224937282963
"SYR",2015,2393.17116919880145051,1079.62564247288961633
"TCA",2015,21.25021906216471073,1.07313444870117181
"TCD",2015,2591.36846149654540927,7.1610240024671776
"TGO",2015,935.64322382232993720,0.07627919548177084
"THA",2015,120750.33446018942635156,240.09494890238824053
"TLS",2015,862.91000529834384722,35.03270284098904993
"TTO",2015,668.19364098069034668,14.92351302903047452
"TUN",2015,1880.146494351640936325,1483.417747678456173045
"TUR",2015,27734.979706306149460956,963.61473304221414855
"TWN",2015,942.64104255487759928,0.49229569847439238
"TZA",2015,111960.15492413845816062,328.55082607270500092
"UGA",2015,54021.26520381982076953,2.07620905347725777
"UKR",2015,48913.807425310104569023,2335.961596591802288335
"URY",2015,17586.20347137029463139,121.50379981525932413
"USA",2015,2289653.113389575896872382,925082.882163483931251481
"VCT",2015,1.72356725350368945,0.0
"VEN",2015,61336.31437114776682160,5397.44670368769980318
"VIR",2015,0.2924751540169271,0.0
"VNM",2015,217883.25324113912713131,1277.15619611184150133
"VUT",2015,3476.16022819573199872,187.70505907679601280
"XAD",2015,10.5501553577560829,0.0
"XKO",2015,470.77986673415146744,9.8138747597439275
"Z01",2015,1.2928700611447481,0.382354634828559
"Z07",2015,6629.75325271808970161,57.38771490882921527
"ZAF",2015,70157.20182231300013406,14118.01357061072721991
"ZMB",2015,87182.03650196872771114,3518.96322090708250435
"ZNC",2015,30.5649816536675344,0.0
"ZWE",2015,12243.16522399926357662,166.09432459539387753
"AGO",2016,229690.74624210715027997,1580.67573832644148192
"ALA",2016,672.659233779654037044,2.62374758935546883
"ALB",2016,928.391161055958413756,284.20052618452622235
"AND",2016,0.62751082862630214,0.05703829234157986
"ARG",2016,230312.73650875787825561,22320.193973443325081112
"ARM",2016,30.04757964458984475,2.87133456283637162
"ATG",2016,14.42539973627495537,0.80879143625325528
"AUS",2016,430903.685525314339748048,282037.022542719804202600
"AUT",2016,17218.05507528901720479,45.95165657067925402
"AZE",2016,25.47520986746093913,7.564777573793401505
"BDI",2016,1575.87445005659558700,0.2305204349230957
"BEL",2016,4512.242798134465883475,25.519332294689670730
"BEN",2016,2010.49219854915925490,0.68670124012424046
"BFA",2016,0.0,0.0
"BGD",2016,21196.36906496458162768,21.82100016634114752
"BGR",2016,7394.709128121905850486,214.40906270559469467
"BHS",2016,3136.08465530682952942,1957.21703558469397182
"BIH",2016,2307.97952624853807478,155.90854475211806693
"BLR",2016,90486.781113949713672330,4850.910118753921310644
"BLZ",2016,20622.00170861508472600,4608.58397206422851464
"BOL",2016,470310.18685634327830218,111128.35314709977676341
"BRA",2016,5378610.27954842101351541,2377428.48333843330931018
"BRB",2016,14.31625898634656423,0.0
"BRN",2016,2572.50746276335350445,934.55655062742877570
"BTN",2016,1962.88365843909611373,155.39533550682189406
"BWA",2016,0.7276476864485678,0.0
"CAF",2016,51151.91741327133258522,10562.10967233435223891
"CAN",2016,2084425.778413676506659884,1052571.269049164767100510
"CHE",2016,1679.041702827028981155,5.620517255670573364
"CHL",2016,113778.735871742398467217,9108.709809727209209046
"CHN",2016,718775.12417065822979426,22217.825143320302312166
"CIV",2016,221124.46675084760265421,395.81035451630312832
"CMR",2016,116619.22980542616542892,824.95281048208294892
"COD",2016,1381503.69438783123745219,55990.50975296087724231
"COG",2016,114303.64306561805222009,34614.15732916764279426
"COL",2016,290868.25525595035740849,49285.26461664967664672
"COM",2016,124.36478813749130340,0.75242767982855906
"CRI",2016,13842.90738553458636797,1412.58160541756909282
"CUB",2016,74052.69806430403633729,3385.66600335535346456
"CUW",2016,2.4078543102473957,0.07525077769259983
"CYM",2016,70.06050036108617038,4.78681273331705748
"CYP",2016,568.91539414057696179,556.66192999934217533
"CZE",2016,22813.362239138125445815,50.75329196337239954
"DEU",2016,26876.854041791962027819,169.153488023637223524
"DMA",2016,7.12397675602756117,0.74173204205295140
"DNK",2016,4656.340520046437863653,27.620104063511304457
"DOM",2016,24907.91502003455329645,4560.78741182832371890
"DZA",2016,8011.360145269276372547,5835.006749076342100319
"ECU",2016,44091.18972161666692756,3392.76633447182871684
"EGY",2016,36.72802966209092880,0.3955895340885417
"ERI",2016,0.0,0.0
"ESP",2016,107562.184375920994414467,20719.339201791319454597
"EST",2016,36334.857226925246855089,106.617043603940979929
"ETH",2016,19581.64310748036286283,60.22302560656930028
"FIN",2016,240428.463171600256581050,1877.004567624598649517
"FJI",2016,8373.14087823585312257,881.77135618811327145
"FRA",2016,60768.520207220858998597,1980.03443930271864023
"GAB",2016,32150.61791553544302463,301.30757572670672753
"GBR",2016,28805.528633534275991709,293.302093108365864002
"GEO",2016,523.421991056024492199,37.883817424346791464
"GHA",2016,119243.18802523828256980,3641.30407962995843788
"GIN",2016,216012.56988878286823896,547.23296564129836173
"GLP",2016,70.02423404489359825,1.03647361550781284
"GMB",2016,5.1705412422634566,0.0
"GNB",2016,16120.29589289368298063,3.54345550394965300
"GNQ",2016,9545.24157246942502961,41.83574904827053821
"GRC",2016,6034.199903191730182278,3289.455943902878762488
"GRD",2016,59.44976265754394909,0.37616803741482204
"GTM",2016,178532.10785089151562263,53349.41920895489105883
"GUF",2016,6127.21134166533066345,464.95047991097167490
"GUY",2016,26512.36610154962477610,9892.88378776195528081
"HND",2016,188441.52687708181212652,41476.39510054165693545
"HRV",2016,5372.963121165213526340,151.348795135034676016
"HTI",2016,17266.93390706277655104,1742.00706847017597303
"HUN",2016,14018.768529787547694388,94.852630530614044646
"IDN",2016,2422066.01003015980722459,729189.12007086974441330
"IMN",2016,35.15682595964845184,0.5448875581380208
"IND",2016,164151.43744600407026749,965.92097739033873484
"IRL",2016,9390.417908621736291278,77.014617499485683473
"IRN",2016,2.4079650067860241,0.43052453828993057
"IRQ",2016,0.4917362710351563,0.061467762999131946
"ISR",2016,64.87129809018880980,4.02882532895616314
"ITA",2016,24717.648570403147915864,2733.190216494153357906
"JAM",2016,1991.53603095427380003,421.28998187829815050
"JPN",2016,54993.593113633708348691,854.33835400854262347
"KAZ",2016,1288.550612204612095167,184.606819407452114032
"KEN",2016,19048.53768581156199968,96.36534445865923767
"KGZ",2016,11.524777086558156234,4.107038169214410309
"KHM",2016,182885.56911822070915094,1111.07138771943197210
"KNA",2016,8.38889596200520545,0.0
"KOR",2016,22557.676790991059804159,548.280206109550809050
"LAO",2016,387635.12058193724448105,858.61171423650166825
"LBN",2016,266.27434058727855083,41.50949860311414863
"LBR",2016,168586.20027322790015755,1535.48173944389068229
"LBY",2016,0.519489630767144,0.0
"LCA",2016,107.17038489836425988,0.67253284188205293
"LIE",2016,4.32166223252821133,0.0
"LKA",2016,17489.89708803594899503,244.18334458908203753
"LSO",2016,15.27565188290364729,0.26813037973632812
"LTU",2016,25531.687123815489440616,131.68775525770400689
"LUX",2016,520.779825470692240895,8.33416952507378545
"LVA",2016,44945.417140954705970760,134.407808787122396245
"MAR",2016,2041.20256722039050983,735.66969838673145859
"MDA",2016,832.901403775822663145,3.94194931181206600
"MDG",2016,383655.55238433104492483,18799.94849288377326345
"MEX",2016,273930.38997322303244496,43030.28829981251308554
"MKD",2016,1496.246433181820633525,51.966846172584636881
"MLI",2016,204.828311032083024,0.0
"MMR",2016,362552.39113489622369772,1919.19479126993268573
"MNE",2016,1119.527122834036233836,106.512612486901022606
"MNG",2016,4142.11333017930558175,3315.526580539300519804
"MOZ",2016,250565.43399179847169353,4615.50147719517543959
"MSR",2016,6.26859342457573875,0.0
"MTQ",2016,26.05926787527941419,0.29814630859863283
"MWI",2016,13529.99599562918077585,84.90837794426459978
"MYS",2016,565553.11044824723099026,20412.44438603734540891
"MYT",2016,83.46931421060824456,0.0
"NAM",2016,1.3206881883474393,0.0
"NCL",2016,1323.90859335315585075,671.19286547316711561
"NER",2016,0.0,0.0
"NGA",2016,72189.61579178817940574,198.31624384441544812
"NIC",2016,142379.30626406043861716,11933.50487564867003873
"NLD",2016,1406.590169168572549791,20.682838611217449294
"NOR",2016,60081.686029667330672347,507.700127289034333219
"NPL",2016,998.51341691893138686,91.84293600973312568
"NZL",2016,80359.090741890509164840,4012.039770937031816321
"PAN",2016,17378.39353603188616160,3015.22799327269372770
"PER",2016,230953.45026313690561053,18997.59348731124208565
"PHL",2016,129109.10682689801883814,2947.87313905664777063
"PNG",2016,177924.94011419178497003,48662.70166867427629910
"POL",2016,86510.723643151682804746,376.434895169008276042
"PRI",2016,599.27468304287000736,10.24705198386501765
"PRK",2016,11487.23497701891624981,2192.12119245451879581
"PRT",2016,94645.800976135647153080,34808.113529544530559422
"PRY",2016,319793.17429244991631536,10335.28122911638607970
"PSE",2016,0.0,0.0
"REU",2016,7.40461717919596415,0.0
"ROU",2016,23045.408908887125826566,324.56613116857232767
"RUS",2016,5051685.620462661869024562,3712802.456901785434874130
"RWA",2016,2777.59499939311485791,2.22956197170105021
"SDN",2016,26.6771069123795487,0.1520050022357856
"SEN",2016,254.40699072081998031,0.0
"SGP",2016,154.43653726307523971,2.30741340192267537
"SLB",2016,17992.60317252857422186,970.53594283282037999
"SLE",2016,177686.75716734377262702,473.36085198351271574
"SLV",2016,5743.24181728657155060,601.33023285038539598
"SOM",2016,86.37904766203377860,0.38452123914245606
"SRB",2016,4676.165999401830590957,195.831282904064695900
"SSD",2016,4067.78188527623390062,13.72119082841837525
"SUR",2016,16877.90266814829227210,2401.64931721244729264
"SVK",2016,16941.719311575541228511,68.934222570052084586
"SVN",2016,5389.24346313266352647,5.03806211275607609
"SWE",2016,310348.135607177104240016,1558.765781087635032363
"SWZ",2016,4801.90235291192611563,49.05008885311957217
"SXM",2016,0.2929652295681424,0.0
"SYR",2016,1812.67370145569344098,998.27742019691049162
"TCA",2016,18.88706690998697921,0.71495411089518237
"TCD",2016,3165.96322905397497088,6.24618580480414456
"TGO",2016,3446.68072000199672024,12.60217903923448120
"THA",2016,171583.85404278195891480,921.58587501756016083
"TKM",2016,0.05944391225694445,0.05944391225694445
"TLS",2016,1296.54328541759344607,52.51188573232096458
"TTO",2016,1351.19613656815166302,16.35388407088378860
"TUN",2016,1454.956105704309587581,1159.827409613096005915
"TUR",2016,25633.047734699297717118,1809.278033849703211999
"TWN",2016,3322.02311029791504186,38.92888165841796969
"TZA",2016,152852.55655233989447722,317.86951167635765366
"UGA",2016,67486.12145197713686644,1.53835037862053765
"UKR",2016,106760.562892108625616391,14490.733375469229322093
"URY",2016,23859.53361870932675677,329.33599611480361176
"USA",2016,2264071.526555874397469043,595955.874790514495445138
"VCT",2016,16.03810071685492754,1.7243787132231989
"VEN",2016,207336.55016930248025797,97775.41047623660138540
"VGB",2016,2.8502429745930992,0.0
"VIR",2016,8.64897167993489716,1.46740938989691848
"VNM",2016,353430.51783130731768153,3270.42025693869910722
"VUT",2016,1340.67431192541698576,161.34839476008529026
"XAD",2016,17.28899873230470206,0.0
"XKO",2016,912.231316598795643469,43.238860147042072896
"Z01",2016,4.74770573537652065,0.0
"Z07",2016,11206.30172439467907053,177.83528139616208830
"ZAF",2016,73546.41163982927045153,7548.61581343675741173
"ZMB",2016,141400.60863488562997063,8017.32525604041006494
"ZNC",2016,43.94931134871525628,0.12645002137152778
"ZWE",2016,10925.90116786276284405,544.49620722694817199
"AGO",2017,280422.01876747385563459,1260.07289568052460153
"AIA",2017,0.80504822438259562,0.14637484200520834
"ALA",2017,735.14380036151057004,5.36469133729166688
"ALB",2017,1686.824073782149841280,1025.552477874317806566
"AND",2017,3.4221603947135417,0.0
"ARG",2017,233945.098843816670384386,25401.946538589046721495
"ARM",2017,41.747318015212685296,18.08935617807509267
"ATG",2017,71.89840979999025964,10.05946425106987998
"AUS",2017,236877.519675266740246850,114605.375389106490090992
"AUT",2017,18402.47322119081859481,54.10843264139106080
"AZE",2017,80.10105221121529223,32.66274383988065631
"BDI",2017,1775.19277727587235589,0.30720795349907771
"BEL",2017,4137.322685933485170089,51.883176194159986464
"BEN",2017,2234.71102042409333001,0.22879487103515625
"BFA",2017,0.0,0.0
"BGD",2017,28377.11271268434114699,42.31498387991210895
"BGR",2017,7687.622621573023658791,412.25202347107178702
"BHS",2017,3703.93622655410354070,1923.19363365715853503
"BIH",2017,1339.314767504973739715,129.18560592156899586
"BLM",2017,0.07330176779622397,0.0
"BLR",2017,78766.946608521927589721,625.621789362018186170
"BLZ",2017,16445.79696379786413184,2852.22789074354056666
"BOL",2017,462948.68641027048838533,100880.72881279710311621
"BRA",2017,4519545.89811411188359378,1473863.92156044607803746
"BRB",2017,15.81409674932780039,0.07495364050401476
"BRN",2017,944.63349794626326317,39.48951412191623467
"BTN",2017,1972.24437872116783009,412.64700930454093251
"BWA",2017,1.15717965338975682,0.0
"CAF",2017,63910.10122448081528053,2245.39617604023445334
"CAN",2017,2559736.502580542552456548,1458033.359672711104403312
"CHE",2017,2542.413156324303559395,22.20314595206597247
"CHL",2017,214808.646975708284222952,67628.472475230603660641
"CHN",2017,644430.79916273653265994,20565.467177408865471596
"CIV",2017,357308.85845207635512114,192.00758166948487842
"CMR",2017,187281.58783352471591108,638.45342359561860778
"COD",2017,1468187.69905825881017299,33757.20280839237506305
"COG",2017,63874.85035791227909348,2086.28787210568028454
"COL",2017,424642.23918300570724701,31486.06223867049663213
"COM",2017,307.94321504598269877,2.63361218991807715
"CRI",2017,22051.00225194130977639,3076.16943624107956765
"CUB",2017,76813.80059414976418649,43923.25345939529622198
"CUW",2017,0.82741025589301216,0.07527440643771702
"CYM",2017,73.62158437148873476,0.0
"CYP",2017,437.26965278383339988,381.36561445644990828
"CZE",2017,26518.115559072962551034,22.501409454205723302
"DEU",2017,32999.138146159609842911,255.10787068047541965
"DMA",2017,23290.91323707710474726,917.29750390331710071
"DNK",2017,4360.353965592221978001,66.295386664759121216
"DOM",2017,27063.36265123987498681,2475.11537747551277775
"DZA",2017,45968.587822772231284811,41705.444016840434328257
"ECU",2017,71258.13776083718858997,6024.91992939250576963
"EGY",2017,58.43038358912544116,0.99685309869574655
"ERI",2017,0.0,0.0
"ESP",2017,98458.688853884007796026,35878.627457181932500606
"EST",2017,38856.693660687796056539,160.886765907148438526
"ETH",2017,35403.50582711625213877,58.03541356694363505
"FIN",2017,336198.540592861730602600,2591.702154195264967632
"FJI",2017,3091.61899762436729818,203.21641672096141128
"FRA",2017,69249.043253463038565933,5856.670051724480175750
"GAB",2017,38643.62480725168671459,361.01051865438547377
"GBR",2017,23044.909006995224620296,320.349458274305584525
"GEO",2017,207.898165376276066574,51.62802997966145163
"GHA",2017,115331.75851409397788436,44.82555288305718609
"GIN",2017,231588.17311940964883263,381.73615417126630008
"GLP",2017,60.45295035976834981,2.07187634502278641
"GMB",2017,8.09333774420301687,0.0
"GNB",2017,16436.50458230718244295,7.99845440307291708
"GNQ",2017,11937.86910180298124787,66.43915252508924220
"GRC",2017,8909.197671390154612280,5448.020553018168166715
"GRD",2017,28.15271755387695807,5.72131628933485382
"GTM",2017,79800.66123628208628393,7601.46044854153821989
"GUF",2017,4144.33696455739020293,487.63438436793475037
"GUY",2017,19433.51092953189961806,2053.50241870674262261
"HND",2017,113473.43477883627519155,14763.69671104193147083
"HRV",2017,5846.645323484931622346,502.846593879283707294
"HTI",2017,5498.75803072597132222,542.11849798609041124
"HUN",2017,14115.974491460048624005,25.33147851376302460
"IDN",2017,1300718.37950938836012307,51994.22168203418918975
"IMN",2017,36.23436688272569322,0.81741717265624997
"IND",2017,179259.89255407240721129,1340.72571385199175638
"IRL",2017,6125.482285914552530093,102.827744499368515199
"IRN",2017,109.914075090373186256,20.22674680720920029
"IRQ",2017,0.9834451819618055,0.0
"ISR",2017,99.54904099372829814,39.34140216655921331
"ITA",2017,34091.515669465741623617,9354.065746857412919840
"JAM",2017,2200.05460055615369221,93.45507020665473251
"JEY",2017,2.93662193473090307,0.10126776210069445
"JOR",2017,0.98052545507704003,0.91533345285481779
"JPN",2017,47612.725014595985526327,401.440863842887759000
"KAZ",2017,975.176984581333004615,248.243828095059540150
"KEN",2017,22163.23428463436968073,177.77760212357853232
"KGZ",2017,55.752073407983951464,27.41306171048394162
"KHM",2017,118467.98610819392168716,996.01700720155400278
"KNA",2017,3.67844264515516523,0.36792779912000872
"KOR",2017,20757.056090920751084580,731.363298121311613556
"LAO",2017,349044.10297640685651960,422.59886531655009527
"LBN",2017,288.20918854333448490,45.94587938293512032
"LBR",2017,203292.57014324516068275,991.39879446375752894
"LBY",2017,10.452949380375434,2.7917840013736984
"LCA",2017,83.55703969959853190,1.42017684783257392
"LIE",2017,4.05777523833116340,0.0
"LKA",2017,13065.94496322985029769,57.97080945423638239
"LSO",2017,7.8055546214507384,0.0
"LTU",2017,25803.604190272057007889,155.555702996970498232
"LUX",2017,412.716564265698819874,4.248704035605468768
"LVA",2017,47085.306154818899554324,237.568382155230004039
"MAF",2017,4.17420893328775965,0.29292710523763023
"MAR",2017,2366.56711858697608965,921.83444370728131695
"MDA",2017,1092.116612559579043540,12.83166495491753559
"MDG",2017,510357.07765255045848487,36332.85357464159494955
"MEX",2017,298634.38769721095049076,47306.73351743640857523
"MKD",2017,1147.151517532569049325,205.262459409045077244
"MLI",2017,331.98500583250404872,0.0
"MLT",2017,0.12519266251085070,0.0
"MMR",2017,341843.90385980354440140,1902.54075744641043065
"MNE",2017,1268.97161963207888044,672.158599016232984580
"MNG",2017,25238.08942958458757050,24447.12087875961161005
"MOZ",2017,359023.14794612533988027,3202.92204075901234161
"MSR",2017,0.14751483680555558,0.0
"MTQ",2017,115.69333389234866378,0.74481144726508253
"MWI",2017,15351.02639709923352918,89.85391227598413457
"MYS",2017,483499.20786615357074859,8649.04804813626771460
"MYT",2017,44.36385521609318430,0.1501963124858941
"NAM",2017,2.12744568006510408,0.0
"NCL",2017,1159.78056947203434742,352.91074009847758332
"NGA",2017,171045.52341545596068153,633.38945517199881233
"NIC",2017,211698.47992181922994602,11610.14711188642718128
"NLD",2017,1333.202915522730298775,34.647406429620226007
"NOR",2017,57916.639649338551849031,672.943646298374591663
"NPL",2017,2394.08393241938839395,520.36598646988807943
"NZL",2017,74883.640465027909903572,1984.054757678552378646
"PAK",2017,186.36409514577046294,142.70062594071727958
"PAN",2017,30970.05497749992222913,1590.63519365942687368
"PER",2017,303216.79366880835330551,39745.41523741946863179
"PHL",2017,114280.31377704294383155,2056.83020134245462251
"PNG",2017,117508.79802494305613386,4117.16019582680543470
"POL",2017,96251.121675315003146904,369.544945836002626002
"PRI",2017,56205.71666167966365856,2974.63488086037211613
"PRK",2017,8520.854667518377603842,1034.639729716355226392
"PRT",2017,173894.261730888720441776,130530.186099420815684715
"PRY",2017,360073.37744380280120931,52330.74792540161525745
"PSE",2017,1.70296878078016499,0.65558668712890627
"ROU",2017,19187.291055080582670182,29.990033672565106765
"RUS",2017,5288940.621115584589338099,3374535.009456698841155590
"RWA",2017,2731.12546874516511085,1.69167290366834846
"SDN",2017,74.647332174659358,0.0
"SEN",2017,391.79548266343768763,0.0
"SGP",2017,262.65034720572877327,0.615291389433526
"SLB",2017,19761.53861861985390157,831.74406787258405644
"SLE",2017,232752.59575916387912989,1090.34890876107616064
"SLV",2017,4745.18551727510562545,389.66645201268118507
"SMR",2017,0.05572152468098959,0.0
"SOM",2017,304.89673329013727871,2.61557700083621639
"SRB",2017,3570.585906969310000621,59.83739327461589229
"SSD",2017,6856.15022777226497702,12.34689734982584629
"SUR",2017,18018.09235634426441685,2387.97953809166242486
"SVK",2017,14212.033054504204884094,41.765196205824658404
"SVN",2017,4888.343302570041103196,14.122562664479167305
"SWE",2017,331217.290512784428119067,2074.726334932252405358
"SWZ",2017,6376.64179823002813263,373.79598928981665496
"SXM",2017,4.54094752444770032,0.0
"SYR",2017,2146.56960350230907047,938.17788197275042456
"TCA",2017,32.83492385395290767,2.78995634382052951
"TCD",2017,6765.21493014080322546,8.99073041802924374
"TGO",2017,7107.01408327023680770,2.13511835366021072
"THA",2017,196352.84616360523491158,478.81630056771918968
"TJK",2017,0.121153871890190975,0.06113753197482639
"TKM",2017,0.061047255041232644,0.061047255041232644
"TLS",2017,1713.47123931018215602,57.07814063333984739
"TTO",2017,739.11102977876735877,8.92404574081380233
"TUN",2017,8533.949301313359290448,7855.155117526728826258
"TUR",2017,33901.001345002453907565,3665.520657367613408785
"TWN",2017,2584.12053630934950883,18.77027729492079128
"TZA",2017,194869.32014424332110073,832.45719287734307329
"UGA",2017,116903.45408021525248749,12.14676903413037382
"UKR",2017,85860.909029801431406341,1981.496553077818001854
"URY",2017,21902.22130237980681180,751.34446874040040364
"USA",2017,2311359.169842043278636392,546225.161679920329406651
"UZB",2017,1.6941330467187499,0.17547026806640625
"VCT",2017,30.79834999634818420,0.37475249447157122
"VEN",2017,166997.72796326985236418,13171.61209953933496830
"VGB",2017,229.36256174673604095,31.19965173289605527
"VIR",2017,1126.42514876554311604,76.14182393668513184
"VNM",2017,286999.88898031564399624,1860.41334971758184427
"VUT",2017,436.09194112168102868,93.35584678735034759
"XAD",2017,2.6696409058029525,0.0
"XKO",2017,623.824789098027429012,17.781238133489583666
"Z01",2017,65.38839868039712714,15.8343392390201850
"Z06",2017,3.8826460134895837,2.4823324655468746
"Z07",2017,10095.61688582002057052,331.24685737037002863
"ZAF",2017,94055.71786230876645936,22770.48877301743717266
"ZMB",2017,162432.26653059457144545,587.89181012174094907
"ZNC",2017,55.315656545850700,0.12618061875
"ZWE",2017,25913.69026559231378870,444.04685994027135935
"ABW",2018,0.30063088600857207,0.0
"AFG",2018,25.7058452539019268,19.0240207486794705
"AGO",2018,242522.37313511721107222,962.64444666117707608
"AIA",2018,0.2194748151323785,0.0
"ALA",2018,619.706688772781262106,0.96551417223741321
"ALB",2018,2048.293201690133974150,756.720431358552552691
"AND",2018,14.88821363372612834,1.2543120032052953
"ARG",2018,172964.43658742024365056,7742.900598848884522906
"ARM",2018,5.90252185319227512,0.878453286855468826
"ATG",2018,162.81460598863819743,25.67396071740342933
"AUS",2018,250753.711392615718348512,151101.707219870403998386
"AUT",2018,26335.066923810204257515,15.857445187992622399
"AZE",2018,75.32863975567063658,17.38960107799697502
"BDI",2018,2874.57519478758793106,1.76688057963500967
"BEL",2018,4630.804507176121224830,34.235988568908453995
"BEN",2018,1820.56369868422249527,0.07647595049099393
"BES",2018,0.44077927154405383,0.0
"BFA",2018,0.0,0.0
"BGD",2018,19342.80015086307134597,25.26669134542426461
"BGR",2018,9753.921477833724025208,181.39949118702685234
"BHS",2018,913.74907637080794280,461.72123212459529255
"BIH",2018,2673.232016901243088996,201.743908263951865728
"BLR",2018,87446.285678601950835272,736.102103653391841968
"BLZ",2018,11162.54226851821919488,1266.86282078454608488
"BOL",2018,301917.65164359441621642,31197.06591255569967310
"BRA",2018,2948392.52884155921524002,554536.79175382480329435
"BRB",2018,22.63424414733722500,0.0
"BRN",2018,806.55774531457363949,40.94043423528700311
"BTN",2018,1240.06448959203709609,353.48087983105175710
"BWA",2018,2.6249438728114152,0.0
"CAF",2018,40913.14626204209212947,695.66720673761304418
"CAN",2018,2142936.812963148981269869,1172467.384612306210382470
"CHE",2018,3134.439616724524525006,6.82741195821831642
"CHL",2018,76893.377242162128305089,4091.580730038405770165
"CHN",2018,569767.259462945412752341,19661.993938861423667196
"CIV",2018,324680.77854971289221677,307.56051796736736189
"CMR",2018,120813.73525862563612045,200.94785840611594620
"COD",2018,1373826.56604103603567144,39523.71464199614185557
"COG",2018,62697.82920092167896984,3087.73446715854668535
"COL",2018,352219.12797348909517014,27212.19020301539742289
"COM",2018,218.15903529950509728,5.03946420533528731
"CPV",2018,21.7135806070062892,0.0
"CRI",2018,12334.40910492579159425,919.59222012328294690
"CUB",2018,14955.10306669445876708,5017.57956216074000807
"CUW",2018,0.75222388673773867,0.0
"CYM",2018,42.38853785286677973,9.21275710025390803
"CYP",2018,32.45037143414713308,20.29343655242404125
"CZE",2018,39194.873835705719158185,5.747227687311198489
"DEU",2018,52238.957968991989801678,92.191428751790345315
"DMA",2018,778.56520479542248913,74.95884614707792018
"DNK",2018,3161.625253422650536612,14.518249857615021051
"DOM",2018,13970.35656141529560182,782.70362800617172073
"DZA",2018,5761.367891192527359020,2714.858574955326966722
"ECU",2018,38747.92180841487514378,3237.11434744531636087
"EGY",2018,62.73815149738499738,0.98989003987738736
"ESP",2018,119648.839104224421226129,19210.127686774878725935
"EST",2018,40037.877212862133505304,125.505711943070740727
"ETH",2018,18894.24322274953192222,27.57491047518826435
"FIN",2018,269954.625923517334048517,447.384366382354666081
"FJI",2018,1366.93536312733363690,139.47860709960294390
"FRA",2018,69201.663429386088138465,2657.349593184159474594
"GAB",2018,26787.90257798484779340,411.77014117094171082
"GBR",2018,26250.320682858043733541,111.788944494071193415
"GEO",2018,300.049159958877979536,84.660117302311167200
"GGY",2018,0.20145048737847224,0.0
"GHA",2018,151530.49019063327099609,21.64248236545247466
"GIN",2018,182895.05287649551327475,209.95366005196423991
"GLP",2018,100.89858279946664886,5.10562881153320393
"GMB",2018,6.14594194131239181,0.0
"GNB",2018,14394.17075915072864443,3.54333197331651475
"GNQ",2018,7824.05225485987922222,21.52978346469943695
"GRC",2018,7122.668737333893328019,2955.160742234641134803
"GRD",2018,109.80815758138185912,2.18237234913140201
"GTM",2018,71129.17704417856316674,7301.50492470930424901
"GUF",2018,3738.63434819543220704,370.92923368544055828
"GUY",2018,11761.05242713646407364,1302.70309023482942043
"HND",2018,76254.84923377157017909,8578.36304491866794119
"HRV",2018,8285.340237986675404667,397.624823041766041820
"HTI",2018,4131.55180499139649651,259.50691228872926684
"HUN",2018,13808.831790283190114487,13.225899519950086682
"IDN",2018,1218733.12768500119790668,54520.39973351247630956
"IMN",2018,23.6730372366189203,0.72645123309027766
"IND",2018,125295.26807157559294943,858.28842216247305944
"IRL",2018,8381.487118725918990837,66.083645620661857616
"IRN",2018,67.989587893654503285,43.894261226996508265
"ISR",2018,39.65515358359267108,6.39757259254774210
"ITA",2018,38839.619788522425876404,4676.794358029213940784
"JAM",2018,2232.63611540212037007,106.01812938476344995
"JEY",2018,0.10123078691840279,0.0
"JPN",2018,50506.69038959370695369,321.50114256408622468
"KAZ",2018,1138.887814857113129176,356.322785308797277376
"KEN",2018,15908.26164030239822453,101.57824202531615704
"KGZ",2018,17.37103547119140437,16.27796940035590104
"KHM",2018,113205.48582976523195145,596.59386929244023673
"KNA",2018,4.85461569453993048,0.14717426640516493
"KOR",2018,21848.378332811198774440,295.22515445742952701
"LAO",2018,294657.80019348865771619,464.46457064642909660
"LBN",2018,255.74116844648765778,37.96685571691081141
"LBR",2018,204932.16293762231026737,855.99495618033958165
"LBY",2018,2.92231886577473934,0.843825431529948
"LCA",2018,33.78015339789496799,2.76546219308702283
"LIE",2018,6.11404858589409763,0.0
"LKA",2018,13160.78491125228861764,194.21740698124701693
"LSO",2018,7.72213771004340126,0.0
"LTU",2018,19749.844356467175459936,38.095483201840277466
"LUX",2018,457.782299683658892434,0.39933850216579860
"LVA",2018,46923.521359871382864118,468.942672276822388180
"MAR",2018,2078.01749857905668014,345.33083827406595721
"MDA",2018,861.219109267732324095,8.89469272368272766
"MDG",2018,366620.01320705172448981,21259.67313491607177625
"MEX",2018,267178.47703236324499101,38291.39708961512674844
"MKD",2018,1542.93131280336392865,227.75358659984807937
"MLI",2018,298.79918577201930068,0.0
"MMR",2018,278708.43853388661080559,964.14900189926919383
"MNE",2018,1652.242790739477361098,320.80041370280181334
"MNG",2018,9224.329045354853481695,7906.484071125764679011
"MOZ",2018,172404.61919047002926565,1473.09070255568407634
"MRT",2018,0.0,0.0
"MSR",2018,9.4428053701996509,0.44263263116970486
"MTQ",2018,51.24024817145399868,0.67066706912380648
"MWI",2018,15519.46143611538356546,32.39797061073078660
"MYS",2018,438009.45506251953555139,6230.24998791067015774
"MYT",2018,72.58350490233125104,1.35116067792154977
"NAM",2018,7.93315108103733345,0.0
"NCL",2018,3069.44107184365116790,1933.45558220897306796
"NGA",2018,119823.06801515976665097,121.11125541202907908
"NIC",2018,71360.74012094166338653,4518.40721301620860012
"NLD",2018,1271.179917872526676832,18.487616782888455496
"NOR",2018,59219.471229697963235481,479.305159335907170003
"NPL",2018,1672.11661051246133790,107.54950034091687864
"NZL",2018,79228.114259537210006638,2087.349792812779612499
"PAK",2018,73.647835268479803,29.254050327749577
"PAN",2018,28013.26025935758279444,1995.86960792953357356
"PER",2018,211643.25036817371988094,13418.60199284273174824
"PHL",2018,70533.19669475200138530,1687.66192043696932074
"PLW",2018,3.89126619202826634,0.45773252986626523
"PNG",2018,117934.87364562520140302,3537.08867871990763332
"POL",2018,96846.195291840451387537,220.010428520425344735
"PRI",2018,1227.87992786876525612,224.90191922708335047
"PRK",2018,7691.72181341191851675,1171.844546104033247786
"PRT",2018,97437.236060027363413314,39353.796285705067754994
"PRY",2018,258769.27780851115619424,3761.32482632254337528
"PSE",2018,2.02768764523546048,0.72091678881184898
"ROU",2018,18974.387463229499622147,58.457240253832470299
"RUS",2018,5560431.581131933598035592,3589240.426045076633913307
"RWA",2018,4291.07537441494473673,8.99611914563707083
"SDN",2018,16.1157628217578149,0.0
"SEN",2018,300.94409676495813113,0.15037936570855037
"SGP",2018,289.02683051019646144,2.76875257902404822
"SLB",2018,17824.77894856256041470,609.73607355773663049
"SLE",2018,188217.97130127406253080,528.97495031494353882
"SLV",2018,2703.34751938074985089,239.08725561655053030
"SMR",2018,0.22314501609375,0.0
"SOM",2018,43.96594224073670553,1.2845943677566187
"SPM",2018,0.42455700738715274,0.0
"SRB",2018,3966.381087852912180778,58.271326557313378974
"SSD",2018,2640.93805290876228883,3.83248028756917317
"SUR",2018,19000.90114784523381108,2090.74382678173775060
"SVK",2018,17697.583252592935239499,42.723267239759116685
"SVN",2018,8215.194085072721092864,13.52632281251083999
"SWE",2018,290151.347718357148958587,3882.813431976059099389
"SWZ",2018,1919.84958659882860965,23.71981979973958571
"SYR",2018,903.42889385926538167,291.07832224762799598
"TCA",2018,36.12955168661892637,8.58361516299044402
"TCD",2018,6931.78333732772335688,3.9592770622073027
"TGO",2018,6762.41939020876450855,0.38120521461425782
"THA",2018,133517.48639988677637739,113.58439617415147590
"TJK",2018,0.1800544646527778,0.1800544646527778
"TLS",2018,1243.67484914857296436,45.52751921737413170
"TTO",2018,947.23956202933481884,15.42443835007378691
"TUN",2018,905.028145204758364250,558.55449121897973069
"TUR",2018,35668.330839898936289236,1756.867304701466663016
"TWN",2018,1901.45037543690360444,7.76422461327257000
"TZA",2018,171703.42479406291907360,376.97832183766712649
"UGA",2018,86229.99575000547020396,7.14315353955244739
"UKR",2018,74423.767856468023907067,1942.816617586680705481
"URY",2018,19531.28667686900005550,447.56141199744249539
"USA",2018,2092360.695626055832650573,545094.419279057504904993
"UZB",2018,0.466104254073350725,0.0
"VCT",2018,17.01207724403702716,0.74941731521267353
"VEN",2018,112166.26414638459373880,16919.65880639584230860
"VGB",2018,6.21236764107638959,1.60800223358506945
"VIR",2018,45.39200020479275469,6.28892302466471380
"VNM",2018,225177.05356055465661031,1565.43203599816312369
"VUT",2018,1031.35033539518757798,58.18877873995388677
"XAD",2018,1.65273739651041673,0.0
"XKO",2018,593.894051194053671294,17.66689320250651187
"Z01",2018,71.95398580370225966,13.95987131353732496
"Z06",2018,1.9138539644053824,0.5730434409331598
"Z07",2018,6865.77263752848819328,93.87005920213758726
"ZAF",2018,63666.82299717245551293,9109.28508163128770708
"ZMB",2018,143920.34077531810246742,387.10716958895949922
"ZNC",2018,35.10801199195747633,0.0
"ZWE",2018,6541.81211360565051198,30.35153585848524330
"AFG",2019,17.11506675814453158,11.58490777498698158
"AGO",2019,175076.52078336946544577,749.29594539403439452
"ALA",2019,2361.25091757453990359,1.93175270131944435
"ALB",2019,1073.50034872593828458,321.09542630790802785
"AND",2019,8.03998279296007157,0.0
"ARG",2019,145459.389704971991974148,8586.659391521392122992
"ARM",2019,0.706427593621961835,0.11999287869791667
"ATG",2019,23.41031010710397212,6.5521732657335131
"AUS",2019,1661547.111942415146914598,1526818.746072193441444249
"AUT",2019,33659.510352965250720162,33.281869697400172835
"AZE",2019,11.94976342916666671,1.87740089961805568
"BDI",2019,2386.17622536835857125,0.0
"BEL",2019,5577.118212720532363616,46.105894114756949960
"BEN",2019,773.15092047922103526,0.07647954381971572
"BES",2019,1.5425652265896273,0.0
"BFA",2019,0.0,0.0
"BGD",2019,22078.75883191462603599,26.92801709137695556
"BGR",2019,4125.018881264945690418,39.861975418491743914
"BHS",2019,1557.77356329313591822,504.04457507415390718
"BIH",2019,1232.21039705544485595,54.075542970138859774
"BLR",2019,75048.525075755369419730,2339.149195323728867165
"BLZ",2019,18437.34927058429026898,4369.05441735284951149
"BOL",2019,853555.96891391672854775,500665.47857135102659270
"BRA",2019,2696542.17879501420725976,448221.59976960404628511
"BRB",2019,53.66338849330902260,0.07495094980848524
"BRN",2019,1168.45755000401413498,168.15051024622315297
"BTN",2019,819.65376990096357857,64.92061672545572084
"BWA",2019,0.07219066732530383,0.0
"CAF",2019,49026.61679440043244387,1557.76670881225720746
"CAN",2019,2175716.167516531186349208,1247216.407163746006994692
"CHE",2019,3518.02068678395737332,17.01459237716145992
"CHL",2019,78733.740838194644812121,8096.619985502770291683
"CHN",2019,497026.879117842176562716,33421.33855033467363050
"CIV",2019,242201.77111878232660776,101.85986944822726567
"CMR",2019,121799.82096113592421748,358.44599262551918277
"COD",2019,1220241.16529112833831530,31411.21365058147459068
"COG",2019,73758.07861714314612115,2709.78174655074720145
"COL",2019,268476.52853669843551396,30637.27208977827224377
"COM",2019,280.49728503887199989,13.1863599967995907
"CPV",2019,0.1486707659309896,0.0
"CRI",2019,11488.96239748972009210,1253.62960418188974015
"CUB",2019,7463.60839057388562764,492.88624431492722952
"CUW",2019,2.1818032075661886,0.0
"CYM",2019,10.76036729791232776,1.30883408204318587
"CYP",2019,43.45628981809461352,10.07214031428385379
"CZE",2019,73288.680232863372235060,48.635420748103298345
"DEU",2019,108232.909744620681491112,848.870715184497663386
"DMA",2019,58.70914486738768900,21.74578720731173458
"DNK",2019,9180.333627167243919484,61.470530289578992013
"DOM",2019,14930.91128902381949399,1787.88976811831579332
"DZA",2019,6289.924955111391131380,3839.405153963056980855
"ECU",2019,35715.29204678774643185,2997.56820815915324210
"EGY",2019,20.9040568093956143,0.85781992096137155
"ESP",2019,71021.864828331274005105,7617.312558655088003081
"EST",2019,45917.245814342063242272,124.897826002508672070
"ETH",2019,25582.39838615167004221,30.07227435753879239
"FIN",2019,289910.433963487088835893,659.505709672131161805
"FJI",2019,1455.84047928457279465,23.40574603853624266
"FRA",2019,81304.447682624967531071,3297.768365365865871176
"GAB",2019,28561.01882431762698796,673.14690564590925454
"GBR",2019,28392.882897568525794032,215.869097365651052374
"GEO",2019,166.18634399653213148,1.764258214051649365
"GGY",2019,0.3008211251041667,0.0
"GHA",2019,88265.36798248115388564,13.68503663778510329
"GIN",2019,193689.93216448558055143,238.99069014784475990
"GLP",2019,70.26019322572591571,5.84245825972927582
"GMB",2019,20.085571262491331,0.0
"GNB",2019,15622.72825428658271016,12.06752776851779557
"GNQ",2019,9526.09500578094734625,10.45821221137424208
"GRC",2019,7604.94720107425979768,3282.71458956171324086
"GRD",2019,21.06297714314399120,1.35338983207953580
"GTM",2019,90261.35709486284140144,21973.03018997182729184
"GUF",2019,3297.92582579197811215,338.33735019383948877
"GUY",2019,22324.19466286762776750,7112.06486185447484007
"HND",2019,81415.85952949338950050,12571.16319648472559743
"HRV",2019,5977.626809427684561883,52.544861966401909514
"HTI",2019,4395.44081062647071042,218.33377481621525162
"HUN",2019,14401.012381995810551135,6.61705891538845506
"IDN",2019,1176883.45165677361274829,92147.46408749014411460
"IMN",2019,39.41001702511286262,4.54521606432725788
"IND",2019,115903.91004132516633243,922.35903521988449195
"IRL",2019,10354.220143685037573755,36.596200750308160177
"IRN",2019,144.05646496422310016,89.40466742565534798
"IRQ",2019,0.06209721399739584,0.0
"ISR",2019,54.35792290111432419,0.45973551771701391
"ITA",2019,59702.146532816730298027,1786.03121123134904607
"JAM",2019,2292.15580609812701890,98.85768370793947643
"JOR",2019,0.58736446819769972,0.2611150827094184
"JPN",2019,51380.500391523354106456,223.574367037726793546
"KAZ",2019,1281.725583989125407420,221.492845672452190654
"KEN",2019,15950.47570762959294578,138.58505481050952590
"KGZ",2019,15.7267664275303852,15.2114705368164091
"KHM",2019,143345.33390736596863866,834.72674797473802149
"KNA",2019,8.90336391154730937,0.36772670748697918
"KOR",2019,20730.84338074518456002,1289.245517986262373826
"LAO",2019,364695.13496435019872412,479.92475233283799860
"LBN",2019,389.80778729658752799,86.66475004822264857
"LBR",2019,171765.61797923302875807,1116.36972601467612311
"LBY",2019,2.14434264185112854,1.0398070466731771
"LCA",2019,21.89532865355577442,0.74715780965440540
"LIE",2019,11.544410222528209516,0.052762956662326395
"LKA",2019,10307.14289287238533752,111.93741707573726400
"LSO",2019,10.20990833923719773,0.0
"LTU",2019,24565.204584139421282639,56.80018133540365471
"LUX",2019,509.19765510358730566,4.44231052392795179
"LVA",2019,57402.930579995171105655,335.938375927832042445
"MAF",2019,0.5126036865505642,0.0
"MAR",2019,1250.01748588564982857,388.55095962338249005
"MDA",2019,817.159428098630757834,4.340221003352864905
"MDG",2019,254242.66519554070854463,23426.29393815158782519
"MEX",2019,327305.42728557835612064,77118.95807979360182931
"MKD",2019,1790.296992155973954713,114.85911459072486535
"MLI",2019,210.75723679909060305,0.0
"MMR",2019,309418.45824321870934824,1315.27090071508391273
"MNE",2019,647.23663328046645458,38.003234071579860619
"MNG",2019,2815.422969558709746915,2171.031078241027331685
"MOZ",2019,235664.24820953356586696,5874.27052466282286475
"MRT",2019,0.0,0.0
"MSR",2019,4.64687765316948763,0.3688629584288195
"MTQ",2019,60.54677782825303329,1.63919886466091579
"MWI",2019,12149.38506320338818425,16.56354790068956214
"MYS",2019,395404.58431471140918863,6783.49460234749566161
"MYT",2019,34.90639031589899503,0.52547455139105908
"NAM",2019,1.96699585995551214,0.0
"NCL",2019,811.97016784848382645,389.39686002510945583
"NGA",2019,86895.12476145216776495,132.89164174767660017
"NIC",2019,77828.93451551601358851,5248.35362970661213151
"NLD",2019,2481.473998876966769712,30.20917130634983028
"NOR",2019,64784.172063588047933585,903.100565770891166166
"NPL",2019,2086.96085386084783044,64.35013389853624287
"NZL",2019,71430.761969325576142827,1824.920473363602789332
"PAK",2019,78.28540945318579608,12.90415775231445396
"PAN",2019,34034.10982776145747654,3374.08330648730154623
"PER",2019,231172.95714825110824573,18088.79829613283317100
"PHL",2019,64038.08109387344510814,1682.39356566411471973
"PLW",2019,8.69836226629638619,0.6867044662988281
"PNG",2019,95134.67482187431961031,2760.13535417877621290
"POL",2019,76721.074240562327090526,237.437947162365460507
"PRI",2019,695.02114087957019664,29.65737252308160348
"PRK",2019,27491.952771013723338035,14098.086720298793146485
"PRT",2019,36885.657364763711068506,7879.124651072440578266
"PRY",2019,312985.83175547755221230,119672.10221540583928728
"PSE",2019,0.2624685463943142,0.0
"ROU",2019,12266.127869953109428514,19.35302289105468782
"RUS",2019,3686557.281675801627416033,2527823.728438479381218545
"RWA",2019,2516.13981508587864102,1.15326725768086745
"SDN",2019,56.3958682404302352,0.0
"SEN",2019,277.64000257541922152,0.07504492279242622
"SGP",2019,287.95075812156078582,11.99800361900078531
"SLB",2019,16550.67233884764130972,517.98730507663691914
"SLE",2019,175466.68836596324940903,481.81995929214188177
"SLV",2019,2249.15876579755788026,110.35146726530870890
"SMR",2019,0.501878941686198,0.0
"SOM",2019,374.13892427585130069,1.51542836110063348
"SPM",2019,0.6368403754774307,0.0
"SRB",2019,3962.211902648626386005,41.938380548049045865
"SSD",2019,3753.36179750321166152,15.80206890951307264
"SUR",2019,18454.11214424599881795,2794.47160766849266251
"SVK",2019,10331.958200613207585520,7.68743427425564284
"SVN",2019,3444.440936633756792614,7.078390979042968571
"SWE",2019,332890.804261405059105826,4406.869639999778191478
"SWZ",2019,4116.62952577534932335,363.45840207014534767
"SYC",2019,0.8351447150564237,0.0
"SYR",2019,1176.52027477614229158,509.72735041448398986
"TCA",2019,17.24336371313584796,2.86102080627604192
"TCD",2019,5058.9267387286368765,2.74355552546142571
"TGO",2019,5187.66425017166376478,1.60051229038384357
"THA",2019,129770.76351443515713760,249.85009001444039000
"TJK",2019,0.059565943791232645,0.0
"TLS",2019,1501.46983487714269591,60.03740410567600479
"TTO",2019,658.35834211459086700,36.48658490180067051
"TUN",2019,573.516909584069241576,215.02046859340948556
"TUR",2019,39117.934327150237222759,3832.76843564401560348
"TWN",2019,1426.27423970394513909,7.57151190795681492
"TZA",2019,142771.01357221259337640,252.40572562089895845
"UGA",2019,63267.53282701135837222,2.76876386904636007
"UKR",2019,45143.775820619753560921,3038.452183174740670951
"URY",2019,14521.90103738390307380,144.01174464169922544
"USA",2019,2109922.026010733247398425,638551.630522253879606613
"UZB",2019,17.6389015158984344,0.81190278635199660
"VCT",2019,11.61693048892795313,0.52461891387912327
"VEN",2019,140698.91803586613726749,51882.21238003227312088
"VGB",2019,0.87699208941080737,0.07308721202690974
"VIR",2019,19.58205995306641034,0.58596285237521706
"VNM",2019,216776.91393863607588186,2119.32893671899919484
"VUT",2019,251.57034171083492551,54.55481474122557263
"XAD",2019,1.3986241717925350,0.0
"XKO",2019,697.39945428252583588,19.19197068814019209
"Z01",2019,25.90482638726996946,4.06007941444444531
"Z06",2019,2.95767513256076396,0.43678152000651044
"Z07",2019,5224.69299186992583156,76.77240688169271271
"ZAF",2019,76139.96713459632999456,17684.12872374208068430
"ZMB",2019,124579.73697520781026581,1913.73426000322317389
"ZNC",2019,25.1274156027734353,0.0
"ZWE",2019,11514.47862500640898793,216.29636363774735943
"AFG",2020,36.58230789240671689,15.69776446020073589
"AGO",2020,247979.44341863601200328,498.68079892568166563
"AIA",2020,0.14632985609049481,0.0
"ALA",2020,673.41128750938703048,1.77483516649305551
"ALB",2020,1116.970242067361590360,456.714393617473875895
"AND",2020,27.49449198667968530,0.17134754257378472
"ARG",2020,197404.200989013426527336,42756.166466637469355115
"ARM",2020,18.54296916338759027,0.990458417100694505
"ATG",2020,15.23599393617404188,0.14724611170247398
"AUS",2020,2356517.983653612959194985,1957828.543631749513444428
"AUT",2020,25940.408163143583113348,123.37292595218750365
"AZE",2020,22.774961494372836075,1.87438313823133702
"BDI",2020,1856.85177499982084796,2.30539073779079887
"BEL",2020,5408.582106970413602516,21.858116163491753286
"BEN",2020,1603.04791630123536937,0.1527435811420356
"BES",2020,9.69795470649197093,0.7346863690353733
"BFA",2020,0.0,0.0
"BGD",2020,21475.59137844705500558,64.37091411492512516
"BGR",2020,4795.214784004511876240,156.165258220219207895
"BHS",2020,2696.17849708248312387,986.26121919886242358
"BIH",2020,1842.180257719705190743,443.393826825633701895
"BLR",2020,68932.175516464010112952,862.933009789084675052
"BLZ",2020,26721.58744571537008824,14208.61124261890165644
"BOL",2020,428902.86426320538892337,170162.33353317102107670
"BRA",2020,3290644.63117095967742717,964158.26706665575400670
"BRB",2020,22.10970874015734049,0.14990062847873266
"BRN",2020,1166.42756850767152213,197.15326680952148627
"BTN",2020,1288.37448758953063190,54.11491832751735864
"BWA",2020,1.81525809188368078,0.0
"CAF",2020,55136.83110016810488309,2782.34294098473703892
"CAN",2020,1195271.063623761955163869,318476.413857874067391218
"CHE",2020,3927.99457476122195340,17.58125342789930688
"CHL",2020,70568.259845053702563894,16189.816856072468893571
"CHN",2020,422361.069291498596698476,25844.923880062433593129
"CIV",2020,248549.65606758043310686,599.01901157396708742
"CMR",2020,202795.51540921707115266,1588.67359874182789452
"COD",2020,1310238.09473405445248682,46190.71408542672641323
"COG",2020,64540.48509085227014346,4142.84575991782187065
"COL",2020,324203.09775475912923938,28454.69243350664991427
"COM",2020,265.51162030653224504,10.99770007217122381
"CPV",2020,6.5394375064735244,0.0
"CRI",2020,8248.60491812551471059,957.18579747419543540
"CUB",2020,12618.45341911080997416,3376.34045330675103247
"CUW",2020,1.95612769982530369,0.0
"CYM",2020,8.57770746025173399,0.79982661889865455
"CYP",2020,33.19479004149955891,17.99560276072047913
"CZE",2020,100267.371244678090532158,56.809025967196192108
"DEU",2020,186938.861286665884393308,462.488030188334080711
"DMA",2020,65.61122506442002121,14.32605488664007920
"DNK",2020,3193.593482203414408892,8.85067741338107675
"DOM",2020,21441.30738443467027882,3480.93862593085773511
"DZA",2020,13072.357037419769731862,10696.269784634139340372
"ECU",2020,48963.23868776016676787,4557.20079969402378311
"EGY",2020,18.13907616891276139,0.26456519194444444
"ESP",2020,101988.176393417496000073,11175.586412443758771373
"EST",2020,36805.569045306604504595,151.616478135959443429
"ETH",2020,17980.78234328901709701,20.76975285147542448
"FIN",2020,254472.600298344508463919,654.601538829928510469
"FJI",2020,2066.83206738261518333,106.39798801577688913
"FRA",2020,77745.737139422096271571,2518.470592363494995243
"GAB",2020,22022.19705051162214544,349.08251812645836034
"GBR",2020,22836.270154015512095081,120.110796618298615894
"GEO",2020,222.15377600150388582,13.44820033087673659
"GGY",2020,0.2014560815060764,0.0
"GHA",2020,136613.33537539587061688,287.91550439152393996
"GIN",2020,178406.70874928507127483,517.54200155000343466
"GLP",2020,51.92330283529623350,1.55297027068088116
"GMB",2020,9.8925714362065984,0.0
"GNB",2020,17107.80284895021677021,15.37836260265245394
"GNQ",2020,4870.64700301007330896,11.76328535466112017
"GRC",2020,5427.825421510588908089,2105.193211825635997431
"GRD",2020,18.43700219297905901,0.52699922115776907
"GTM",2020,98561.32396590574970184,37503.79584580054495402
"GUF",2020,4289.37669249657785709,470.90073137441202036
"GUY",2020,15769.97951732442418057,2954.24543057861602260
"HND",2020,93648.79185482429325091,19024.09889558900562881
"HRV",2020,6051.722610220719723830,49.36558244520833684
"HTI",2020,3802.05673911145314928,212.53222952348625017
"HUN",2020,12016.303963450474259506,8.678030783439670686
"IDN",2020,961584.79717963051778709,79955.76074631604730527
"IMN",2020,14.25881806646701581,3.45544382564670184
"IND",2020,130854.60339082316621176,1064.00078112228902922
"IRL",2020,6212.890538965919890038,21.280120461304254634
"IRN",2020,20.19200928916015219,4.0482547641796887
"ISR",2020,46.46654973852538846,2.02294284090928858
"ITA",2020,28245.356767884452361832,1301.41827595898732041
"JAM",2020,2169.74570218075956292,144.03983193406359099
"JEY",2020,0.30383212113715280,0.10123433294270834
"JOR",2020,0.19579483644531252,0.06530709766167535
"JPN",2020,48058.221412997910734672,238.697406616788196105
"KAZ",2020,1853.267679175212233405,176.860668876592962842
"KEN",2020,19045.37283900203178342,87.89883581601313781
"KGZ",2020,11.898140121510417382,11.208663446004776282
"KHM",2020,143528.98846973182545833,700.87069750846902311
"KNA",2020,10.14993487445637951,4.04544427357855894
"KOR",2020,20122.304110373535170255,1158.895107519608148645
"LAO",2020,357519.43862173180140641,423.31665367013458872
"LBN",2020,473.08464572179392826,186.90812777511073721
"LBR",2020,220121.97838960644938022,3202.30938814789335531
"LBY",2020,0.7809010561621094,0.7809010561621094
"LCA",2020,40.73259010682671514,2.24155157031195743
"LIE",2020,3.21449726384765614,0.0
"LKA",2020,11215.99147357759054092,90.83115940773274806
"LSO",2020,16.13182196853623970,0.0
"LTU",2020,22970.527799865064868086,29.890835129118924835
"LUX",2020,654.51918871101126333,0.548751242187499995
"LVA",2020,50462.783828106702239754,91.834620381299923506
"MAF",2020,1.61110014099717890,0.0
"MAR",2020,3620.77965439201660649,2362.02714551926811683
"MDA",2020,1413.315172163183650944,11.739987326360679520
"MDG",2020,241112.00477303664788009,11844.30025552585244035
"MEX",2020,299298.44958654712898967,86190.38773237130756137
"MKD",2020,1856.13740564901924628,111.94527452960285462
"MLI",2020,148.84741201595269241,0.0
"MMR",2020,310005.38153156874044949,1638.56256627273637674
"MNE",2020,983.183855986670223464,190.564546058465751574
"MNG",2020,464.617516136349767586,360.948065837630145386
"MOZ",2020,232523.84531724314427695,3436.16021897207472060
"MRT",2020,0.0,0.0
"MSR",2020,2.21254263953559047,0.36879445086154517
"MTQ",2020,65.09517640956979253,4.09852004420952720
"MWI",2020,16070.14046082542626722,16.66699624122558806
"MYS",2020,268775.04833566062575254,4546.08286764307061640
"MYT",2020,166.78849063975102751,4.20391081275336415
"NAM",2020,1.46098344458441847,0.0
"NCL",2020,4065.97549624897256814,2426.49684809524128648
"NGA",2020,99199.51603081963916265,575.53296728318163667
"NIC",2020,111296.12941590395262779,28677.19749740145943773
"NLD",2020,1921.808177094026148222,46.331747774307723205
"NOR",2020,68362.848221985161443843,727.950978442743374135
"NPL",2020,2232.81156351152801649,45.58713070657552328
"NZL",2020,60924.632569294176996265,1804.407486235243581979
"PAK",2020,66.93545053930771945,15.6017559025466595
"PAN",2020,27379.02438371941077032,2868.51882911696585400
"PER",2020,278604.09826143233036725,23701.28977399031101092
"PHL",2020,63727.29573765028899606,1949.95142125713335610
"PLW",2020,16.25437658344238506,3.20593948029920810
"PNG",2020,78439.73413638654232422,2094.91691227477163627
"POL",2020,74958.855156036366645893,292.682245197619340789
"PRI",2020,680.78000166393784645,19.39827080768988744
"PRK",2020,14775.417513406478577814,2917.269185930834284735
"PRT",2020,62043.513095106767545549,16122.238630450165508962
"PRY",2020,243326.26433875730689566,47453.53928874359792936
"PSE",2020,0.26138486053819446,0.0
"ROU",2020,27445.451195268409473102,222.481444024724416954
"RUS",2020,5442086.246369266158013177,4091756.530027918146216893
"RWA",2020,3187.39401529724268240,15.07127201317159457
"SDN",2020,66.80291179048830566,0.0
"SEN",2020,758.45816100406521033,0.97435104831977002
"SGP",2020,165.12609479173388042,8.76778835752136249
"SLB",2020,14598.97770127088190526,563.03634851313234750
"SLE",2020,154640.74448345093620457,673.01907019813271206
"SLV",2020,2208.12560440713435495,151.15064545391223022
"SOM",2020,154.51877993220295661,0.99586913705393483
"SPM",2020,1.4859383276866316,0.0
"SRB",2020,4987.053400959844373229,173.13485492548386723
"SSD",2020,2326.22676357332561738,5.44332648345594790
"SUR",2020,15095.85336916831873638,1842.98808830888753254
"SVK",2020,11947.850559567848436069,43.35443367054035911
"SVN",2020,3874.40940942001987635,22.443099108072918255
"SWE",2020,339968.339891257514619414,943.357115596801229813
"SWZ",2020,2684.09113614353122878,27.26930581344075795
"SYR",2020,3037.67036048139189043,2198.07435812121929936
"TCA",2020,34.41261375366969476,4.8639824799696184
"TCD",2020,3433.48961585372801790,6.70502462027235371
"TGO",2020,5446.29695028422229605,0.76236497754692932
"THA",2020,119391.72305411407229167,396.38440371173483687
"TJK",2020,0.4276713535351563,0.24327429990885418
"TLS",2020,1459.02023857232235035,78.81616769451172548
"TTO",2020,859.98702567581500221,43.69239483300781734
"TUN",2020,1062.227097201835737724,804.561757904046757855
"TUR",2020,45348.463610691258023820,4633.264923876197569044
"TWN",2020,1461.49965451779007082,5.72426630735134561
"TZA",2020,186208.95467037344570030,330.58329096920416356
"UGA",2020,73601.53457729756604441,8.46042515604026085
"UKR",2020,79461.177611406860494886,24551.006301461103560082
"URY",2020,12732.70047145084438756,268.17133436522597294
"USA",2020,1966726.693712247954137072,671142.454913863861997253
"UZB",2020,3.18195054995442692,0.0
"VCT",2020,7.1195963574213337,1.4989619043934463
"VEN",2020,139221.40839570024968791,35578.82210709838732443
"VGB",2020,0.07308887034722222,0.0
"VIR",2020,14.00582780646592955,0.36681481403428822
"VNM",2020,207647.83186279583272049,2015.75812593288540612
"VUT",2020,3935.03410784822126373,119.23468965588001977
"XAD",2020,1.144118643576389,0.0
"XKO",2020,970.674474934084188036,86.72512260829212801
"Z01",2020,41.27344476414822184,2.05864906201714429
"Z06",2020,2.26615802366970497,0.68657371316840285
"Z07",2020,6819.31678247422259826,100.35854619584417154
"ZAF",2020,62247.23386544654051865,8743.38623195540776733
"ZMB",2020,162801.58944267601013274,215.87579344271070097
"ZNC",2020,12.3702511420486128,9.0852454335243059
"ZWE",2020,6200.71249399640962460,153.40644723719512462
"AFG",2021,26.48246160191733306,14.3614757965592414
"AGO",2021,298261.68435422081299144,1823.12383374359344386
"AIA",2021,1.68278169644097235,0.0
"ALA",2021,1355.481820779997669935,1.35084496323784725
"ALB",2021,1685.677235689262084411,975.995021796902720355
"AND",2021,2.22471297738064249,0.22813359417534722
"ARG",2021,201896.344452604923370781,33626.583128745572208141
"ARM",2021,4.96472232192057265,0.1749040345920139
"ATG",2021,39.15892521036023980,0.44148304460177955
"AUS",2021,261044.955942218460296837,132481.118750064580412053
"AUT",2021,16650.64793145475596897,85.61544461816844037
"AZE",2021,85.22633726126298407,2.4787931862391494
"BDI",2021,2272.25175327985331367,0.9215709010529242
"BEL",2021,9142.949797379093540766,66.540428693862848421
"BEN",2021,1699.54014162905334169,0.30449289520182292
"BES",2021,0.22568747203938805,0.0
"BFA",2021,0.0,0.0
"BGD",2021,17587.28243270613033076,34.27803101946832044
"BGR",2021,6684.012024956952160956,386.814711994548207045
"BHS",2021,1548.74388476882593307,774.45976860908228464
"BIH",2021,1018.740783485178066936,114.446736932562944746
"BLR",2021,63478.932386615288891706,351.515295845279973463
"BLZ",2021,9310.73375697314772723,1003.27940278262095077
"BOL",2021,559588.66506382051209957,249159.43801775663304836
"BRA",2021,2990028.76131567061857109,594112.93557610883012892
"BRB",2021,17.23879269510959197,0.0
"BRN",2021,952.93058214787803007,79.82751122093042291
"BTN",2021,1278.57589323634439045,89.62663063856553165
"BWA",2021,1.42478080287760433,0.0
"CAF",2021,67180.99665510713281123,4224.80866832435328996
"CAN",2021,2524984.969306084380620090,1608037.513097585505878230
"CHE",2021,3454.853211812606271745,25.588828933734821956
"CHL",2021,71609.984379257671896823,7076.485074111719953343
"CHN",2021,536772.366491661134870093,23836.907200669832010959
"CIV",2021,183272.23436631585159708,82.74410536391330072
"CMR",2021,168797.41740747865520942,673.21001422008260355
"COD",2021,1248060.48472706412717138,48259.88621702148824941
"COG",2021,58192.92151258513943928,3819.20510301612972126
"COL",2021,265160.66955185574742971,20501.57173035155548876
"COM",2021,164.53768411434628221,7.29990045124728705
"CRI",2021,7850.73668311729621504,700.38915475047579404
"CUB",2021,9720.83331947196082306,2250.74016214909374690
"CUW",2021,4.06381176150499173,0.15052927696885852
"CYM",2021,10.10522126454427138,0.94527945960720494
"CYP",2021,642.87003442237581789,633.4228853486457354
"CZE",2021,56298.102724837039149733,75.989849397825520334
"DEU",2021,202277.204429519395499885,475.500505023157567539
"DMA",2021,30.35926319274468156,5.49261651277018348
"DNK",2021,4795.048927643727981714,38.077122459748256796
"DOM",2021,14182.34201178285914641,1032.83520891532763392
"DZA",2021,20471.652534532594845889,18291.865522108782249031
"ECU",2021,30367.76456221182729855,3531.92539043673127686
"EGY",2021,17.8120813064040789,0.06654778344943577
"ERI",2021,0.0,0.0
"ESP",2021,85791.957416141341989879,16110.107030401698796140
"EST",2021,34004.181033504088975718,126.764191930106351672
"ETH",2021,19751.43827758899015215,33.50709394326931240
"FIN",2021,266899.154358797059763625,812.311398911164130438
"FJI",2021,7198.68557758031397317,498.71788229547379040
"FRA",2021,112885.768951208205272427,3507.696493634631251908
"GAB",2021,18317.62964507300966233,220.61802280937260649
"GBR",2021,26216.317962058570845774,118.759137248715288818
"GEO",2021,420.262445849194873846,27.434499947013892215
"GGY",2021,1.10826138006944444,0.6043163704036458
"GHA",2021,101414.08485857476762152,55.92311102223578924
"GIN",2021,167376.67003997815417083,437.76603594666100693
"GLP",2021,67.73279766907387836,0.96276049523708786
"GMB",2021,19.03735950195854299,0.0
"GNB",2021,13684.85411847591098546,12.21660541018988743
"GNQ",2021,8905.52715633372796152,32.27323672387519700
"GRC",2021,49038.519036178950425341,45375.977195487968798723
"GRD",2021,15.95471225753634844,6.02018495977918804
"GTM",2021,49898.31212181119143911,6177.36274328685658824
"GUF",2021,2205.03299824686544409,213.16725089461683861
"GUY",2021,9536.76713339113473069,633.01570416184017730
"HND",2021,69498.32169403489890756,8384.61810657943422794
"HRV",2021,5264.326696804362381189,16.416403522096354064
"HTI",2021,2413.74453287675812352,215.27831558283529086
"HUN",2021,13757.123536229150054902,17.492934379843752307
"IDN",2021,841390.16131598934059948,28663.38089737754595464
"IMN",2021,27.96447584641928091,0.634747820264757
"IND",2021,125753.22883265900421639,736.83029969603597369
"IRL",2021,8779.289064123878867491,63.337220473875862048
"IRN",2021,20.998456522460944255,1.91631330446180600
"ISR",2021,28.61547411162543756,6.61009557572916697
"ITA",2021,28263.216555394215561868,6299.310043137849025868
"JAM",2021,1485.24723965635425351,48.22271441024088668
"JEY",2021,3.24072188023437515,0.9109291464539930
"JPN",2021,48455.130205260751663369,139.88045305236436513
"KAZ",2021,718.409062407000997985,143.21613997957893367
"KEN",2021,7564.30353703219268192,69.52740726700064503
"KGZ",2021,17.535345973652351270,17.135300057443581270
"KHM",2021,144262.64338879267038895,539.06133678763781503
"KNA",2021,9.41626906362521699,0.51512250116753475
"KOR",2021,17342.127881665776613915,421.766372978191932530
"LAO",2021,317562.59400856886037261,459.97920543598683939
"LBN",2021,672.61767208680922063,424.83625472408372035
"LBR",2021,129838.01097076565523027,1058.61955869222249077
"LBY",2021,0.5196089612489150,0.1299310057562934
"LCA",2021,34.60395206810437517,1.56987435329155827
"LIE",2021,0.632270560839843774,0.0
"LKA",2021,13296.08742554541768222,116.37626594867839647
"LSO",2021,16.91761747763888955,0.0
"LTU",2021,22633.628914351055436720,61.629905195028212389
"LUX",2021,1054.629058322799234981,3.55237634952039942
"LVA",2021,48422.148732552794833367,98.184513133161900525
"MAF",2021,2.1235823210525175,0.0
"MAR",2021,1538.46211751804475646,583.86338743998840513
"MDA",2021,1130.887987131410808948,26.338217241612410815
"MDG",2021,234879.82064764929376870,18527.89953704997522033
"MEX",2021,189046.40207507318341119,41211.51425309593790018
"MKD",2021,2304.283069036994089665,1057.52478143222866001
"MLI",2021,130.30924230515132176,0.0
"MMR",2021,304151.45531416772424949,1502.90912494827156593
"MNE",2021,507.759413625527361514,88.92989069947485929
"MNG",2021,186.689692578834549670,103.957219679060324320
"MOZ",2021,278084.37292224072039974,1939.02154838111541023
"MRT",2021,0.0,0.0
"MSR",2021,2.50734279155164936,0.07373956067382813
"MTQ",2021,43.55235253291613756,0.14893358214789497
"MWI",2021,16582.62200617771256255,24.01298205572699639
"MYS",2021,277597.31450350848232649,3335.58010328183621749
"MYT",2021,63.72506181654562014,1.20084547625271272
"NAM",2021,5.03323263665907119,0.0
"NCL",2021,656.28992337712054576,329.95196453020856319
"NER",2021,0.0,0.0
"NGA",2021,97193.20236319167944429,178.32476374707952377
"NIC",2021,91835.34072655827015020,16545.14720364439324739
"NLD",2021,2456.722221562805672601,54.719058956586373890
"NOR",2021,63937.474521455621411760,501.998235164286237450
"NPL",2021,2752.51013305627064636,198.22973804863606704
"NZL",2021,66243.067947619121212388,1559.758532803563149370
"PAK",2021,57.2933673451226271,18.85744946058593835
"PAN",2021,24431.46188523030620107,1908.31988933939936167
"PER",2021,225105.75051461585364400,25807.77679210859104197
"PHL",2021,48882.82469788232392772,1102.75949163884910425
"PLW",2021,3.28079689110975483,0.0
"PNG",2021,76611.95401154620347676,3292.44952973889546741
"POL",2021,77567.841885871815475202,377.321305850499207736
"PRI",2021,690.97244845043943568,9.87650152428602481
"PRK",2021,13742.21320200726786335,760.983862198146785836
"PRT",2021,37224.040511981828583340,4217.624552101364672997
"PRY",2021,276715.96883818055347001,48071.09220198472057183
"ROU",2021,14699.910013726610384901,43.160848867845057676
"RUS",2021,6518851.437173673160636574,5359431.788494548509495914
"RWA",2021,2922.36228820050639957,6.76550153746961870
"SDN",2021,50.3201208656255693,0.0
"SEN",2021,176.62630635852295099,0.0
"SGP",2021,200.96460941006591010,0.76909257068576389
"SLB",2021,11999.49179906530610302,480.61536646275664408
"SLE",2021,113032.57345571957110695,393.63438909047780310
"SLV",2021,1488.70583885661731433,58.88399501627658331
"SOM",2021,169.13600076246187603,0.07692988958275689
"SRB",2021,4072.234727776636128735,139.958202138606765251
"SSD",2021,2812.00284088291260264,7.51496265251220753
"SUR",2021,12262.02727013255263691,1490.09796545226142594
"SVK",2021,6097.751883228220869298,24.295729459930558719
"SVN",2021,2227.339217691472941784,33.09114490629341098
"SWE",2021,333156.954731360963412364,602.168883024023444557
"SWZ",2021,3159.94837910575120434,64.02724195213867829
"SXM",2021,0.07325181551432293,0.0
"SYC",2021,0.15183578900878908,0.0
"SYR",2021,2856.11506763448827982,1650.92625371227999013
"TCA",2021,43.21771063945853016,2.21693350171657985
"TCD",2021,5095.07155513138403445,24.3810763308116304
"TGO",2021,5842.18839390002667852,4.116379901324597
"THA",2021,122793.67513734751427271,192.25067133605089785
"TJK",2021,0.0,0.0
"TLS",2021,1430.80279047743091214,68.62773283193413279
"TTO",2021,315.77582185779343529,4.61679643679090744
"TUN",2021,2079.373819036635294804,1855.773035279071915254
"TUR",2021,79284.172485660451846096,26968.86694094236263901
"TWN",2021,1463.19306404018629105,12.21183614672634632
"TZA",2021,165067.54529773736299626,458.87850338108428288
"UGA",2021,49244.99068024494194973,3.07687790954951829
"UKR",2021,66593.083139680373636996,12649.612642612068850786
"URY",2021,17035.09627316754865804,574.31713021395724890
"USA",2021,2044298.827959674999279120,857723.936477501006632903
"UZB",2021,3.50573994564670165,0.172935166937934035
"VCT",2021,13.03725396607910161,0.89895020813910592
"VEN",2021,64337.18317298031493974,6584.37902294410006991
"VGB",2021,4.0928139383018666,0.0
"VIR",2021,19.2771756956955284,1.6087422396148001
"VNM",2021,193094.02570042229695818,1954.82169405853764692
"VUT",2021,57.74947851619792881,8.71224723907009510
"XAD",2021,1.65326713871093787,0.0
"XKO",2021,520.118516298248229216,31.779479369713539958
"Z01",2021,38.38272193842446166,3.21887615899197046
"Z06",2021,5.8893641376996523,3.16350405038411445
"Z07",2021,6955.90151083775048844,98.43976107095920336
"ZAF",2021,52067.64856828273434693,5360.64957172027834246
"ZMB",2021,201228.11909250685330082,1428.35970841878316154
"ZNC",2021,5.4237013489366315,0.6293046430642362
"ZWE",2021,9012.07167909736070283,109.82767265570861381
"AFG",2022,5.8725421791102424,2.3528085703038193
"AGO",2022,266914.79364431099981259,991.89629233846702092
"AIA",2022,0.21949719567382814,0.0
"ALA",2022,1166.354418855954136255,2.12293777745008679
"ALB",2022,2095.367522834094510568,1253.531466191362344865
"AND",2022,15.2269364910460085,0.057085066069878475
"ARG",2022,232225.097492903164735341,37948.824965869935565085
"ARM",2022,8.46307184608507078,0.0
"ATG",2022,37.31956432351454166,0.14722660924804688
"AUS",2022,118986.445949228838529830,56818.906828229033021379
"AUT",2022,19868.612760231087806759,24.539354255894097817
"AZE",2022,146.178247370431834092,4.082148765518664005
"BDI",2022,1609.96687256175075567,2.6101626823297799
"BEL",2022,4833.589053605784672940,11.152814160481771875
"BEN",2022,1669.64490356105435929,0.07647728167697483
"BFA",2022,0.0,0.0
"BGD",2022,13798.24790189634387851,31.21481636442383079
"BGR",2022,4093.156986546591698959,264.372008494271200835
"BHS",2022,593.10384306705939709,230.67744827107950381
"BIH",2022,2053.874205449889031661,290.890466678841350484
"BLR",2022,64994.869387763931634536,307.569917827317709695
"BLZ",2022,8201.30835715003058688,510.05453588450461996
"BOL",2022,594997.63220989728896824,148235.96490021433694043
"BRA",2022,3308334.44626145786802037,540308.23040411824052367
"BRB",2022,5.24632374365125852,0.22485314428385418
"BRN",2022,919.66386560047186258,48.46216765062255783
"BTN",2022,1247.58636915355174732,47.18790623762476956
"BWA",2022,2.08060677156901079,0.0
"CAF",2022,51029.87181857066373516,1672.44259149571656218
"CAN",2022,2299844.574435310866378777,1407770.781589062928420344
"CHE",2022,1973.736664604606953991,4.115570236608073355
"CHL",2022,67887.456562183934887225,10002.186243770772449635
"CHN",2022,612008.556139852156521284,13550.570605558458215704
"CIV",2022,172478.17616297595344183,223.47466048903263685
"CMR",2022,147809.57707166609932013,501.98789448736586214
"COD",2022,1220222.30475550890604010,36985.62568804972380690
"COG",2022,59424.51638072345043794,4990.69678665231058327
"COL",2022,265730.28431698666132286,24377.73112106151421345
"COM",2022,164.57181848895519067,9.10881748152777733
"CRI",2022,8562.65354181257833079,607.72835769785322429
"CUB",2022,4889.29978998594985443,1016.49026457644423450
"CUW",2022,5.04185831043457143,0.0
"CYM",2022,26.24678481632269610,4.58049321960069462
"CYP",2022,72.75658528764321934,43.72997999869571532
"CZE",2022,34761.270389685428002114,22.724896691642800790
"DEU",2022,86449.889273225379721103,329.349546471911376177
"DMA",2022,31.61919702006455609,1.63313768978624136
"DNK",2022,3366.075160139064549065,6.90351295062500109
"DOM",2022,13141.38316419398911425,1682.29290617693680602
"DZA",2022,13442.366265144549292533,11775.885037036347364857
"ECU",2022,52618.07398041855467779,3556.92058147014261568
"EGY",2022,11.94349840600803252,0.0660794756141493
"ERI",2022,0.0,0.0
"ESP",2022,137820.564074125542532584,76772.255209099528489251
"EST",2022,39215.776958503496697867,111.060121135520829459
"ETH",2022,19941.37941555530704173,77.11884022675133117
"FIN",2022,255378.153350668675446301,587.157325877387216543
"FJI",2022,989.06148929695156670,16.21901385926974661
"FRA",2022,58785.767593018243138744,5872.583089262974511856
"GAB",2022,29455.28668297457406617,708.91009562892716936
"GBR",2022,34174.677592280986300827,113.704903475253902050
"GEO",2022,290.666764490492629594,16.78474490464408946
"GGY",2022,0.70552666616319453,0.10080760491753472
"GHA",2022,118644.04473735678032054,819.71202837502970964
"GIB",2022,0.24970415416232639,0.0
"GIN",2022,130216.16108630609651492,405.85596297477991241
"GLP",2022,40.83405200416015210,1.55277077916883700
"GMB",2022,17.08939480143228868,0.0
"GNB",2022,9780.39690513339942774,11.92274978640028200
"GNQ",2022,7760.79069214418757824,53.21802031564595669
"GRC",2022,9793.826287369044684375,5592.228061386005587808
"GRD",2022,20.77143531632487421,2.33298876131347666
"GTM",2022,46373.44830799147525504,4252.34985126855127251
"GUF",2022,3840.11126918071746804,557.79231453313785474
"GUY",2022,10563.91365830290714578,1022.51697468890325212
"HND",2022,57343.35028922198161692,5652.19943922157378500
"HRV",2022,7826.264829359273633565,161.308075341467062354
"HTI",2022,1844.32716022849830282,70.45732305889107128
"HUN",2022,14807.639423730067898069,26.172908877879773257
"IDN",2022,885237.26532087909184887,27678.27295037175491828
"IMN",2022,33.95734876563800832,3.359427651618924
"IND",2022,114223.94127261066409535,916.45849030622234489
"IRL",2022,6753.383054733407903826,13.090058560720484265
"IRN",2022,94.96577168239581413,1.28153298099175347
"ISR",2022,80.11602118536673417,55.36499840397461183
"ITA",2022,28675.908627247659194685,3610.886197406048868547
"JAM",2022,1133.41568755350760512,19.68847076532877683
"JPN",2022,53788.646500338450888048,78.88391788912218466
"KAZ",2022,3629.095186685649596977,1988.94823016417091885
"KEN",2022,6638.95415095152499284,190.18737682279088333
"KGZ",2022,31.656206213255205946,28.613522926981337946
"KHM",2022,103879.54249253204535268,572.59624674292754343
"KNA",2022,4.33926927564561662,0.14706649122829862
"KOR",2022,25659.631300287759743428,5210.916990707119196840
"LAO",2022,321688.10951834887159973,264.83545461575957687
"LBN",2022,584.70695453841012234,263.47185740436636305
"LBR",2022,152104.07681600088340439,3974.96372859854820416
"LCA",2022,34.30942153760307913,2.24248512820800791
"LIE",2022,2.106876924726562514,0.0
"LKA",2022,8411.63233450233827854,104.25456370834662119
"LSO",2022,4.09518393299804726,0.0
"LTU",2022,23738.995567155956164548,53.210862850831158128
"LUX",2022,320.739119441082865705,0.298577401412760424
"LVA",2022,57142.209545190151905096,165.522397027667043716
"MAF",2022,0.43938094141384553,0.0
"MAR",2022,12016.34706657139335944,10820.14779726256362251
"MDA",2022,1130.143275967144078280,11.81006103913845457
"MDG",2022,256379.50912973486994281,21367.50926269154383210
"MEX",2022,178845.39488621807010273,34259.82167212593382801
"MKD",2022,2448.35275650887028846,521.826733901226384256
"MLI",2022,159.19620831946709071,0.1513923622010634
"MMR",2022,260937.92628760702558414,1213.84997594676264108
"MNE",2022,1168.831261088211184836,144.51491036746515310
"MNG",2022,102.989679620026020826,60.746888925049900986
"MOZ",2022,237874.53325187025472938,3545.63915012393309063
"MRT",2022,0.0,0.0
"MSR",2022,0.59007010213324664,0.44255328402235250
"MTQ",2022,32.83465201954210317,0.07447841463216145
"MWI",2022,14883.94936703519969367,33.87055809714084804
"MYS",2022,248127.10238491403768468,2726.49941584390926198
"MYT",2022,73.09736044078383850,0.37548252096354166
"NAM",2022,1.45252962440104160,0.0
"NCL",2022,374.08133147305023482,154.47670429309688934
"NER",2022,0.0,0.0
"NGA",2022,106189.31925917933416910,249.67234400846107579
"NIC",2022,48980.54467780214846159,2988.91656775157593838
"NLD",2022,1186.207567312960213669,18.213187236302083987
"NOR",2022,67306.322090950681520817,378.017556762094198757
"NPL",2022,2022.48749570578274842,92.63766779997721346
"NZL",2022,58514.713241578261723289,2256.834406185372821019
"PAK",2022,44.3142531140657572,9.645316840378689
"PAN",2022,17364.16405688023689384,1317.69380908708186986
"PER",2022,236061.90280011800670503,22246.66633662907843263
"PHL",2022,84543.24260780480896043,4250.63528253055891372
"PLW",2022,9.31485244887993801,0.0
"PNG",2022,142078.67200896108442682,9503.67892972145694527
"POL",2022,72193.516978430662831622,264.178954628832624998
"PRI",2022,614.96100823452915760,7.24668309720594623
"PRK",2022,9047.232214211386373405,647.901170273874344425
"PRT",2022,46876.686345491873164197,18409.74722377749238786
"PRY",2022,217142.28457892159014675,15944.53978611521161112
"ROU",2022,16515.96605379612834664,108.99440581953554082
"RUS",2022,4287817.226961058909811778,3115230.247063286702534610
"RWA",2022,2536.45060692872355450,5.38059620583523229
"SDN",2022,43.3291742521788081,0.0
"SEN",2022,289.10913117446179636,0.37539102368272571
"SGP",2022,103.05905582149536047,1.46129335969278987
"SLB",2022,14502.41401868565830758,623.38837325261999917
"SLE",2022,119929.38953917632772245,852.85545481697872712
"SLV",2022,1632.42216721045778208,81.45696838535372721
"SOM",2022,125.51895270340351048,0.91081824084391276
"SRB",2022,4505.898813390768514317,149.76821725956600182
"SSD",2022,3463.09663580638825627,5.59756904042521213
"SUR",2022,14541.76179228437497930,1882.51805989230954616
"SVK",2022,5206.545602607999534368,5.714556030592449084
"SVN",2022,2850.986186210709945196,690.26087358854583195
"SWE",2022,329902.576567342201391591,635.090380111755716800
"SWZ",2022,1937.23827240902872974,76.61327311866105937
"SXM",2022,0.5127469789366319,0.0
"SYR",2022,457.77308929830948001,118.96440166782983953
"TCA",2022,15.6710281827365400,0.14305057480685765
"TCD",2022,5444.71237756184859587,8.00148825286268616
"TGO",2022,5002.89184761725454092,0.60985920329237201
"THA",2022,110658.38642472548030465,215.06918058410186138
"TJK",2022,0.12240774215711805,0.12240774215711805
"TLS",2022,1113.46333797864453912,43.54786032840928677
"TTO",2022,375.20720818732927463,4.38566012203667545
"TUN",2022,2943.556995873178788436,2722.245173313629924326
"TUR",2022,53403.769246081975344665,11192.52874699528125819
"TWN",2022,1513.18295552978757404,18.97218887645833428
"TZA",2022,160656.66938237523162744,619.08439246374138478
"UGA",2022,64134.62502828993118724,6.53831493040108614
"UKR",2022,47989.676220028966432304,5824.023029420242841259
"URY",2022,15873.36586369807995801,520.88239731697911527
"USA",2022,2204642.869452983178684401,951816.865063415531911069
"UZB",2022,7.48941688362848302,5.717974810631521
"VCT",2022,63.45990616181039722,5.32015116940321151
"VEN",2022,55748.94910910144487660,4174.22821221773240264
"VGB",2022,2.04631630525607687,0.36543750059678823
"VIR",2022,33.65771102221029053,0.8802806556304253
"VNM",2022,165149.45382105376014991,1215.77983062706274975
"VUT",2022,48.26949804303222635,5.53538584723036073
"XAD",2022,0.0,0.0
"XKO",2022,784.685259965064853269,98.48572392767586408
"Z01",2022,25.30608835848741313,6.76557259598415838
"Z06",2022,4.31713401961154519,1.58225145510850676
"Z07",2022,8379.29544289563734336,167.58262887588323329
"ZAF",2022,40979.85655712354975060,6498.60402998924087888
"ZMB",2022,179007.02512905027979422,1336.62637757756496152
"ZNC",2022,1054.31806013529850153,1038.69003264554295891
"ZWE",2022,8226.76071266537300101,134.49581694800999181
"AFG",2023,14.74150500058484271,13.6034775175043305
"AGO",2023,268277.52047413688210943,1975.02525069179165436
"ALA",2023,1093.001400947623283512,2.013991529283854034
"ALB",2023,2502.625022474973622119,1100.579114725122306749
"AND",2023,5.64594455555772656,0.22814461957465278
"ARG",2023,215940.857883802377981126,26259.126320791213126384
"ARM",2023,86.451892725282393791,7.702979842395835585
"ATG",2023,19.20554960403429326,0.5151937552191841
"AUS",2023,190713.257426339977072576,144079.222827720185250430
"AUT",2023,26516.703272654023017662,49.252837401100271524
"AZE",2023,460.964785526482471954,112.911890532421873054
"BDI",2023,1952.26119428368328012,1.91963636663845494
"BEL",2023,7579.452194689254126686,23.576911057365452145
"BEN",2023,2602.42817380469627934,2.05512257187554284
"BFA",2023,0.0,0.0
"BGD",2023,17787.15616168207767096,92.10579517638995718
"BGR",2023,5653.07019221314679169,136.556228783465665033
"BHS",2023,1259.36981639213064353,770.94196496835877296
"BIH",2023,3947.301712817044725529,386.99599089210927074
"BLR",2023,59232.410839471498528741,251.64542656547527997
"BLZ",2023,22573.90472250625794376,7063.30004554315482780
"BOL",2023,696297.00885797403049894,318241.10562731882931241
"BRA",2023,2805354.98006370582849129,518998.02567072770802750
"BRB",2023,5.92085521881998708,0.0
"BRN",2023,915.29829124361708460,160.52005148455627816
"BTN",2023,1796.80166026537795217,400.92135686377599832
"BWA",2023,2.39503329332899302,0.0
"CAF",2023,54533.63547154933758972,3111.27407463097082519
"CAN",2023,8570165.547439761236913531,7757408.070245603146529121
"CHE",2023,3119.723013399065048287,26.36320509266706203
"CHL",2023,107337.190452953325462806,40884.127449644267830022
"CHN",2023,602762.223598835460362115,32040.082626953744601012
"CIV",2023,190298.27626867597584705,203.29969715127849253
"CMR",2023,204198.49520176460020886,1357.02566925690813124
"COD",2023,1325020.23838009973138736,41283.16375397335564372
"COG",2023,67415.22897060158226382,3924.61060256400493831
"COL",2023,196634.30085578758449674,14605.53159894832960519
"COM",2023,154.22294818335948892,9.33165493835666320
"CRI",2023,9049.88636058726423521,735.19975021492137968
"CUB",2023,18795.43971002062358454,8951.36723649493922931
"CUW",2023,3.8365490815847443,0.07525883282172309
"CYM",2023,24.62707433583007726,2.76299740603841120
"CYP",2023,54.50247531159723988,43.9709596082573953
"CZE",2023,24393.594884146477332712,151.32132405605390829
"DEU",2023,122937.238688249649193628,337.190582054722118063
"DMA",2023,144.95933567120487556,4.89656529707139764
"DNK",2023,3977.714235255069714336,4.136387362760416676
"DOM",2023,22947.12542786566371346,4848.25936900933265169
"DZA",2023,22019.653149397063377285,19675.264970210589337272
"ECU",2023,43010.31014613513860783,3387.04292099529154920
"EGY",2023,35.40372228590386165,6.55379397389974116
"ERI",2023,0.0,0.0
"ESP",2023,85868.669582582601153495,22097.632866023975573816
"EST",2023,36155.771038696652203108,61.36200286743923972
"ETH",2023,36262.92476927031409851,376.33680542344678951
"FIN",2023,241781.034143572528639191,454.648836977595432856
"FJI",2023,788.67007238825702912,16.83475156859375082
"FRA",2023,86279.344383253959587366,1813.529650282237208055
"GAB",2023,19706.66703012596439475,568.13191310350761081
"GBR",2023,21608.961118107222107467,52.848309059826389109
"GEO",2023,785.481253823264821376,305.82246441619976049
"GGY",2023,1.31020556697482652,0.0
"GHA",2023,112582.05957467687393830,58.09718916636013807
"GIN",2023,154122.53249843897674016,446.41925623665417050
"GLP",2023,36.83073756595377425,0.1478276993706597
"GMB",2023,12.06764349663845626,0.0
"GNB",2023,11478.58584681014390748,16.21057522619249273
"GNQ",2023,8524.83011642510570393,61.36231590676873453
"GRC",2023,46011.643441397698749383,38941.093455005981941931
"GRD",2023,26.71467963090983319,1.80689303924641894
"GTM",2023,71098.23386380080990668,16849.96989818566559832
"GUF",2023,5044.28641688745562454,522.07812892080098254
"GUY",2023,27881.80385210276094298,6568.05224280560940244
"HND",2023,84447.51741255674873807,21033.14321915969126646
"HRV",2023,10503.305562965094161236,286.602619709357347566
"HTI",2023,2555.71208397253001087,294.43178063856564463
"HUN",2023,19703.619009523794813888,38.311902023226996451
"IDN",2023,1395285.38650753866999533,55500.67870287526923491
"IMN",2023,15.2440294995616351,1.08704613702690972
"IND",2023,136712.84002571021374244,1907.87112785184920726
"IRL",2023,6858.299634752334473109,13.399945384333763995
"IRN",2023,136.965369653068580191,3.01676701420355899
"IRQ",2023,3.35585767128689288,0.0
"ISR",2023,61.34880050846464436,1.24290258392795138
"ITA",2023,44861.585680367422668318,2215.628995057381964751
"JAM",2023,1970.82302288786897967,96.33493180674371789
"JOR",2023,0.3918947888780383,0.32657922583875876
"JPN",2023,50608.230193583123939714,126.927697724175346744
"KAZ",2023,20111.868858750945180265,14021.471607641141717544
"KEN",2023,11257.06927170634099996,144.26660001848549905
"KGZ",2023,94.26578992241120116,92.23458063577057589
"KHM",2023,120845.80644143607764908,990.88298535997820679
"KNA",2023,3.23568568136935777,0.0
"KOR",2023,21640.165221630131286465,1560.690179224071872260
"LAO",2023,445460.61798396568056247,632.55346436440380263
"LBN",2023,522.57975945539399023,193.90237777579750863
"LBR",2023,155262.58476653039663869,2021.36206861670696787
"LBY",2023,67.50620038978617919,3.7026913136078566
"LCA",2023,24.81043504053873655,1.19556677835774754
"LIE",2023,0.79110673559244790,0.0
"LKA",2023,11720.88268392072118875,272.39433141186981498
"LSO",2023,1.4774533701573354,0.0
"LTU",2023,24749.646147743167035630,21.973832655716142348
"LUX",2023,912.773090939266607085,10.52850511481770913
"LVA",2023,54500.147252252402128980,58.834897712697487078
"MAF",2023,0.07323607323784723,0.0
"MAR",2023,4004.74737724368706563,2227.53014246110939462
"MDA",2023,1380.741025818591551325,8.317552429698351054
"MDG",2023,303190.53103604799972255,15400.36640813154561071
"MDV",2023,14.44443859318277308,0.0
"MEX",2023,226362.95559393018521856,47797.14245814880914621
"MKD",2023,2798.307169813768099686,35.10278818964843946
"MLI",2023,315.77264553316803101,0.0
"MMR",2023,307183.59405779568723290,2507.69916672700394103
"MNE",2023,1667.800340873417255529,93.776436042671437515
"MNG",2023,839.191568326505318350,710.300430461038638170
"MOZ",2023,262209.14454757729335681,2302.53620190955332805
"MRT",2023,0.0,0.0
"MSR",2023,0.0,0.0
"MTQ",2023,106.19864615587570694,4.2469715563726149
"MWI",2023,22978.86474447198346477,59.65987685777452189
"MYS",2023,308655.54505735886592576,3712.70424749205426750
"MYT",2023,54.19937884170680027,0.67580177843967019
"NAM",2023,3.22989921146375920,0.0
"NCL",2023,596.91654951928507268,305.78286320258588107
"NER",2023,0.0,0.0
"NGA",2023,85267.49467742199709878,510.20446055891982677
"NIC",2023,117536.24204981001332466,19043.29984989616725015
"NLD",2023,1577.706096066221837158,21.432286615023874728
"NOR",2023,57971.201125302485265276,261.953072723472248368
"NPL",2023,2277.24507401536916724,174.18741455520296603
"NZL",2023,50463.021047161932334849,1532.206294690423725779
"PAK",2023,141.40668075779187770,42.27576192923933420
"PAN",2023,25115.17463265135561299,1836.73696517725626579
"PER",2023,227601.34903011147150317,29283.31420217416917292
"PHL",2023,42735.90256485836663868,1010.45526258068626115
"PLW",2023,34.51967701963053308,0.15265766532036676
"PNG",2023,83765.06744193254375048,3222.76435681135420314
"POL",2023,76137.488333361268001951,197.405366580399292405
"PRI",2023,760.67279077229465628,10.24052611155599050
"PRK",2023,10118.65740117398870557,262.413073268804214905
"PRT",2023,36388.344389273814153202,7173.186894617343140942
"PRY",2023,184551.79351942770559138,8267.35791246360414513
"PSE",2023,0.19615165777669272,0.0
"ROU",2023,25380.466468234530971429,73.923087902571613026
"RUS",2023,3354720.805056465270010439,2310834.515181829615479936
"RWA",2023,3036.31925548650342251,14.76030893932420463
"SDN",2023,22.80814069044867953,0.0
"SEN",2023,161.60965898341770441,0.07474572007703993
"SGP",2023,186.43038059217055191,0.61527642199578181
"SLB",2023,9577.87235249282699691,427.90054919679287131
"SLE",2023,99682.07635303965864073,413.21318347137102873
"SLV",2023,1784.62584039543883015,101.19680716668944901
"SMR",2023,0.390429380177951434,0.0
"SOM",2023,104.60085323754936548,0.53301052204940165
"SRB",2023,7866.494074982153569479,67.919773189639735800
"SSD",2023,6181.78673608737643657,10.80314950304931845
"SUR",2023,26115.98159733011817241,5813.21100500804687308
"SVK",2023,9851.273438427542574192,24.327218187170141520
"SVN",2023,4620.913988271546337426,229.832502390282621736
"SWE",2023,313926.419369914282457151,592.628045330768384992
"SWZ",2023,2034.74905655435459468,150.25827172731987053
"SXM",2023,0.366242637969835,0.0
"SYR",2023,2445.72004297207701066,2115.30793114096547423
"TCA",2023,23.89354382810981146,4.50556765470160464
"TCD",2023,11067.20165146304709770,73.00866423759192895
"TGO",2023,4447.36787944471089312,1.60027416345567497
"THA",2023,141859.33633016689247117,379.90650612123647984
"TJK",2023,14.2169472482096176,14.03333604033852367
"TLS",2023,1477.34961149481179801,91.60496722543674394
"TTO",2023,846.74310624688254376,4.31232342844780842
"TUN",2023,3447.071889557721599275,3040.37583236289139250
"TUR",2023,54043.730767930864238855,4822.738250592192367643
"TWN",2023,1965.18272437396556522,73.41384175797418395
"TZA",2023,229024.80108455780358290,1602.18585901894649835
"UGA",2023,68915.69704692341996999,3.22996963692472048
"UKR",2023,67102.703601209618862800,9937.767495006510664166
"URY",2023,20954.93103389994918173,1394.45899362593618956
"USA",2023,1382422.541771991175571341,265408.985565466008745392
"UZB",2023,0.51379083953342020,0.0
"VCT",2023,11.16512802968532875,0.07495334162706165
"VEN",2023,76607.67875613342999336,7832.07153206872769265
"VGB",2023,2.19241960189127632,0.0
"VIR",2023,26.84787535385960507,0.0
"VNM",2023,135320.67369745493880410,1245.54728667114276644
"VUT",2023,839.63414595199144944,162.09627907357693888
"XKO",2023,1465.438575371404274624,3.76304239603732685
"Z01",2023,99.58724634087566938,6.2033755691384549
"Z06",2023,6.8934182207779946,3.70437526634982704
"Z07",2023,6778.53900284389969807,214.08089239619358010
"ZAF",2023,29571.28835034008070722,3474.17154241784747510
"ZMB",2023,190289.66930244101830058,1035.38058895512584726
"ZNC",2023,82.0582082191146124,29.99522342853732185
"ZWE",2023,5668.38549706653095004,70.53552613643988338
"AFG",2024,9.705785115355906926,7.9691493999869805
"AGO",2024,283340.41251376096437693,3163.93888422604512129
"ALA",2024,951.435959743933833992,1.39263802086805564
"ALB",2024,888.891955822287295799,447.280544789346864384
"AND",2024,16.93723248850043406,0.51327442360460071
"ARG",2024,203056.773587554588397964,17469.717090804635160638
"ARM",2024,29.63317704819443550,4.11595609110460181
"ATG",2024,43.06290585051543153,2.13516612639322921
"AUS",2024,180669.922016207116604939,124798.064213666502016293
"AUT",2024,27496.094714580529811820,99.78015713060111126
"AZE",2024,173.222020496328128322,10.35104709730685702
"BDI",2024,2142.59227822061566961,1.3055957967762587
"BEL",2024,6093.348185317593837358,105.363387777354603397
"BEN",2024,1390.37970019115236633,0.22812936460394966
"BFA",2024,0.0,0.0
"BGD",2024,15928.55986595331946530,56.54882768977864897
"BGR",2024,5367.482109936461875050,1157.15388884614296922
"BHS",2024,1959.73361957528950740,869.81159721069759872
"BIH",2024,2225.00798719822622606,114.35876248837888443
"BLR",2024,71158.958994333849162499,849.570610646533525939
"BLZ",2024,34001.25926784277607110,20529.69682923397241097
"BOL",2024,1813613.22895852737190790,1069446.32420747314804525
"BRA",2024,4391693.73095347384693068,2326878.76992882639726735
"BRB",2024,8.46905187192057482,0.0
"BRN",2024,1041.81545293806404615,189.16489069203178300
"BTN",2024,1188.06788734580442508,131.27612090100263852
"BWA",2024,1.45238886900716154,0.0
"CAF",2024,60751.65651672608231855,1323.62614907503558179
"CAN",2024,5165897.201092968089158470,4348391.087728227992704881
"CHE",2024,4212.23400251892757327,47.088523011265180756
"CHL",2024,47655.161749976224717251,8058.645039924048443005
"CHN",2024,675197.63149692797530595,36823.49371602234566028
"CIV",2024,165119.72654500117578304,163.77022764451172638
"CMR",2024,179151.62541159681932831,775.96054740665322944
"COD",2024,1377807.21325427961338066,95250.58225705774721392
"COG",2024,114668.23392485746277249,37849.86218672652475989
"COL",2024,213030.18157675827884753,14875.20494283424187803
"COM",2024,496.10502980289449924,68.89574389892636574
"CRI",2024,8299.44951876621200642,973.34028624671175917
"CUB",2024,10084.86306694566310440,3449.75275073881504093
"CUW",2024,2.33247536684353325,0.0
"CYM",2024,35.98152213774088977,6.76130743194010445
"CYP",2024,159.44928347779069018,133.20729854984792452
"CZE",2024,19588.712293896319557125,53.83896024652993138
"DEU",2024,89727.279811253805562013,169.554874085347179252
"DMA",2024,45.77689944098631969,2.89314563152018234
"DNK",2024,3645.041397284741288045,17.715824047452279544
"DOM",2024,12996.53641864150187026,1318.68801746504831902
"DZA",2024,4407.170687155833514542,2283.240698495871315865
"ECU",2024,62062.80098348890222452,5621.59292553938654980
"EGY",2024,31.30277649243924098,2.1818659916666667
"ERI",2024,0.0,0.0
"ESP",2024,78035.691949488765581136,6543.904237802481977304
"EST",2024,34898.481067943502122083,65.611624972228731394
"ETH",2024,27943.02839911547648860,392.52785042910521040
"FIN",2024,233618.034194618816459833,403.272371617532138133
"FJI",2024,1079.23383371828743062,59.11960179943466941
"FRA",2024,79146.665709806252534263,1139.730384196905791405
"GAB",2024,29130.31048066321499880,829.07297520229515642
"GBR",2024,22835.492084920852818282,101.405917018452642251
"GEO",2024,509.303174274012623945,24.467015883962673766
"GGY",2024,0.80636120157986118,0.0
"GHA",2024,107918.19424276223209470,100.91914840514864313
"GIN",2024,146801.57809842012096187,168.26189732165692341
"GLP",2024,28.62485588220974585,0.73887084082139759
"GMB",2024,15.3602439039534532,0.0
"GNB",2024,9300.86920940455159288,9.34715064110785616
"GNQ",2024,7745.29819334452744462,32.44579205648633833
"GRC",2024,12511.688451540680984591,6835.119998144544841795
"GRD",2024,229.89657158437378620,27.97063667451117900
"GTM",2024,141998.30797532187913773,77303.43563902513434124
"GUF",2024,4492.84355176476898564,985.21085651210479280
"GUY",2024,107334.66705555638453632,63913.93325904021320984
"HND",2024,74953.05365785189338807,22004.89875693235134766
"HRV",2024,7515.323752467755824355,288.249288295460280358
"HTI",2024,2417.85898294310339890,148.30722778499886290
"HUN",2024,12739.106789051282539939,216.471516227969883886
"IDN",2024,1120263.90713851431854471,41955.08060801273983348
"IMN",2024,27.94230853034722606,0.18147608937065974
"IND",2024,126043.83912128689869215,2265.76864794864939963
"IRL",2024,7332.522974149786021317,10.843110380290799583
"IRN",2024,66.483736881102423484,1.97067991113932308
"IRQ",2024,2.35859891024088546,0.0
"ISR",2024,61.54954457665253621,6.14623235651909912
"ITA",2024,33081.744893168359000370,1772.358710670200128327
"JAM",2024,1817.97337178060544661,204.07461095699224241
"JEY",2024,15.50429789984809411,0.0
"JOR",2024,1.2409600653190105,0.7184694299370661
"JPN",2024,53861.553854285659381309,258.19905557729912317
"KAZ",2024,2925.273057828809689590,731.780598069866728996
"KEN",2024,14102.37580161273982098,186.48876259221505060
"KGZ",2024,53.74152927150175974,30.74806403377388420
"KHM",2024,93477.86148757392680545,895.96673905519978241
"KNA",2024,5.22363179446831589,0.0
"KOR",2024,15651.479850057987005310,108.348579364200317204
"LAO",2024,351225.98978775907633526,742.37265546509106296
"LBN",2024,507.70335564491263631,111.55820680962780130
"LBR",2024,166498.97829312402329001,1917.15496134940929464
"LBY",2024,41.24806572311855669,8.2524672440766046
"LCA",2024,18.90865604970432128,1.19605208904893681
"LIE",2024,5.90355153720703120,0.0
"LKA",2024,11775.47802089796420074,126.29558141926947886
"LSO",2024,1.6846474751974827,0.0
"LTU",2024,22313.682177124666120998,33.784493335985246029
"LUX",2024,587.954881165258095716,2.04713108354600709
"LVA",2024,56620.400845186452793117,83.637833784995659615
"MAF",2024,4.02755561862955687,0.0
"MAR",2024,1409.45661628815402925,522.75789101542875081
"MDA",2024,1826.141254438506849219,12.246669446148004859
"MDG",2024,231218.70384342491319710,14068.95288838103746603
"MDV",2024,19.41040805383924348,0.30560033319661462
"MEX",2024,330819.17982999559928099,161981.85064618255527960
"MKD",2024,2054.963635089505895956,692.658411013365575764
"MLI",2024,236.80563416852942701,0.0
"MMR",2024,276977.81059431010113425,2395.84289535562908436
"MNE",2024,651.758193361247492978,21.257330621547311824
"MNG",2024,2717.87478429364243961,2341.82878672937928260
"MOZ",2024,298631.33988658132671682,3670.54711125980559204
"MRT",2024,0.0,0.0
"MSR",2024,0.88521007776475716,0.0
"MTQ",2024,57.33368333132865983,0.14905753464355469
"MWI",2024,17092.97273644054906981,38.68991281542100565
"MYS",2024,282533.58103206472507598,5336.20989268882784159
"MYT",2024,1158.69411984998377157,0.90087158579210075
"NAM",2024,0.95332852549370665,0.0
"NCL",2024,1782.05937156283301251,941.20425689535714707
"NER",2024,0.0,0.0
"NGA",2024,105644.33004385716590982,424.63058763719147514
"NIC",2024,157980.93289707233990982,45466.01193014217399518
"NLD",2024,1507.638799445521087904,212.072265104839455666
"NOR",2024,66325.395066503291196725,307.161844976293500288
"NPL",2024,2679.08830356231111640,430.96465449190004832
"NZL",2024,39496.565828101142748577,934.809914341863085262
"OMN",2024,0.0,0.0
"PAK",2024,114.84624364671115660,33.15137291569552577
"PAN",2024,21552.72921878775731112,1601.31288303182789715
"PER",2024,268477.16865044680287732,62641.48317500467739782
"PHL",2024,59208.90948676975006010,1271.29615487331749705
"PLW",2024,7.09689850764702746,0.38152866256022134
"PNG",2024,82210.22981897375309818,4338.91370344936930298
"POL",2024,71612.447006448823739991,195.296129627506520505
"PRI",2024,364.14037788834852392,5.04784879144422732
"PRK",2024,12017.27691242834866155,2874.75338771490439624
"PRT",2024,43380.716665141937973868,13129.002294039122709439
"PRY",2024,265819.58633815523418589,53697.58477294464398820
"PSE",2024,0.72383783935329857,0.13167006575412326
"ROU",2024,20153.390286690836504413,53.894200921434468972
"RUS",2024,5180132.894531234746023104,4105768.602335739826732819
"RWA",2024,3605.41794670364419357,6.92005730392198407
"SDN",2024,28.3500080510693434,0.22800773441243494
"SEN",2024,154.45796883318457329,0.0
"SGP",2024,64.06597942935074965,0.0
"SLB",2024,11061.72793614805069658,420.94381337416058561
"SLE",2024,130669.12534244914832109,266.24934031187666503
"SLV",2024,1679.34781025245727328,93.73648709414008333
"SMR",2024,0.16733450256510418,0.0
"SOM",2024,141.00018149500255956,0.07693018749103123
"SPM",2024,0.95298322494791703,0.0
"SRB",2024,4239.654432016733228648,116.654379698157559446
"SSD",2024,5576.77463575732765081,7.66084697437147359
"SUR",2024,34033.91194844956423459,15626.22388102685722829
"SVK",2024,7651.075088853113932384,3.11812716539496541
"SVN",2024,3741.948079171054135351,22.84306756452472480
"SWE",2024,315358.631976843805435373,620.946676174670244536
"SWZ",2024,2428.62417492595949598,310.04507641278965183
"SXM",2024,1.02543027944227433,0.0
"SYC",2024,0.60728605523980034,0.0
"SYR",2024,986.88216194198338576,564.8424280460829498
"TCA",2024,21.74941458078340081,0.214590091468099
"TCD",2024,13092.28063024351618890,174.96613693350476093
"TGO",2024,5731.26026178065266098,6.6262955067165796
"THA",2024,141657.86723916790139848,519.39624208299048030
"TJK",2024,0.48806651037109373,0.24155415022569447
"TLS",2024,946.92174346687445304,61.64936879938910289
"TTO",2024,1107.04527755152758249,47.64835272843153156
"TUN",2024,1664.934139047390430325,1118.222995209303832239
"TUR",2024,40151.646311932425538830,6653.132969167328543584
"TWN",2024,3734.59072050151857829,84.56704055839735704
"TZA",2024,225765.28677639229749183,1139.97992742159476500
"UGA",2024,64858.55514983609781444,3.61498528494018573
"UKR",2024,80279.444931872267710716,17224.446899695917792068
"URY",2024,11481.51107115946917380,236.57798512880967016
"USA",2024,1596539.176294103327733957,503549.310394486811431641
"UZB",2024,4.36758045204427062,1.16044438032769105
"VCT",2024,42.29153386034235027,2.85483084598958335
"VEN",2024,145092.91665159851882105,56127.91337826245452381
"VGB",2024,0.21927488408745659,0.0
"VIR",2024,20.61052820454210418,0.36656786689236113
"VNM",2024,128461.52024024117410259,1556.53458335263329406
"VUT",2024,310.69872299981059753,99.79757277645726375
"XAD",2024,1.7797165651692712,0.0
"XKO",2024,772.081757564240482456,117.421167100047697196
"Z01",2024,80.66357451726561541,4.43514524013563395
"Z06",2024,26.07078271392148189,4.04208093430338546
"Z07",2024,7551.76660291291529064,194.19721547314562824
"ZAF",2024,39556.61675949007657389,13177.80178678686602666
"ZMB",2024,229624.80790196609287325,2105.06997106173717766
"ZNC",2024,13.3754287293532997,2.6472464059244791
"ZWE",2024,5834.54073476420217446,118.65908018674800016
