"iso","umd_tree_cover_loss__year","umd_tree_cover_loss__ha","gfw_gross_emissions_co2e_all_gases__Mg"
"AGO",2001,4957.52125232632907688,3180787.037354872198374
"ARG",2001,5979.95461381806178115,2342089.614865744265674
"AUS",2001,0.07592236710015192,142.65925846096894
"BDI",2001,6.22292964949001751,3350.033429332605695
"BES",2001,0.1469319746592882,113.49912121387969
"BGD",2001,384.77334921171992118,245110.63067025234619
"BHS",2001,0.28678775083984374,49.482317191815872
"BLZ",2001,1272.15088350485631526,617654.471835484568103
"BOL",2001,36517.33844351501385695,20420480.6992294688506434
"BRA",2001,465525.97231393651317903,300511481.272029243138179
"BRN",2001,256.08653660094796812,203605.110559247953809
"BTN",2001,69.41099623881294307,47188.470843285366531
"CAF",2001,3939.63629390936852761,2797190.397990335563468
"CHN",2001,867.27425443812285036,495996.790854037117718
"CIV",2001,14048.50991599636379965,6422040.148207077805805
"CMR",2001,8286.75606657633954879,5418362.186009543823885
"COD",2001,92019.83365892222310703,66069813.739753946147311
"COG",2001,7399.06647196844018571,4789289.481890866386690
"COL",2001,24058.84128818705015926,15562547.446594439156671
"CRI",2001,522.82966407001518231,318489.418010214178131
"CUB",2001,475.24672877172072650,144920.21140488060058284
"CYM",2001,2.24888464985785631,592.610156494170519
"DMA",2001,5.04974570282118114,2984.328247426061825
"DOM",2001,235.77704186081709252,103310.068932368991416
"ECU",2001,4726.19348739989569383,3277560.296821545590539
"ETH",2001,1399.27059449023123517,945566.363861421416639
"FJI",2001,12.56193164559895778,6779.651052638383975
"GAB",2001,5117.83666954909899645,3278099.052814465798124
"GHA",2001,1696.35692723990548660,828078.545862034942160
"GIN",2001,287.89915564443296873,153230.2255387661433917
"GLP",2001,3.1064585997998048,1803.69892168232003
"GNB",2001,8.52683887830675077,2668.032069070441304
"GNQ",2001,603.26105603142168240,387625.688166731715049
"GTM",2001,3967.84342449732901108,2237086.831003134429427
"GUF",2001,901.77611951122825115,740608.615110632872815
"GUY",2001,1834.78657925390596079,1271881.258271667062392
"HND",2001,4747.46372050828670620,2788389.9343544000402875
"HTI",2001,9.89033936289062636,4732.903466985978626
"IDN",2001,114393.86503171675257584,110822630.991688992318627
"IND",2001,4436.45403862415230976,3035656.253715780236233
"JAM",2001,89.57468488645834731,55080.003641995062298
"KEN",2001,2390.69343360198304394,1421846.690054288116746
"KHM",2001,8890.22003364705245048,5341539.740016040517938
"KNA",2001,1.98641194428059904,1118.73306847902973
"LAO",2001,10259.68649796362979092,6538402.222678936125186
"LBR",2001,2080.43486211133559932,1135895.564240197841339
"LCA",2001,1.04632296464463969,649.72532513906521
"LKA",2001,115.83366713140210503,53025.51012975412650
"MAF",2001,0.43937747833441842,178.21448981588687
"MDG",2001,21193.78309873169147633,12824846.468014638205709
"MDV",2001,0.07640892191650392,0.0
"MEX",2001,8055.03857110392564845,4052503.2059975728871195
"MMR",2001,9308.13783060656053033,5969293.5839941212387760
"MOZ",2001,47.94843722824815090,24982.276174598230490
"MSR",2001,0.44252670263237849,243.03997752844215
"MTQ",2001,1.56420304559570322,886.67585478780063
"MWI",2001,2.52992412338650197,1416.85155185565554
"MYS",2001,24071.03173792701022844,19591062.814308199308074
"NGA",2001,3494.91524358786833299,1438524.113099309229753
"NIC",2001,1852.85307283475638346,1126489.145455854140235
"NPL",2001,59.36401164300781506,37782.870067585852271
"PAN",2001,1188.84293430027110743,780851.841101447987635
"PER",2001,28695.53397477913306028,19914401.726883445600589
"PHL",2001,1655.06408471400999365,1209235.148040457333852
"PLW",2001,7.32442884702067145,5575.363494207928004
"PNG",2001,10238.09836848999980852,8634649.130961791311465
"PRI",2001,29.02792696137044758,17107.043452635482499
"PRY",2001,13533.81797036167306909,5339826.598202996921586
"RWA",2001,10.68536000877258384,6799.886426294491023
"SLB",2001,745.63212844315794967,588212.468271048647749
"SLE",2001,266.80736959211375496,147681.559264935880968
"SLV",2001,11.15520183661349820,6804.244206674896819
"SSD",2001,10.96986719427476725,6537.61846167847014
"SUR",2001,1144.89727470248834263,929813.938914029451612
"SXM",2001,0.07323942758246528,33.33213115469973
"TCA",2001,0.5720265906803386,128.92390451068206
"TGO",2001,2.44437867068060983,807.89450150728515
"THA",2001,2035.68548775114245810,1317635.574494977629567
"TTO",2001,83.47129334891382809,67327.121718036646894
"TWN",2001,62.83498421080403592,38711.827110481410385
"TZA",2001,1579.14805585026724347,981172.544394220778091
"UGA",2001,3741.81969841821302606,1909936.06293041440144
"USA",2001,33.53702004034620234,12862.166558343127728
"VCT",2001,0.07495259433865017,34.60588820570185
"VEN",2001,10432.59545529650105144,6147528.231183116944440
"VGB",2001,0.87699250704644096,420.64785404078055
"VIR",2001,0.43871009726454,178.26640201494563
"VNM",2001,12023.49419722953279859,7077647.791142746180061
"VUT",2001,17.42882615772244237,10182.19733446822553
"Z07",2001,1105.48802056500864158,708091.813028569505465
"ZAF",2001,54.06534504158854266,26472.067317877013151
"ZMB",2001,91.93893608351074131,45481.402698260495346
"ZWE",2001,8.99398214801649569,5041.92631633859794
"AGO",2002,3499.63627299536723222,2158371.041391216728210
"ARG",2002,9318.45821939031678767,3497319.092689819346660
"AUS",2002,0.60741974119194880,282.49959213418232
"BDI",2002,3.91871376533284548,2405.14274036388436
"BEN",2002,0.22913985083577476,75.21859285081219
"BGD",2002,619.40670645362066286,402099.888255673200778
"BHS",2002,0.21357198816189237,36.163806731711636
"BLZ",2002,5570.27996413942724016,2880679.113679259680746
"BOL",2002,70494.77878507185510402,37165181.181694096831059
"BRA",2002,1621738.19442358948163535,983072214.503510476924119
"BRN",2002,474.50766387612584928,372543.563556189223396
"BTN",2002,119.90976744171442208,78512.904577261895983
"CAF",2002,7005.03947054714318143,4746696.80451382058514
"CHN",2002,1823.23890451561137373,1100118.455384631488196
"CIV",2002,24188.70859243870209841,10730957.221311238920806
"CMR",2002,10611.83037139148972941,6951531.265652068659648
"COD",2002,168992.44006047401212192,119250875.299189634957680
"COG",2002,9973.61496922038103878,6488850.308892350634203
"COL",2002,63279.73757515272823439,39988660.094028770079680
"CRI",2002,752.99104371750765317,449358.619807033145009
"CUB",2002,2957.85876791069694138,322967.5540785773187215
"CYM",2002,0.79971454204752609,259.474745985383202
"DMA",2002,2.00395406994520411,1022.11025210303626
"DOM",2002,451.16381814680359015,196009.647671057339387
"ECU",2002,5707.73083196570778171,4282229.929286032397248
"ETH",2002,1569.22357377258419805,1009457.586360064913864
"FJI",2002,19.39814813145398721,10448.73576982821004
"GAB",2002,7001.69290382560814796,4445435.467997315864737
"GHA",2002,4435.28725268138203631,2068979.162911302524079
"GIN",2002,1100.62610566679065957,522523.449006538140749
"GLP",2002,2.7360277475786677,1593.18880409061861
"GNB",2002,137.31916150636392243,41071.6873504298195094
"GNQ",2002,1138.01324818058976586,744140.737735621593067
"GTM",2002,16077.21036493718984862,8526793.975296073005212
"GUF",2002,1628.44411660680033580,1323765.245130222555391
"GUY",2002,2824.67050435949492696,1985107.340679426222023
"HND",2002,7343.57958145660506184,4200856.027556361649776
"HTI",2002,17.43798238860460295,10437.852939155642983
"IDN",2002,271744.91385887218659277,270890855.4629581770780780
"IND",2002,8614.82306407107933892,5325749.447113999355733
"JAM",2002,280.45324809620554186,157426.437014678736745
"KEN",2002,2973.50172539877705082,1747777.340080376853437
"KHM",2002,18579.93223124395624657,10597932.941163708710238
"KNA",2002,3.01565209211914063,1450.857594790944475
"LAO",2002,13698.93301807129006473,8429393.4077701130965897
"LBR",2002,7330.37841642544941970,3875397.906895664249020
"LCA",2002,1.56965677697048617,826.80568360481969
"LKA",2002,524.16033899299287152,220242.709651983450355
"MAF",2002,2.9291831281445323,1134.2590786212121
"MDG",2002,27044.85135033701590927,15915883.602816592401843
"MEX",2002,14336.55337263129465083,6541414.290399925316648
"MMR",2002,12938.64357354007222665,8098243.005106061520401
"MOZ",2002,143.56074946575957754,65615.841540577120796
"MSR",2002,0.7376942802625869,415.40821894105935
"MTQ",2002,2.7554438720713978,1558.7348534110780
"MWI",2002,2.34375248692599822,1105.39805675196021
"MYS",2002,61830.25539132166005501,50203063.206266441193328
"NGA",2002,6131.77328692166419625,2428814.873439198391062
"NIC",2002,5753.62261706570850299,3434432.8192909566604355
"NPL",2002,169.53432575406248145,109817.447857002812463
"PAN",2002,1890.25285868781943112,1194126.659236028620551
"PER",2002,46063.89450106818108789,31226962.025497468798405
"PHL",2002,3498.84176284211167885,2507369.462053470661956
"PLW",2002,26.70128954037028293,21074.066874331734107
"PNG",2002,23529.78773425075806473,20003723.099016683577509
"PRI",2002,39.40240780962239636,21909.611995461031805
"PRY",2002,50507.54833582592560805,18538224.514383131097708
"RWA",2002,4.53482884819837791,2850.89124131678359
"SEN",2002,0.22541461602593318,54.181667113934820
"SGP",2002,0.07691609050923666,37.54891058520569
"SLB",2002,2128.72032747426451961,1666846.474404192600050
"SLE",2002,250.36236488640627752,118252.838215039745128
"SLV",2002,52.86365358356987846,35759.323951857002350
"SSD",2002,54.32513209019353222,34188.147508283507214
"SUR",2002,1931.78854082989583680,1538521.683561585280307
"SXM",2002,0.14647448469184027,43.54752087362647
"TGO",2002,2.4444999968221028,726.30324081082646
"THA",2002,3855.24310405211714149,2440764.624692024299978
"TTO",2002,73.19418375282173568,42533.073312551370137
"TWN",2002,120.65240410738283666,72602.45867677627134
"TZA",2002,843.40135033792790193,474790.793357309753458
"UGA",2002,667.81053529794001122,375684.14095930825956
"UMI",2002,4.31264620745659683,0.0
"USA",2002,12.71152890239800361,5084.437876581680416
"VCT",2002,0.07495259433865017,47.64689393746798
"VEN",2002,11320.58610786590894626,6492287.426865581298914
"VGB",2002,0.95006064361545153,537.7595388058907
"VNM",2002,11028.63885540967428960,6481822.561619162207365
"VUT",2002,18.71587643949110464,10717.49252555744601
"Z07",2002,3102.98252887638968213,1893688.415526126934838
"ZAF",2002,350.00246313548620826,169862.925984483073016
"ZMB",2002,62.40147400261553224,32225.810060356414074
"ZWE",2002,14.46358335918511233,7873.857492311830958
"AGO",2003,2963.29318069629853195,1801969.077443528119413
"ARG",2003,14459.58423855765490346,5393315.696904936611602
"AUS",2003,0.60726459230577263,331.327554122021534
"BDI",2003,51.55890953198691548,31235.12008283469668
"BES",2003,7.12073436079210372,0.0
"BGD",2003,266.91833755532962889,173282.240841645665085
"BHS",2003,0.2116896540625,12.820167056662052
"BLZ",2003,2992.54878092700998351,1482274.7541745826197585
"BOL",2003,77076.27205292834734156,41217576.269495239056093
"BRA",2003,1570540.46331468429285190,935961238.560120481435484
"BRN",2003,379.43454884667149977,296817.225982096339204
"BTN",2003,84.66540713421440664,53190.613399976031390
"CAF",2003,3025.66622561753639281,2180136.932820150733207
"CHN",2003,1590.32110832534558522,946445.662682732949038
"CIV",2003,16575.01314525020494573,7189266.590365841428772
"CMR",2003,9967.20681077520501986,6634875.461231670847485
"COD",2003,78138.25170693271160716,55714037.810354832794229
"COG",2003,9874.75792269973407935,6129484.714657003421832
"COL",2003,32062.94664880199316875,20100823.340202780929094
"CRI",2003,590.91052189845865785,354717.800864904001368
"CUB",2003,201.58485332779292192,162050.6951648730927640
"DMA",2003,9.72457471528754306,5735.82024773655620
"DOM",2003,460.63568804336697205,182363.302283372275036
"ECU",2003,3385.90863053175896349,2488263.902396298564293
"ETH",2003,2542.49198463388370016,1652335.042055935469126
"FJI",2003,53.21087267159286134,28566.826242621902143
"GAB",2003,10674.32098277132065538,6881446.092566794906021
"GHA",2003,1872.65390342591459813,870671.204997381330745
"GIN",2003,287.43739984522356719,145086.641680310705973
"GLP",2003,3.84483877007270035,2137.89389947945995
"GNB",2003,14.26996006293782673,4587.310268955030521
"GNQ",2003,960.34041914963779904,624039.167958668553890
"GTM",2003,24301.23791724384627390,11419391.3747133274465814
"GUF",2003,1267.39961934566594211,1006315.757645323734449
"GUY",2003,4216.40688066703920344,2456087.314926373812282
"HND",2003,8855.60342249312011747,5059993.2129083083280793
"HTI",2003,14.33538363853840921,6726.801628275916728
"IDN",2003,248435.97585151179479188,253833835.323967638277768
"IND",2003,8255.75781013224658080,4995840.901222713736322
"JAM",2003,152.36760226338325333,88753.160617785000277
"KEN",2003,1568.12530771647951886,996781.239900839730571
"KHM",2003,24060.75302588554501028,13380663.576225542849279
"KNA",2003,5.00276932273871343,2190.363829721838679
"LAO",2003,20468.86294442009582678,12664307.560592150078208
"LBR",2003,4820.83807672931978357,2539570.120591471007084
"LCA",2003,1.86830529101182747,1077.56657710669628
"LKA",2003,991.42360557821636825,408878.739600235962409
"MAF",2003,2.41663369414171071,1044.448375566632846
"MDG",2003,15332.58616173083019635,9162806.352244380871593
"MDV",2003,0.68886633312554252,33.09228795597424
"MEX",2003,17932.82348662118554704,8051091.225720096694758
"MMR",2003,13768.18041280557336886,8842111.226348038738147
"MOZ",2003,91.65641669239584093,41685.483718051473197
"MSR",2003,0.36880606970920142,219.98655583007055
"MTQ",2003,6.70269943120008702,3579.177688274242444
"MWI",2003,9.66250781551269816,5270.15807500647628
"MYS",2003,60417.40799971842499041,52584647.170675544929313
"NGA",2003,1830.25095880257545136,706728.530533957077373
"NIC",2003,5123.65283677508623189,3045573.536386325794704
"NPL",2003,284.62969253626532012,189286.458545785478625
"PAN",2003,1575.62083818207347832,989087.560616590250708
"PER",2003,43729.59676979137453256,29555427.023484310114167
"PHL",2003,4274.73817800766957514,2988483.152378254826430
"PLW",2003,3.35690815748155345,2531.62989498935993
"PNG",2003,15365.92599034550239411,13328245.062682050110021
"PRI",2003,83.34167228755533101,47973.74461442509417
"PRY",2003,74443.44848971340184766,25357529.595599510528463
"RWA",2003,28.97537139098889696,16510.00899810637711
"SEN",2003,0.22544722504069012,48.0516342638510645
"SLB",2003,1276.21785922356570547,988266.641406987162667
"SLE",2003,176.19085482142195006,91551.856699580677943
"SLV",2003,9.58335945795844329,5776.260800924558627
"SSD",2003,48.34699545159857816,28698.50976220767227
"SUR",2003,2243.05149487732497114,1672982.010371272958436
"SXM",2003,0.14648413868489582,45.94141656512471
"TCA",2003,1.78853346906141495,338.187722518383695
"TGO",2003,1.52774851750976573,461.44168791158056
"THA",2003,4241.86286399583662149,2686024.893195321833361
"TTO",2003,50.11670488185004461,28641.774512647434678
"TWN",2003,65.20640405950305207,40430.50794921991568
"TZA",2003,726.59339496534274547,383610.689367951327527
"UGA",2003,1521.14842007176204244,910557.936750271172436
"USA",2003,8.93056397267795154,3364.781502469605314
"VCT",2003,0.5246463214973959,247.36133344872914
"VEN",2003,20761.78909755333793206,10837874.847093853701017
"VGB",2003,0.43850035617296006,199.33538307128317
"VIR",2003,0.8043484781749133,347.25940873513196
"VNM",2003,9521.70941147881781664,5553852.9743853738292087
"VUT",2003,329.79501748273459067,173791.913999572526487
"Z07",2003,2590.22377246776573897,1546092.10728187558276
"ZAF",2003,326.88136395899298734,176767.350838978005027
"ZMB",2003,133.07355664063649050,64033.01229282652002
"ZWE",2003,8.62014817716145913,4874.898261155804046
"AGO",2004,2354.97632785250006462,1422994.227674009350951
"ARG",2004,28090.43650070011115361,10585549.506542400634099
"AUS",2004,0.45553511205512156,221.808060303985218
"BDI",2004,2.7658422863812936,1678.9870694602789
"BES",2004,0.07346776039062501,48.040996304118494
"BGD",2004,347.56188045675450838,199677.945916225177308
"BHS",2004,4.51156650117946936,807.071136756230387
"BLZ",2004,2108.50638454191498092,988889.794056518790020
"BOL",2004,96581.97016646777192488,49120050.102083952102972
"BRA",2004,2016350.02973847839227478,1248727582.763186447807868
"BRN",2004,584.78237855187315687,452313.304818706336685
"BTN",2004,337.17192356522133238,218599.728015232347336
"CAF",2004,4096.37874875210409377,2806400.911678568728675
"CHN",2004,3421.80220966676783032,2017905.07904059106277
"CIV",2004,11229.83279919186089401,4952873.853888747372610
"CMR",2004,9049.26846524855783551,5845868.321905914349832
"COD",2004,123521.15989301252794798,86350980.616507728752480
"COG",2004,4995.59894056907103263,3078588.110587176669777
"COL",2004,81732.76615890029965240,50972434.8544644298193725
"CRI",2004,603.27805120763893070,372543.059515148087484
"CUB",2004,651.64005252844179973,206923.6837166352268957
"CYM",2004,2.10855836277994822,610.975540522598555
"DMA",2004,22.12330750501247897,12243.64125578581382
"DOM",2004,1065.76078972556221321,439370.328782406107120
"ECU",2004,5446.86188543996049750,3852155.647835749971594
"ETH",2004,2729.93030395608177728,1611627.374262744311467
"FJI",2004,231.14562265322572265,124018.030508421209634
"GAB",2004,5698.65092538939913775,3654458.834535746253541
"GHA",2004,1581.80078692339432822,745581.290988660867348
"GIN",2004,552.59577399403099917,266303.348727777015097
"GLP",2004,8.58169741017252567,4695.218751165461416
"GNB",2004,75.94738958341146223,25288.720100061684005
"GNQ",2004,210.82551511441552249,131434.67275039665046
"GTM",2004,17264.51795588573115121,8701116.849194246962812
"GUF",2004,3268.53743244852161759,2598889.2698787042058303
"GUY",2004,2630.27736302563750026,1749590.423864224053738
"HND",2004,7114.70040409247762585,4046499.917104721962276
"HTI",2004,52.92761232347118189,30785.588706731778710
"IDN",2004,479153.04604944957146717,506938176.015876955129410
"IND",2004,14204.21121144393178780,8626377.375177517194528
"JAM",2004,979.76680863567889234,529964.574790242614070
"KEN",2004,2973.69219999077677900,1742135.178831139902225
"KHM",2004,44084.07617944245810059,25331730.284515053595782
"KNA",2004,4.19277861505642414,2189.764221137482306
"LAO",2004,17941.45536649780956866,10992204.954137186556083
"LBR",2004,1782.41996293179211187,938311.161263214275535
"LCA",2004,6.95181299321180637,3731.83792326472514
"LKA",2004,466.73718752559128377,198713.509663391801113
"MAF",2004,0.87876646094509547,412.47927039903496
"MDG",2004,20283.01778544937743569,12100588.819957040670472
"MDV",2004,0.68833650734429257,109.412258904016395
"MEX",2004,18118.21640883983575104,8396170.4393096188230215
"MMR",2004,23285.78749440438023169,14835932.703597545773006
"MOZ",2004,184.78721596536626935,80539.887758280553332
"MSR",2004,3.46630194419921866,1788.36948017510932
"MTQ",2004,13.40168519382215767,7553.75217812794735
"MWI",2004,6.20259859858507148,3087.25587621161500
"MYS",2004,113430.80118116804608257,98235148.147146689862782
"NGA",2004,3055.25118745551598856,1160545.151382540381186
"NIC",2004,3182.42834235639786858,1889132.8627353761275283
"NPL",2004,174.51839004270400709,104047.903582855050804
"PAN",2004,2482.54911850616988316,1581948.990089415015272
"PER",2004,62017.75861789100498669,41779776.687182440138742
"PHL",2004,7078.13890015911213547,4986547.969199316367095
"PLW",2004,7.01906228942735520,5935.235401819389385
"PNG",2004,25102.95332378745940284,21413382.780569739244382
"PRI",2004,58.93001494174696063,33028.51076277573554
"PRY",2004,65084.74140334885424064,25478709.79129430682909
"RWA",2004,6.99410998955179950,4230.513151889798356
"SEN",2004,0.07511126604112413,36.813395393638501
"SLB",2004,2200.65792477184451650,1711430.2870049256361595
"SLE",2004,234.56253496750659789,112979.326688332460865
"SLV",2004,77.72682384445747870,51319.573989343793143
"SSD",2004,80.8763834343866676,48941.8864485770400
"SUR",2004,2814.20873408792808926,2201071.871191226548455
"SXM",2004,0.2929473428710938,102.98343958843883
"TCA",2004,2.28795229555121552,467.474214401268904
"TGO",2004,0.07638703037814672,21.356310570036346
"THA",2004,8018.23349164126826786,5062969.294596041149872
"TTO",2004,152.30712593606500904,85323.973090404108261
"TWN",2004,387.56926088565650110,237907.66794507689156
"TZA",2004,724.48183562752975182,355565.340605982992953
"UGA",2004,1587.09893249973059590,949197.868052135323261
"USA",2004,31.69462981866320515,12900.905523325931661
"VCT",2004,2.09862552305501336,1221.72855559281171
"VEN",2004,15891.23661249503343162,8903739.888636165408935
"VGB",2004,0.95005181121961827,399.35392166108970
"VIR",2004,6.5811902182997019,2933.02167396702092
"VNM",2004,21113.71610140572186864,12663669.386833229461585
"VUT",2004,110.19350775493924799,59945.949852374568675
"Z07",2004,4961.94673068949208627,2991828.652385188246618
"ZAF",2004,430.21307533398889268,219995.330351766336814
"ZMB",2004,431.90642735045294111,207493.792816286809626
"ZWE",2004,20.61857423467447885,12093.32570094604025
"AGO",2005,3110.00209353747040228,1851465.969964626496574
"ARG",2005,31429.66431140433894964,11739022.410368508776863
"AUS",2005,0.60746448859971784,249.354833815716524
"BDI",2005,15.44141162908989946,8228.55911696694282
"BEN",2005,0.22906319317626955,76.004080323888199
"BGD",2005,306.00679136436521728,188282.222402601665888
"BHS",2005,2.83232223570421024,234.116963234500072
"BLZ",2005,3206.26153512343956046,1565919.374849210268043
"BOL",2005,137883.99670223442800504,70477527.3473281477989895
"BRA",2005,1824217.99031233582751453,1176100241.611366169547789
"BRN",2005,602.98764716093931023,450133.391187316688257
"BTN",2005,315.95689397594183836,211327.856631632851115
"CAF",2005,5466.01443146988635479,3665283.857419184460600
"CHN",2005,3075.79346414711183680,1842824.518228004241749
"CIV",2005,6010.23095064578459928,2479305.915644040612321
"CMR",2005,11078.77943388177241964,7186383.886440763639006
"COD",2005,149894.12993354913413048,105051251.559377827401470
"COG",2005,8608.14916414399208753,5413875.830992178111594
"COL",2005,58905.89187924134366213,37162170.657316802681726
"CRI",2005,869.41861333082800410,513483.519558392241296
"CUB",2005,1023.73535993041326522,293951.0817364280244931
"CYM",2005,2.47158031576931455,568.3696368714647575
"DMA",2005,13.28584508893500423,7265.02122831498167
"DOM",2005,4977.01761852263073096,770197.221008690417611
"ECU",2005,6210.65476594726433643,4615770.617326402163130
"ETH",2005,2302.29218866907842834,1286831.518372352906485
"FJI",2005,153.43655265883787346,82929.261943074483900
"GAB",2005,10815.80176693033181474,6887634.458954756623140
"GHA",2005,3402.15156317637402096,1588792.133776034262179
"GIN",2005,270.57807526315337833,126412.569815877925582
"GLP",2005,6.80624069312120320,4017.92388597921831
"GNB",2005,76.26342669537000969,21459.216531211424953
"GNQ",2005,900.48385636522859001,572431.735480058168433
"GTM",2005,33396.52604767821448129,16217055.359725846571398
"GUF",2005,2028.10358142908793803,1594106.697167867170217
"GUY",2005,3578.78145785487926737,2440640.008352435000717
"HND",2005,14157.46948685326442761,8199956.048431212050177
"HTI",2005,36.60767439726454743,14115.20869643375448
"IDN",2005,478404.27681738769141605,513784355.288594249637520
"IND",2005,11134.37862517489128944,6783333.319315566189314
"JAM",2005,3164.15957272312028381,1731001.391880116770968
"KEN",2005,1703.29024011286153801,1001700.561185118083491
"KHM",2005,35978.08120679434404336,21223136.579149592948053
"KNA",2005,4.5613920746712236,2329.85468728386762
"LAO",2005,21598.81756506425796725,13362628.193096290661335
"LBR",2005,2168.34263400478631071,1083740.109388567642352
"LCA",2005,5.53132415788248749,3321.886300953163366
"LKA",2005,546.64128911216376692,233545.641179098868472
"MAF",2005,1.09847702773763056,422.21892583103695
"MDG",2005,22517.44351831581986874,13138175.940850245587295
"MDV",2005,0.30594948389729822,0.0
"MEX",2005,23047.50035357036760677,10671002.4682134440761325
"MMR",2005,23420.77236243599808868,15085185.8140032553981186
"MOZ",2005,278.99545067974335644,136189.411722934596843
"MSR",2005,9.5158042307519541,5535.5386676677130
"MTQ",2005,7.37111373267741014,4280.72497860197004
"MWI",2005,5.79141377649793785,3033.23795774753814
"MYS",2005,114500.97758878862445477,100808674.763881489375360
"NGA",2005,1922.27534910070208173,785443.682966296464612
"NIC",2005,11309.25459901037561308,6801649.065855839286465
"NPL",2005,234.56905637469075599,156359.956106931521444
"PAN",2005,2338.14889008096714833,1498719.873793334762539
"PER",2005,97369.41128401874320907,65133288.820134744080403
"PHL",2005,6332.70053640222873390,4355059.488303848460855
"PLW",2005,15.64008217338568726,11790.623090709296851
"PNG",2005,16365.11615343879135487,13523534.488989126873175
"PRI",2005,54.17298763534722089,30682.047224088084537
"PRY",2005,57704.22306580457055809,21606141.269525773260273
"RWA",2005,14.37314064857829062,8975.53851538811200
"SEN",2005,0.07511642530707466,43.206097581435846
"SLB",2005,3842.55981728837007658,2981410.396796329885408
"SLE",2005,166.69141944233751178,85588.738273321515543
"SLV",2005,31.28639773261881841,18210.592616890805576
"SSD",2005,46.2644874665444642,26875.5162950982121
"SUR",2005,1808.21629178068340708,1367793.483018543346197
"SXM",2005,0.43941928602213543,176.55071662617171
"TCA",2005,5.07724221241645065,955.308447590698146
"TGO",2005,1.6041379882302517,445.13616072620054
"THA",2005,10671.23060940354026112,6802603.663774300990386
"TTO",2005,94.22882641943629376,54581.540639596648219
"TWN",2005,274.24542571335401662,171136.69202979591201
"TZA",2005,751.11089658965303173,389963.744679987212534
"UGA",2005,2899.40048435901186762,1626966.921069651935421
"UMI",2005,45.757550883209644,0.0
"USA",2005,10.97109243607313384,3844.140222010089160
"VCT",2005,3.07181862311957504,1603.23472726233564
"VEN",2005,15561.24752451142028143,8669762.8839682269810455
"VGB",2005,1.6078772765516496,801.05443851976054
"VIR",2005,0.36561744881727435,118.07177902865713
"VNM",2005,27779.78632073274791149,17016747.318816115602735
"VUT",2005,52.84166512325683866,30700.930163507459431
"Z07",2005,4013.32405127484502479,2430342.57673889111835
"ZAF",2005,522.32868883200087734,273411.425206419239595
"ZMB",2005,242.91232141524585456,116113.155701885466234
"ZWE",2005,27.48407887379122902,15942.16156969153999
"ABW",2006,0.07516239089138456,24.575413518195255
"AGO",2006,1400.15250236637209947,748593.204773096568309
"ARG",2006,24095.40983058136538464,9246529.641573458163058
"BDI",2006,5.76207786249213287,3263.64918429331334
"BEN",2006,0.0764804041083442,24.08197263532513
"BES",2006,2.49591197905815981,23.60162340273959
"BGD",2006,677.31534766448003329,420187.890372479480817
"BHS",2006,17.14283582060980912,1028.003746893275126
"BLZ",2006,1898.66588324345985302,931770.923700565912142
"BOL",2006,118782.93965938427884235,60774925.400599256933875
"BRA",2006,1415536.41629047266748785,898809395.126379446133377
"BRN",2006,442.19756127584713485,342900.273977611669018
"BTN",2006,256.30307394337025142,160101.592228022043339
"CAF",2006,5684.24553298380643024,3933703.083053566719636
"CHN",2006,4804.34023199831934618,2910824.561110174139144
"CIV",2006,16773.42572429535519408,7471404.454040755741297
"CMR",2006,14845.90202557840257813,9544793.232919096591591
"COD",2006,146457.40999473125037417,102763034.596477885821366
"COG",2006,11788.21973797300498102,7493556.562411213560831
"COL",2006,56033.84006054738501172,34563937.217972952596619
"CRI",2006,715.40657883928224874,433638.037843943429000
"CUB",2006,467.46983143267023954,174837.660659737849396
"CYM",2006,2.98091570308051252,826.684135075058460
"DMA",2006,4.67693955810546924,2679.688266310851885
"DOM",2006,535.06488386347958179,240982.556090403477945
"ECU",2006,6448.48609359937135770,4599202.246283563926526
"ETH",2006,2562.24733766790077653,1577721.178119337846780
"FJI",2006,168.31762538212404932,92474.249257057928698
"GAB",2006,10494.80448505266981493,6509368.366397671383522
"GHA",2006,3647.51321202649476950,1650758.046537510836605
"GIN",2006,235.08685377833342170,128707.337353260085732
"GLP",2006,2.95784273417589004,1699.16744278497096
"GNB",2006,48.84465673658365815,16288.068874216551431
"GNQ",2006,761.37650748298148074,488189.056789407332521
"GTM",2006,18318.82757748595351815,9360866.244661084651904
"GUF",2006,1943.56576389811882589,1566378.512196670423918
"GUY",2006,3744.12503585024362088,2594291.0428654467189294
"HND",2006,14165.52696267003833708,8168506.523480602523105
"HTI",2006,21.95558692202908212,10517.67806416587580
"IDN",2006,468380.57782301055747395,433706253.3370187733659981
"IND",2006,11175.42805540816206684,6750769.728397640427609
"JAM",2006,456.84368015035776683,258392.015920444363511
"KEN",2006,3339.71840860878388534,1968837.619665575561264
"KHM",2006,43268.03182189406795966,26569742.216364828954381
"KNA",2006,7.79960949640624817,3986.770615025273124
"LAO",2006,33971.73212991786588058,20608036.239673789004729
"LBR",2006,6005.17714793247750556,3103507.414656349657671
"LCA",2006,1.86822840465277777,1012.902715529216932
"LKA",2006,413.12915873806553924,197059.924666964684776
"MAF",2006,0.65906840504774301,263.50894775111903
"MDG",2006,12821.23145794308231589,7362172.779464290516666
"MDV",2006,0.45911258166229251,0.0
"MEX",2006,19413.30176775330823713,8441731.437692527516987
"MMR",2006,23065.57457407236255792,14329919.969053553519879
"MOZ",2006,278.60854356718475550,133472.888776369136598
"MSR",2006,3.61416524111545133,1953.279446477336065
"MTQ",2006,3.4994491926177303,1976.92824014957652
"MWI",2006,16.47069978570909452,9829.500702340723755
"MYS",2006,113091.99806108535768338,98315178.002371929275803
"NGA",2006,3457.78104906930336000,1378171.191451771724845
"NIC",2006,8817.49870645564076933,5321563.111437274164549
"NPL",2006,249.64680414142688761,150645.502432255862581
"PAN",2006,4574.60179365013981731,2894772.853654736494586
"PER",2006,58804.71817906177074997,40076539.099021108614239
"PHL",2006,7143.47266643763314007,4937945.893590408302471
"PLW",2006,17.01434526852321701,13901.93636195094219
"PNG",2006,24784.21708552804172450,20731760.010000288933503
"PRI",2006,81.81190586811416439,46760.452868958555275
"PRY",2006,27948.99361576842638360,10321916.645075466049664
"RWA",2006,39.35351762318976578,23818.34512783669118
"SEN",2006,0.15036735818576388,50.64382535607346
"SGP",2006,0.2307315557248264,126.1814999793688
"SLB",2006,2495.61914784003538293,1927903.702228761601885
"SLE",2006,786.65991257958837889,402954.220896925391894
"SLV",2006,47.85744959711913785,28993.86670001812381
"SSD",2006,46.7249490069213873,27636.6672870234305
"SUR",2006,1892.55735463091447804,1493908.611385039620188
"SXM",2006,0.07324318673177084,23.57224272800889
"TCA",2006,1.07254516095052097,251.420987266694654
"TGO",2006,0.22916934126871743,66.904411399371765
"THA",2006,9544.71849893214494327,6009788.663989949226801
"TTO",2006,120.98312647874402312,73314.156130390856268
"TWN",2006,308.56582843100476727,199731.37603139306943
"TZA",2006,738.67814813357614909,360136.056569183126023
"UGA",2006,2891.14690841572970756,1500423.434398907905917
"USA",2006,20.03894282158420183,6573.491123249021972
"VCT",2006,0.07494451470865886,47.52976182632966
"VEN",2006,14243.29700234291550941,8162117.508662334170456
"VGB",2006,1.16938403597873269,505.679330881251155
"VIR",2006,1.6086988534299046,732.51700912556334
"VNM",2006,20141.90785316803015030,12702261.170748339517744
"VUT",2006,68.08932524685872580,35832.212482504103370
"Z07",2006,3950.05752527412698535,2323087.803276766042784
"ZAF",2006,438.85906843579753426,236893.135400727409396
"ZMB",2006,277.05292858233962412,134683.104088110375354
"ZWE",2006,25.50500984544271107,13989.12187414222325
"AGO",2007,8060.48804748745503290,4947986.792216236705839
"ARG",2007,18687.66438569832045374,7082727.187008937167914
"AUS",2007,25.43683731170250889,16604.969356635094770
"BDI",2007,13.98292881690701153,8066.83698335782560
"BEN",2007,0.07629498788492839,24.994790312936228
"BES",2007,0.22034346194010417,65.33156282969042
"BGD",2007,369.79718637040863760,229175.53911779661899
"BHS",2007,8.51543140592339572,1374.485556499592567
"BLZ",2007,4139.50381136772422481,1980476.936199872055250
"BOL",2007,114368.97653003633345953,58481708.654335354032300
"BRA",2007,1149515.26905802971735910,703528979.860607093087640
"BRN",2007,639.47394696543609397,503529.93090315854765
"BTN",2007,186.15689957146377489,121897.37542572415295
"CAF",2007,8400.45584395566180458,5616290.179794113611016
"CHN",2007,7513.96741637207323294,4443872.64275414161565
"CIV",2007,17325.33136907225439951,8021847.556046739806235
"CMR",2007,18347.55478082032987155,11988443.467087099776514
"COD",2007,154990.70723997964753509,110921820.440372006414872
"COG",2007,13688.89390489768395934,8536193.428801247484839
"COL",2007,95557.24484054076362879,60025039.543914816249075
"CRI",2007,846.58198689067448918,518639.210006510046979
"CUB",2007,464.68121450634399069,95896.5404975778772092
"CYM",2007,1.81409270187391529,467.635868258580300
"DMA",2007,7.71936337970757577,4555.15787799222763
"DOM",2007,955.96570741670538080,389523.816736017799569
"ECU",2007,7010.27605053686963635,5139899.114015642682559
"ETH",2007,5518.41029611609098014,3653901.447815579549944
"FJI",2007,127.30592072899635481,71247.073180500948046
"GAB",2007,10584.42182916982417944,6524284.512880527735646
"GHA",2007,3013.32486117301480701,1429891.824303858954495
"GIN",2007,1035.12466269354575320,522051.434377046311954
"GLP",2007,4.65958429243001306,2703.2067747448206
"GNB",2007,65.21651447655816032,23829.249163994903234
"GNQ",2007,1526.85929184482450945,971144.344472652590010
"GTM",2007,46799.94411821702132961,23524075.936895651546864
"GUF",2007,2421.40853880845919591,1926926.526788788777237
"GUY",2007,3346.28713314032989573,2329020.232007608209958
"HND",2007,12660.20927137541054736,7290325.960301405568867
"HTI",2007,38.52364231546113995,21021.433369190624949
"IDN",2007,525991.87531964684479254,565655755.465830389459906
"IND",2007,12972.41377580633199739,7754459.526213165638135
"JAM",2007,227.41643748309684722,132224.531736209249996
"KEN",2007,3439.74798320718495431,2078044.455340883006600
"KHM",2007,35528.87175799840111614,21974942.134582147836989
"KNA",2007,2.79596826027886293,1374.50211265431245
"LAO",2007,44918.45109668802781917,27293828.688759021234086
"LBR",2007,7639.82809192148033344,3976915.975410563401870
"LCA",2007,4.55870342676866263,2525.717106645315049
"LKA",2007,675.16889011191848889,277716.205003806760218
"MAF",2007,1.09846166442491336,398.30035767087722
"MDG",2007,45969.75878251511557428,27019559.014099020521130
"MDV",2007,1.29945680724175357,26.014445712227253
"MEX",2007,28997.32413649994350537,13867247.0219538124201455
"MMR",2007,31292.42107543329699801,20059582.564127483641249
"MOZ",2007,180.35988725484107787,85545.247860678887072
"MSR",2007,0.14752179989257813,76.58137520409832
"MTQ",2007,9.83268816716742708,5004.683807656621848
"MWI",2007,9.75827238352864364,5169.32616379816638
"MYS",2007,142090.14161264611708823,124653027.225307836867073
"NGA",2007,2752.75122439388753359,1105673.279642918737951
"NIC",2007,36159.34689957139774688,22260896.338505145601117
"NPL",2007,268.04383745187617870,172462.729095709001030
"PAN",2007,3112.64791642600032928,1959994.098646324084597
"PER",2007,77966.68361388076710302,52106663.835120395130850
"PHL",2007,8752.80403861332557529,6082868.112875814622980
"PLW",2007,33.26549572097222097,26280.636872856934002
"PNG",2007,25041.73173753895242151,20933111.187370884445925
"PRI",2007,41.75133925168728505,24484.41152214087132
"PRY",2007,85752.40024506569636681,31620596.068588770053487
"RWA",2007,8.76252429343526190,5291.283761033785855
"SEN",2007,0.45081358102105038,225.253793160443238
"SGP",2007,0.15382124152669271,67.63092566587211
"SLB",2007,3015.88093660492671810,2351194.875769880503820
"SLE",2007,476.48327283430816853,265196.20006866139088
"SLV",2007,47.99901106977538625,31811.634577251623444
"SSD",2007,102.28667128090257680,59032.283599932529955
"SUR",2007,2157.98744371472726779,1676537.570170249422076
"SXM",2007,0.14647367143880208,43.22591394634791
"TCA",2007,16.30603149272786041,2697.479645217751334
"TGO",2007,5.34738924174343524,1665.155987444716914
"THA",2007,11326.20726150213332295,7219004.483596387335436
"TTO",2007,134.16144613617840093,75933.838422602665589
"TWN",2007,192.23043324621852738,127180.05935361571610
"TZA",2007,917.26373448621540788,499081.299140429812580
"UGA",2007,4043.53549931292649042,2477373.856530338151246
"USA",2007,37.82837678685551334,12459.327430282778832
"VCT",2007,1.34870783092447930,654.45936392643476
"VEN",2007,26102.90628882504817657,13893019.877138166228215
"VGB",2007,2.77713163433159786,1286.44199294503643
"VIR",2007,1.02369797351453998,414.29239644294618
"VNM",2007,22289.42426834529083159,14041266.762839873963584
"VUT",2007,27.41802948151096014,14760.373517375087728
"Z07",2007,4235.73525899424885433,2542618.532126616576285
"ZAF",2007,414.63656131048094109,233724.919872544495672
"ZMB",2007,538.20142842019594729,260120.237562742707595
"ZWE",2007,16.30573349944661054,8980.397240409291359
"AGO",2008,2699.29231447578529483,1626410.933140546316231
"ARG",2008,47067.03112671737948527,17745068.079441242712618
"AUS",2008,0.30369043143229163,110.18815734689211
"BDI",2008,18.13216315371337618,10306.976158867854515
"BGD",2008,240.64816291355354554,144464.095345320443398
"BHS",2008,4.10084301698350697,508.97237139011456
"BLZ",2008,3631.75852048942279776,1766398.853947886843252
"BOL",2008,180543.54698626640423676,89893046.803425424980901
"BRA",2008,1075087.16760817384215975,681862567.681599421151221
"BRN",2008,760.84881577933751879,625893.298191753117011
"BTN",2008,319.11161939881288448,192592.156598795314738
"CAF",2008,5292.72667874631708344,3688815.845453978191005
"CHN",2008,4076.47244603035996220,2460341.625225818509072
"CIV",2008,12553.75785728792690878,5802832.001695903339333
"CMR",2008,15037.75833625084985235,9984285.122333466198240
"COD",2008,121474.36676177557344850,85215499.133811861585728
"COG",2008,5893.26150825659585219,3711910.326880038723822
"COL",2008,83586.10073537669808541,53338725.3789491095389145
"CRI",2008,1314.02615657855366841,770991.315318661305637
"CUB",2008,1204.67224746203150136,563312.4084557682383943
"CYM",2008,1.30623760322808185,494.560011999566867
"DMA",2008,21.82945624305881138,12693.218505866153314
"DOM",2008,1557.90023073649096505,663699.773178916192107
"ECU",2008,8967.54342996917813089,6805214.211393177979827
"ETH",2008,3590.34012640873890481,2292453.698734397418160
"FJI",2008,121.58406185442598850,66127.437516992820166
"GAB",2008,9314.20080257912977428,5929298.305473021895487
"GHA",2008,2669.11796555994097650,1215400.707035480934414
"GIN",2008,540.70727356903776523,265964.794658062608095
"GLP",2008,4.88374012148708824,2660.885654604860686
"GNB",2008,68.76605022071614003,24188.332542306459783
"GNQ",2008,2312.91721933061488330,1530663.581663550994462
"GTM",2008,29715.13075356507709226,15226950.3155964437721995
"GUF",2008,3723.94794818384063913,2934903.72188875986793
"GUY",2008,6376.96416354924390193,4495003.299625941267962
"HND",2008,14679.96345125682941773,8495009.617317126328546
"HTI",2008,41.96219328119572463,22875.167985614155816
"IDN",2008,469405.11454531971101070,432793167.109204710304157
"IND",2008,16046.57139440673839025,9449294.671628320244494
"JAM",2008,278.64300177911460653,161877.657895004003451
"KEN",2008,1886.88173392593394138,1105429.076374499921310
"KHM",2008,48730.45824130206370097,31579492.471045112324618
"KNA",2008,9.19825901096136821,4922.096001581942321
"LAO",2008,24924.84717595684969277,15253593.610542317290067
"LBR",2008,5891.44733931843356608,3085534.009153965474136
"LCA",2008,3.88665100176106782,2184.209638945136653
"LKA",2008,498.38223945743856594,211969.588185905309553
"MAF",2008,0.14646573572591146,64.604332603378253
"MDG",2008,23616.28269655272970390,13820472.589229089779346
"MDV",2008,1.4528229589508734,28.719240577517997
"MEX",2008,29557.12641641418915663,12534663.702101758917003
"MMR",2008,24123.74815507930021432,15268880.910842131579023
"MOZ",2008,327.12701115887481120,151861.198146497823315
"MSR",2008,2.58178095384006077,1508.13665809264200
"MTQ",2008,18.46501230653645754,10722.384214203735544
"MWI",2008,4.48500447522949233,2495.28184476051567
"MYS",2008,139261.93236116691426372,122134936.787104083511289
"NGA",2008,4089.52133783091810995,1645752.973463444072261
"NIC",2008,8020.12789996771350214,4741686.9529379632988230
"NPL",2008,171.22508611079318366,114656.03963050634214
"PAN",2008,6855.08812919539142899,4383948.321947695562681
"PER",2008,88820.36125044936039568,61745011.516572972843674
"PHL",2008,5656.02120160089898103,3963386.909679143753558
"PLW",2008,30.06098386466417516,24406.94865129935540
"PNG",2008,33901.60041699488962757,27999821.663070948518026
"PRI",2008,68.06000967720920826,37176.847978945850621
"PRY",2008,53656.97561252664591644,18396261.702402701251976
"RWA",2008,26.67006040821648007,16691.205631719396795
"SEN",2008,0.97627200944607213,311.454646938372485
"SLB",2008,4826.35047733600947339,3715329.859585240090749
"SLE",2008,462.96008199688349016,263763.134812941227350
"SLV",2008,30.02278461832790832,18022.431296503658556
"SSD",2008,47.34022928262099912,26526.53224102307220
"SUR",2008,4430.92954973832104515,3516204.031393235250511
"SXM",2008,0.58591612649956598,199.402964837884316
"TCA",2008,15.44554256492838806,3115.08670172947334
"TGO",2008,0.0763907623537869,19.90986230967168
"THA",2008,7807.74574761116794766,5006868.736936802120794
"TTO",2008,139.31010044509658447,83754.519812741697853
"TWN",2008,252.58208282598521814,155905.51346310884017
"TZA",2008,1056.17625601738854019,518330.687743961921852
"UGA",2008,4296.78880819950661033,2466259.43549621283122
"USA",2008,32.88491846149522554,12142.41744801617029
"VCT",2008,1.04921485279676648,576.327366617151115
"VEN",2008,19852.53339833758540128,10931181.428572840084701
"VGB",2008,2.0462763022048608,956.25502892326817
"VNM",2008,34412.88850847081713221,23293270.721074552657555
"VUT",2008,48.10811198065592933,27964.48555780393100
"Z07",2008,4655.30544221682346928,2816009.214190817724619
"ZAF",2008,541.44917169015858725,334248.428072072634089
"ZMB",2008,305.05491495470151956,149776.55607646413314
"ZWE",2008,8.16765350078993084,5129.03085417586761
"ABW",2009,0.30065089359266497,85.674361157645578
"AGO",2009,5342.36748670082594237,3250407.544826132012653
"ARG",2009,20819.69702904822330977,7380100.2571987190604915
"AUS",2009,0.60126111929687502,264.533928933942488
"BDI",2009,13.2163209662481011,7828.41954656730647
"BEN",2009,0.3055215573703342,76.23144682324954
"BES",2009,0.44044852304470489,0.0
"BGD",2009,557.84284137765563161,337475.902882861146045
"BHS",2009,6.79137346466905382,1376.462371132338086
"BLZ",2009,4407.48078145896594637,2071749.526190775130256
"BOL",2009,108155.78701025955734977,55967091.152618866248407
"BRA",2009,700115.59448381188039194,464194462.611320520823170
"BRN",2009,1242.37044362298173915,932515.434419204576980
"BTN",2009,453.49418190635853021,283625.010761484124306
"CAF",2009,8869.15053878774042202,5858017.286760426342282
"CHN",2009,7281.37445841192356590,4336903.041477298920754
"CIV",2009,14684.09061393627544631,7039474.495945358242583
"CMR",2009,19722.23985764122690635,13358167.975969454801891
"COD",2009,218277.64362032776939480,156140322.232293667295599
"COG",2009,7705.36872087778171358,4779584.204353643583814
"COL",2009,65773.17374010751466874,41364845.031251010221747
"CRI",2009,1997.82915750996895637,1182072.856859859206456
"CUB",2009,758.77297166770308115,269171.702362011311230
"CYM",2009,1.30831299801866313,635.17540510905998
"DMA",2009,16.77821629320855185,9276.77248058728964
"DOM",2009,788.87214779205959977,356295.961247735852199
"ECU",2009,8138.49660750879972394,5908659.854902149732146
"ETH",2009,3993.01469822407590557,2465721.664778317589659
"FJI",2009,102.04429602616097332,55812.812226165422076
"GAB",2009,11765.79213532438239694,7434306.852432690742121
"GHA",2009,3536.62224542339749988,1669546.199069308032400
"GIN",2009,378.76874630629578297,226415.062055619217781
"GLP",2009,5.5497460477848310,2979.83303548931941
"GNB",2009,138.35836964140031985,47417.754301469942232
"GNQ",2009,3136.80453397124557132,2046006.054768387277877
"GTM",2009,37509.98484161474383913,18967069.657765823330098
"GUF",2009,2088.60253362925501166,1647098.210354827898957
"GUY",2009,4928.68890315707854531,3417056.940931059386642
"HND",2009,22179.55095871080893908,12921186.642436385504642
"HTI",2009,24.37032883553277232,12920.538203891346641
"IDN",2009,683825.59417857878257263,647881602.428612543307966
"IND",2009,13974.11889690287336518,8309352.035455229237950
"JAM",2009,620.00022928812701800,372768.074438152461605
"KEN",2009,1596.45395610110324358,893315.479791519219285
"KHM",2009,65249.98656377664317498,41046733.092688235254423
"KNA",2009,6.18057387234809023,3405.26802962922681
"LAO",2009,48412.05184097409693319,29423751.279489763069118
"LBR",2009,13356.22192958068263280,6878799.531563425472526
"LCA",2009,6.95121916793728411,3678.62071619227165
"LKA",2009,508.75251463819051503,221021.865249867494396
"MAF",2009,0.07324034214301216,37.57497766080114
"MDG",2009,34019.02879266574626145,20104016.767277132233862
"MDV",2009,1.29974258455932623,23.20919191705927
"MEX",2009,46664.34776399763340104,19615152.037128372152159
"MMR",2009,41647.16343650343308853,26431235.594221942397025
"MOZ",2009,443.64230804806701876,222104.753866903468878
"MSR",2009,2.58153608975802955,1574.70387528432878
"MTQ",2009,16.82534931707139838,9266.11187586737320
"MWI",2009,12.98676987405273467,6875.605456154070355
"MYS",2009,235849.10760864983979224,223051601.370440044737627
"NGA",2009,3923.79091859181697002,1541941.844954918839120
"NIC",2009,16023.95764619458921780,9594849.653491918510579
"NPL",2009,476.75221036175351952,213937.105065399399944
"PAN",2009,5567.56153723350958069,3588167.964206215975119
"PER",2009,120183.05086225124549028,81255227.635235689552833
"PHL",2009,6946.29794755209774380,4815836.235834299382826
"PLW",2009,13.27572283729464914,10584.310732008578091
"PNG",2009,23179.76682703416492305,19235723.804490311882179
"PRI",2009,58.12912626257596284,33258.12036815393577
"PRY",2009,49611.58073292609409869,16781928.432339657281823
"RWA",2009,12.91286921238824214,7835.92938190911589
"SEN",2009,0.15025922803331164,69.760351123150526
"SLB",2009,3126.33114550245380493,2333931.035140027489364
"SLE",2009,960.93297276138486273,454586.722734052382719
"SLV",2009,50.61697070270616162,32573.442802190052415
"SSD",2009,23.46256815520195887,12107.146392733381664
"SUR",2009,4226.32651843089716882,3187945.578449807946284
"SXM",2009,1.0985864322645399,497.82490401035993
"TCA",2009,50.71993875524314710,5734.769145541255638
"TGO",2009,0.76408391959337027,248.685353043454306
"THA",2009,13178.47717316414680071,8361934.182672349227756
"TTO",2009,119.14128438329480727,73427.722450947942936
"TWN",2009,3094.54729374528837426,1871820.13045966097132
"TZA",2009,937.53406421857333254,464406.795835425658046
"UGA",2009,2385.56798916049193106,1321213.264413908839164
"USA",2009,39.73140209428060671,10096.75458843799901
"VCT",2009,2.92210625320638021,1471.37566171412853
"VEN",2009,23435.50979822645780928,13280064.756356196447754
"VGB",2009,2.850039339371745,1442.4637556621998
"VIR",2009,1.02369878752929698,475.923704106164476
"VNM",2009,46840.16700964562103540,32350219.787422498404952
"VUT",2009,824.83246654760585078,444771.96535166460471
"Z07",2009,3137.95838025672655122,1825576.830657774053853
"ZAF",2009,446.55578929716914946,269974.62821087438295
"ZMB",2009,1298.69092727367199480,621225.709898116266055
"ZWE",2009,18.79580551291557905,11865.630851481919978
"AGO",2010,5225.00951235426554711,3105201.976592516439425
"ARG",2010,31328.17956851705244392,10944472.066625405147697
"AUS",2010,2.04417191773817279,933.974774648524370
"BDI",2010,13.13815539385335336,7676.157117819960156
"BEN",2010,0.30573046314398874,94.467878087302125
"BES",2010,0.14681842575629342,0.0
"BGD",2010,235.07263488060108592,132161.475302006075008
"BHS",2010,5.35777324082465355,979.142311360880745
"BLZ",2010,4807.87169563711691113,2264057.009645288322761
"BOL",2010,267662.39238526234779298,112624717.655944719286353
"BRA",2010,1152945.07827983816224660,693340639.709824143550116
"BRN",2010,524.40448720195276393,419793.821649722153310
"BTN",2010,818.97433002513670648,489551.937953643551534
"CAF",2010,11148.23454600083290247,7728134.780738387322782
"CHN",2010,5128.02685872074185221,3004177.182439760908939
"CIV",2010,17377.76640151484569536,8356454.501215004285946
"CMR",2010,26814.82647686727331414,16279111.614435166091081
"COD",2010,265180.50878799704044875,184210368.708969527736846
"COG",2010,20597.88969696332409472,13356266.232408382571576
"COL",2010,68729.02241815935477513,43412421.395602377592014
"CRI",2010,1105.91754203547799527,651691.896450146629380
"CUB",2010,125.95033267615452002,51636.619876857144409
"CYM",2010,7.25749338939344614,2321.006146622852081
"DMA",2010,21.23425723388237785,11731.67751000954957
"DOM",2010,678.26138260947832270,289535.353936788182933
"ECU",2010,8505.33445614403206944,6229817.615682605624054
"ETH",2010,3455.00787046326947763,2151066.061901840188951
"FJI",2010,187.05925734250542754,103312.352459421254975
"GAB",2010,6237.46468107772721805,3996456.042203906067112
"GHA",2010,1644.25662738381103090,763964.283178678133400
"GIN",2010,332.77840423374525561,168573.802560466936324
"GLP",2010,11.3905453169281685,6505.6084516207266
"GNB",2010,138.66528522637197656,48022.837644410744752
"GNQ",2010,3211.69107674738988447,1983752.974899390587888
"GTM",2010,22683.55291274542663485,11986622.702591915742614
"GUF",2010,2428.14433692587459889,1928449.875381694652653
"GUY",2010,6655.46152433515127738,4511219.134445795561498
"HND",2010,21406.96595121894209067,12449220.143453152012011
"HTI",2010,12.64323848450737718,5889.885114042919894
"IDN",2010,540975.95418925470286061,578087664.257379720990041
"IND",2010,9261.23368375664447950,5646111.256270786907449
"JAM",2010,438.02797652690213121,257266.403353420497007
"KEN",2010,6748.88873553910471435,3849896.398282434647358
"KHM",2010,124807.78803124919418112,78618762.097747021696159
"KNA",2010,6.32726916653103319,3365.92859730808968
"LAO",2010,49977.06237235505685423,30566352.824912461156462
"LBR",2010,4633.24960208791020554,2468172.514289310734727
"LCA",2010,8.6699987605485028,4760.50790890096496
"LKA",2010,354.51044516763896763,142552.35305454679251
"MAF",2010,0.36615432688585067,171.23369022035160
"MDG",2010,23825.27192837766629965,13939999.554443006764168
"MDV",2010,0.84092051350938595,64.772614712866913
"MEX",2010,27958.79413475147222675,12714303.219995816206591
"MMR",2010,40067.18985439997822417,25287914.424396625139549
"MOZ",2010,658.35931994798533901,299840.539509308007042
"MSR",2010,21.24043437103408192,10236.623000524790358
"MTQ",2010,6.40293869609266564,3834.40023101936755
"MWI",2010,5.28347516435004429,2646.147041167850096
"MYS",2010,139654.71880903511606485,123312904.691993377246773
"NGA",2010,6780.93899209191136490,2711742.816520016927070
"NIC",2010,30518.72150509564643610,18289201.177337944659350
"NPL",2010,141.52261737168620318,86562.603036024322504
"PAN",2010,2971.73509989910925443,1904254.167049816237004
"PER",2010,100951.24471893623157037,68581602.776907483749165
"PHL",2010,8880.02423369135234674,6186156.615627593483466
"PLW",2010,10.83377587920545851,8628.881950392178934
"PNG",2010,32759.48625500483604298,27539217.835100697410875
"PRI",2010,27.78228628803385681,16473.077417818211089
"PRY",2010,72835.64534917549766945,25347338.88473459267737
"RWA",2010,24.28849072414361003,15557.16781927118611
"SEN",2010,0.07508211004014757,138.03350019709633
"SLB",2010,3224.70007623524299686,2476228.079516385425756
"SLE",2010,300.93282746973195850,153268.068693104241508
"SLV",2010,63.65454742445583231,38715.733199928124966
"SSD",2010,78.35151635706064925,49665.16079114854205
"SUR",2010,4796.20789588816705791,3782144.314208439413523
"SXM",2010,0.07323983406684029,37.632816249812436
"TCA",2010,6.72190117170464462,1284.264781660388707
"TGO",2010,0.30555421178765191,84.711679262934041
"THA",2010,12159.66951224285591443,7729876.348595307716071
"TTO",2010,357.62262974173483993,197932.057240747212102
"TWN",2010,580.99637773374254739,365715.761090665877632
"TZA",2010,1086.41634498212762947,573846.787829011878768
"UGA",2010,4757.00820793873150490,2661215.57286283242843
"USA",2010,29.09822851487740970,8590.975591327753655
"VCT",2010,3.74656779987955717,1905.81634252734469
"VEN",2010,25787.70919546502147269,14032243.008072760534747
"VGB",2010,1.9732732722092015,1053.87743838700994
"VIR",2010,0.29247350080837675,158.00815785782834
"VNM",2010,64643.64827501343761982,44083992.822111366770584
"VUT",2010,128.99480955241368594,70218.19008335190344
"Z07",2010,2099.21972280133684631,1229754.08641221547234
"ZAF",2010,272.60340596298916587,163696.780868966659154
"ZMB",2010,2850.51287599936945567,1402362.591752354077790
"ZWE",2010,3.94084691125868085,2328.456117553267604
"AGO",2011,4257.44135008103929494,2460405.707252730632147
"ARG",2011,17365.60446263191046585,6075571.5612891830577818
"AUS",2011,0.07592984398871527,12.252971184731265
"BDI",2011,7.06787173306016582,4073.43297786231637
"BEN",2011,0.15259541464789497,39.311778995455526
"BES",2011,5.13840481052951305,0.0
"BGD",2011,262.87467055366107116,152460.984729533756232
"BHS",2011,2.40838902002712673,632.733576241236386
"BLZ",2011,16294.90654047880954209,7223140.788821035544274
"BOL",2011,162698.31440036986677311,72596008.256744746104496
"BRA",2011,802919.54535918375036286,489157727.256510216232232
"BRN",2011,1661.88648369317859814,1363842.676156413431333
"BTN",2011,379.39799142419275043,208987.619536757053933
"CAF",2011,9501.20541515014726094,6329661.123819527333267
"CHN",2011,5029.42763925525585403,2973001.278547610018596
"CIV",2011,29760.34941656997858819,13608821.876512061095056
"CMR",2011,13505.50809035358984116,8384178.425552134387958
"COD",2011,148639.33699691290259636,103872150.690966793240454
"COG",2011,13755.34055928655371092,8955144.362558199082824
"COL",2011,72571.15984911780176792,45852030.149606035004635
"CRI",2011,995.32840770628537689,601463.947277699613055
"CUB",2011,310.85035339759421125,53498.8850962296263505
"CYM",2011,2.90817595030164969,1302.546162735531313
"DMA",2011,13.36315224439941539,7267.335983286475075
"DOM",2011,581.77484408999118799,257162.283490542765211
"ECU",2011,11186.26699134761039127,8572454.2115985897968615
"ETH",2011,2652.22470699945467859,1726205.715942113143945
"FJI",2011,54.52955820501303364,30751.44812274524207
"GAB",2011,8688.72136750049015202,5473242.263599100138937
"GHA",2011,2751.86853802876636967,1251123.858499385188865
"GIN",2011,399.73204616019808510,220575.839032245106169
"GLP",2011,3.47653278886067707,1890.353079990314805
"GNB",2011,148.73275636371157301,46921.454516716957251
"GNQ",2011,3709.31066437237246666,2415488.629310433283476
"GTM",2011,17185.04017022085654484,9256628.027949574124641
"GUF",2011,2153.04102025713081658,1703447.970045761876125
"GUY",2011,5831.29114692517649608,4148781.995599960522391
"HND",2011,20322.91037317711663123,11755888.538678904657851
"HTI",2011,28.42314050452474890,14360.648827794138526
"IDN",2011,613905.37412351767773718,657159509.358867318288185
"IND",2011,13505.18667517553375514,7976261.542027489447313
"JAM",2011,321.23693721327159980,188132.629888421859317
"KEN",2011,1410.47986761394620453,806538.39312824840723
"KHM",2011,124153.49281995760768501,85301762.884037962444979
"KNA",2011,3.08994723292317739,1547.019869217448356
"LAO",2011,43363.91146542693495667,26260956.831726619040751
"LBR",2011,5797.43524664507796774,2992940.562505956003444
"LCA",2011,17.33948466972276607,9673.51043551070515
"LKA",2011,491.15505642224593263,201522.306844981332339
"MAF",2011,5.6389276563682711,2468.5270311299089
"MDG",2011,54167.13998151588442643,31341032.964243514468881
"MDV",2011,3.28652798816975943,101.67976931449457
"MEX",2011,29598.47701792558173617,12686205.879554574541155
"MMR",2011,25247.76238249644454930,16551566.102195681408484
"MOZ",2011,126.44090844351074993,59639.769291247352291
"MSR",2011,1.54904046278754356,904.481739390516044
"MTQ",2011,11.24292487960395122,6036.212584590528346
"MWI",2011,2.57402153406467033,1268.58145679556158
"MYS",2011,161194.64147466417049665,147824798.893124411820852
"NGA",2011,7402.62789778075661011,2985976.481722868195112
"NIC",2011,14502.95178819808396801,8750110.837434701228626
"NPL",2011,104.30017798721570751,68859.10520284260240
"PAN",2011,4766.90497222182501703,2976030.117207983426048
"PER",2011,88877.99758571740967356,60295159.340304566007443
"PHL",2011,4919.50380557561956835,3430403.602077064822001
"PLW",2011,14.26656347721218552,11552.121427555622029
"PNG",2011,26449.60833194038900052,22526023.069070846300997
"PRI",2011,37.80605680685764538,21966.608325366014774
"PRY",2011,64105.28423209010703504,24548289.292156624580526
"RWA",2011,7.14859329861565632,4431.674472347122037
"SEN",2011,0.90160222582411031,422.987560704728705
"SLB",2011,3094.54681521869304483,2352653.994799186752036
"SLE",2011,601.35970965647419402,298499.46962659382502
"SLV",2011,71.30081186971028205,43265.750245419871936
"SSD",2011,147.47917250340355093,88727.59124215647184
"SUR",2011,4125.44094739290546060,3376716.027931811884118
"SXM",2011,1.1718220960937501,537.79575972347997
"TCA",2011,0.71518111550347218,131.185830142641891
"TGO",2011,0.6111213490581598,177.67299696209099
"THA",2011,8548.77894932918860492,5451720.263928564486857
"TTO",2011,65.67486192926868143,39681.478474543794337
"TWN",2011,240.40266142530384232,151120.21293998848145
"TZA",2011,802.68833845320462671,405009.719383623199905
"UGA",2011,7940.15034798914814275,4487118.245199801138870
"USA",2011,42.65465060658638247,13665.328212926377252
"VCT",2011,3.59678119563530829,1852.06039839063748
"VEN",2011,15592.94601480903092750,8968778.306395771027406
"VGB",2011,6.21195969958550535,2970.791900409658155
"VIR",2011,0.8042802540787761,347.40925508025670
"VNM",2011,45426.11465338577019867,34538219.652379386134253
"VUT",2011,367.08639803327780002,197819.325026367202327
"Z07",2011,2781.48036597872962350,1679158.261188350143461
"ZAF",2011,349.07758584307727984,230644.531130066941650
"ZMB",2011,176.65184008108449492,85356.73115821109925
"ZWE",2011,3.50784936280490479,2071.660391324090046
"AGO",2012,5594.95447485720829568,3301226.876167592303859
"ARG",2012,24808.69170383119130008,7966741.053552361994306
"AUS",2012,1.29069077897081172,620.011871782774309
"BDI",2012,4.76336331722018774,2640.150639352790712
"BEN",2012,0.30585206629041887,98.634124947482796
"BES",2012,0.15053449146158855,31.948840899446075
"BGD",2012,326.56085543135539219,203516.925526570040650
"BHS",2012,7.59950797431315185,1340.874156715242412
"BLZ",2012,6799.10120855354035654,3146228.741489410799733
"BOL",2012,148305.12356805193433647,71867259.741985941144167
"BRA",2012,1116048.96108620814952150,696393439.291227011715812
"BRN",2012,1118.79158938873095469,845560.682260964621945
"BTN",2012,314.81529200861330832,199041.345041142966822
"CAF",2012,10780.31988572314554971,6968245.409920332066956
"CHN",2012,7910.84828159126357053,4742835.655114199618273
"CIV",2012,23108.75078592812943207,10987874.160318565883192
"CMR",2012,25416.83702915102162104,16142307.046948251180378
"COD",2012,211233.96865448885105187,148871240.403579780662798
"COG",2012,14805.46127270578043802,9582449.667418721982854
"COL",2012,69565.80114055970084386,44270382.922752254896297
"CRI",2012,758.19858516952966836,458440.684820656061645
"CUB",2012,244.46868688400060961,96316.5025311428954945
"CYM",2012,2.10621520496093740,567.606718736254664
"DMA",2012,39.93587527650336336,23061.3382425637710
"DOM",2012,1568.69326770351592105,640312.6403169650616895
"ECU",2012,16376.77393182525071882,11687980.096417262385249
"ETH",2012,5076.61214590932732334,3231569.348691078372313
"FJI",2012,72.54379410666557180,39880.261659243809472
"GAB",2012,9507.89038182819238743,5987493.665219359540176
"GHA",2012,2478.68831801345112515,1148668.003169724069343
"GIN",2012,589.09557866455909407,328079.574399382315445
"GLP",2012,11.8332924649332718,6487.31259854033094
"GNB",2012,110.30080950222542258,34203.764498435916080
"GNQ",2012,2291.90747692787670504,1487640.267478377685810
"GTM",2012,27752.64152624773215693,14635647.495615655569341
"GUF",2012,7425.93349207103453869,5816309.750540703937561
"GUY",2012,8942.33108067923958929,6207414.706594513125285
"HND",2012,10008.30338149538850143,5609134.063322642750137
"HTI",2012,48.00735154902668891,23053.194076916977636
"IDN",2012,855533.30106949439686483,850048462.321739763056739
"IND",2012,15038.39783819593923781,8874913.087937041483771
"JAM",2012,473.32182386470260266,279882.473957844604000
"KEN",2012,1663.76033128026290452,965847.289065006604571
"KHM",2012,115198.50122805116447168,78757025.115524341821395
"KNA",2012,4.19352244185763888,2055.32753873463548
"LAO",2012,42483.21223238249571071,25888954.090684711127275
"LBR",2012,11267.55691405104637623,5943844.361397232682327
"LCA",2012,10.91216127243652355,6455.547652372449444
"LKA",2012,1585.04406996973724059,656098.180479440360674
"MAF",2012,1.3914085067599825,621.53040338230254
"MDG",2012,32422.50640778729337275,18550934.093653421834493
"MDV",2012,0.3061656572998047,0.0
"MEX",2012,28223.06373623647338375,13086788.356345341408581
"MMR",2012,34050.73416314221739604,22713484.413575920831561
"MOZ",2012,397.26434118112657226,204443.269697163127530
"MSR",2012,0.66376064057291672,352.12777210134729
"MTQ",2012,21.89057934254014751,12173.88202161699418
"MWI",2012,16.85935324474771784,8528.738688673858767
"MYS",2012,244316.13355940657539080,214306791.057583474887284
"NGA",2012,6061.60276243272044093,2402058.628897807021213
"NIC",2012,7260.78588928953864700,4260551.293402393568857
"NPL",2012,208.84968269821074695,137710.564457685315852
"PAN",2012,3124.85729115135825134,1987295.678908141303592
"PER",2012,177200.03186721891738614,119189191.644389858332088
"PHL",2012,6889.40494334109439776,4912859.979762484384564
"PLW",2012,7.62937147529079920,6462.66683271579586
"PNG",2012,39700.98928135180229252,34243130.482621310510513
"PRI",2012,34.00588228006402414,20309.91728646532497
"PRY",2012,83806.17274388288358758,29934725.076735149285742
"RWA",2012,6.61048885081624443,3892.625136322975700
"SGP",2012,0.3076430632844374,165.7282880771382
"SLB",2012,5253.29262281202469918,4052418.379092312660024
"SLE",2012,612.54042375389478916,301266.575517189455497
"SLV",2012,40.73278785802246240,25570.669723021438952
"SSD",2012,86.6998162843721406,46216.62547516060035
"SUR",2012,13539.66042243672207539,10652420.874051556103296
"TCA",2012,1.50263285316080701,328.43407893429794
"TGO",2012,1.3750658615332033,416.771144620656276
"THA",2012,8069.38577626414922278,5106414.894204579289551
"TTO",2012,94.29658752940267361,55286.945218531240521
"TWN",2012,237.60692989795795055,117125.542750231838966
"TZA",2012,1364.82747826576068463,642422.142272776919980
"UGA",2012,4559.18326771656285521,2625969.315676454254813
"UMI",2012,0.14618934341579862,0.0
"USA",2012,95.51215443593101245,41931.717306093872412
"VCT",2012,3.22209346141764341,1699.93386087169379
"VEN",2012,22108.29169737496877559,12570847.985677292847317
"VGB",2012,0.36547502913194445,174.52614935456487
"VIR",2012,0.29247701045464413,150.38632955343673
"VNM",2012,68368.76090190149817984,50855831.899593163238940
"VUT",2012,62.45156795442817012,37280.534974548302167
"Z07",2012,3765.91684134061085817,2241005.17426603290881
"ZAF",2012,335.05916905340519041,217594.575000680277696
"ZMB",2012,949.77504474834602591,454013.48724842144560
"ZWE",2012,63.29589263170788421,40343.47931423685676
"AGO",2013,9263.23754501706646540,5311746.039618413977824
"ARG",2013,56681.05238626680259360,12854797.8963245860769127
"AUS",2013,2.42046911615180141,1060.37248141363659
"BDI",2013,10.98885606671454597,5874.638120616087886
"BEN",2013,1.83381051894422764,526.578753090173935
"BES",2013,0.22021442672092018,0.0
"BGD",2013,187.89948469465389221,115209.940081535057537
"BHS",2013,3.12333936582790787,599.49813854861053
"BLZ",2013,8450.98179833279613748,3983660.172397831696045
"BOL",2013,82243.07914788573114339,41494286.484370405649713
"BRA",2013,632076.58714991366146759,402837684.319136949821240
"BRN",2013,608.70705523052352463,444417.872912603831456
"BTN",2013,191.20649480780598174,110008.099401040904538
"CAF",2013,6481.37465216836913121,4359167.398356871515659
"CHN",2013,5568.80009966084005168,3440737.465693700317719
"CIV",2013,18874.81623277830838238,8609567.921851286714260
"CMR",2013,42764.25790160376886053,27684433.895113803966805
"COD",2013,351217.59592049030029177,254612484.718365477662042
"COG",2013,24818.04283372395386156,15759956.525102112473417
"COL",2013,57692.32735018757887086,37239676.019309097812634
"CRI",2013,760.21948584067438211,456635.765950965615906
"CUB",2013,68.49838788242730817,21044.159502335183421
"CYM",2013,5.45279225761610297,1771.919142299969484
"DMA",2013,5.12224114055935444,2964.59352834940168
"DOM",2013,262.94014111726353145,109720.914725470521136
"ECU",2013,11605.76110911206778898,8813782.603981396466938
"ETH",2013,6608.85066269550732439,3909923.786996297300726
"FJI",2013,453.48116475972360223,252195.689321618115784
"GAB",2013,25802.39778859193725280,16310444.331347477974211
"GHA",2013,5089.91584619533990635,2303713.596338451658177
"GIN",2013,1029.78889823661756156,523121.670567155344008
"GLP",2013,2.21850456048936648,1115.09710699522317
"GNB",2013,476.43968508465687235,157020.567680276788932
"GNQ",2013,4064.98011051118754124,2526482.914960921630819
"GTM",2013,19874.40495100467343807,10201722.821916750918959
"GUF",2013,1989.56604338716572427,1553121.311385085435315
"GUY",2013,4511.50665228775196722,2949159.117087554514224
"HND",2013,16969.72188826097172726,9661597.565767145960179
"HTI",2013,14.30089492423828160,7813.2988073812147185
"IDN",2013,472991.71248497365509328,461051211.996319680952935
"IND",2013,11685.94796464131007489,7023690.304604554140046
"JAM",2013,130.04292761110024000,70852.156921843844346
"KEN",2013,1622.94389921876285936,709175.137497305606857
"KHM",2013,123205.64715210175548320,86978712.644498679946897
"KNA",2013,3.08815812674370708,1596.197398337879715
"LAO",2013,41314.35823970489550855,25236736.362750760475054
"LBR",2013,16258.31840633922762346,8445036.669475919602709
"LCA",2013,2.09256299552408876,1118.07954971885174
"LKA",2013,226.21957058520786429,74407.988281680819961
"MAF",2013,0.36614425517144097,129.341343624247244
"MDG",2013,65211.35292240088241644,37732325.297408685479982
"MDV",2013,0.99363795750244150,0.0
"MEX",2013,36560.02308643652461162,14978794.7692232238302025
"MMR",2013,31383.53830766724066289,20838398.394404213655357
"MOZ",2013,946.01052743405696399,511088.775804794676000
"MSR",2013,0.36882855360785595,201.68526369557672
"MTQ",2013,2.0842506422553170,1074.892363274797624
"MWI",2013,18.33387104358940774,11482.88515075812172
"MYS",2013,106043.15465297379317171,92171804.497923974063623
"NGA",2013,6385.34259342706921210,2603447.229680141643173
"NIC",2013,14014.66177234246477078,8339092.2468271278123114
"NPL",2013,50.69224340066840487,31453.734659118766144
"PAN",2013,3731.42002996457878263,2264364.290206849131390
"PER",2013,142872.63004606607916978,98747693.587989877664558
"PHL",2013,10835.45078695860153137,7430957.591713851260000
"PLW",2013,6.33621063268961623,4430.09615478392158
"PNG",2013,30630.46496777291888593,26670620.186550753184319
"PRI",2013,20.39993394396593050,11276.874619232770149
"PRY",2013,53483.59506636725377324,19612026.2651771342765575
"RWA",2013,15.29798292623718313,8404.607395674145587
"SLB",2013,5596.69983704400933741,4277830.885097001542171
"SLE",2013,2462.82499541776275235,1196920.481542143699415
"SLV",2013,16.09696226182725802,9567.881828614121679
"SSD",2013,144.18341631986285018,77261.0315230316184
"SUR",2013,6627.62595704813221548,4725135.175632257451747
"SXM",2013,0.51268076709635419,192.72039386930208
"TCA",2013,3.64707623958550316,1106.298218516818436
"TGO",2013,4.27798163684244835,1139.688238758854417
"THA",2013,3964.15136592390825117,2407006.113878556035418
"TTO",2013,103.07356738336151277,60579.941823736849252
"TWN",2013,152.51451734475258091,41840.730073824982944
"TZA",2013,2629.03286640086169575,1248531.770497895153819
"UGA",2013,3558.38159489691969059,1841762.850334189323066
"USA",2013,86.36717585831067041,17051.084706164914300
"VCT",2013,0.89902009800509980,417.50187895994688
"VEN",2013,15331.82304966809470765,8522017.067072969246571
"VGB",2013,1.3886425658409289,578.070528205218215
"VIR",2013,0.36559649945095488,107.93652733592882
"VNM",2013,26716.72208599995719726,19281814.532098930239525
"VUT",2013,230.99985572820096425,130158.914001521878545
"Z07",2013,2712.77848594424597781,1515681.140052389751770
"ZAF",2013,540.65776374610853752,322557.953127266856738
"ZMB",2013,1598.45090511380597654,752193.376389952680825
"ZWE",2013,100.12584428199544990,51829.877635944959790
"AGO",2014,10988.30793316409581821,5975893.779719476225057
"ARG",2014,19308.17639844274468051,6315036.9694675462415305
"AUS",2014,21.58114274294487964,12198.893641889529199
"BDI",2014,47.55898950862142273,23612.686422521478865
"BEN",2014,4.27761644038981098,1192.12570056306576
"BES",2014,0.14681028047526043,0.0
"BGD",2014,458.22249857362695272,280612.278883455658206
"BHS",2014,1.9898100292437070,198.33074463578282
"BLZ",2014,9030.58909137167960187,4157799.9451521595322675
"BOL",2014,133075.38338177406323032,65152179.495701457172319
"BRA",2014,940789.98314357105155996,593491169.156711779100828
"BRN",2014,1380.35387674737536900,1008462.530807636105025
"BTN",2014,462.79803586558160789,284425.066172272591268
"CAF",2014,8935.10779632920045179,5513689.023272479858804
"CHN",2014,5130.78806954970004890,3101829.374311375241554
"CIV",2014,36145.18649135448037749,16788889.844263398034484
"CMR",2014,89176.24355080601389901,57457179.354787813976941
"COD",2014,439347.13925353354411361,307338495.997362655756963
"COG",2014,31142.63393653334266820,19879177.457297406613102
"COL",2014,80027.62390384449738637,50940756.509984400827728
"CRI",2014,955.25158797186021263,571363.832865224621690
"CUB",2014,59.12163832866643320,19636.591632594917385
"CYM",2014,0.79807286687825531,209.474452201102005
"DMA",2014,2.00424791424750445,1185.265618163108608
"DOM",2014,740.28936956330669927,195035.549171437451460
"ECU",2014,6335.89400134491394464,4648967.453467507245038
"ETH",2014,5632.13458257891708105,3179646.161453282526128
"FJI",2014,244.44106383839085975,131281.699410547231964
"GAB",2014,29148.50925953540811104,18536802.612154531537857
"GHA",2014,7429.80619363383488142,3319731.578327763532814
"GIN",2014,754.29125042572975230,383559.154626887798330
"GLP",2014,1.6268052946875000,988.11335751059209
"GNB",2014,447.94298531607245260,149431.367928830446264
"GNQ",2014,10678.24966280928749137,6926857.894817566014630
"GTM",2014,18245.47098292683252731,9206614.436006982012379
"GUF",2014,2813.86593999997815155,2168269.850352195331924
"GUY",2014,7789.59462704165401509,5362731.590843960994519
"HND",2014,22265.61027774530979922,12737694.853548725021511
"HTI",2014,10.89508292300130225,5667.865310178792573
"IDN",2014,736796.65305855138359392,697011633.022680087547089
"IND",2014,18278.69291382477750901,10823789.610342319621867
"JAM",2014,276.97585063690529649,146262.093472459607765
"KEN",2014,1210.22162241462759280,507562.232671137965520
"KHM",2014,89479.93339830838980069,61925395.717116901289630
"KNA",2014,2.42782080681640656,1302.04842126812617
"LAO",2014,46967.75963315434243837,28043374.964177276541880
"LBR",2014,18962.93346850502107127,9775541.875363605071122
"LCA",2014,2.61585684312554255,1500.39376109171866
"LKA",2014,365.04955136068215461,117056.820470345582576
"MAF",2014,0.6590565057975261,320.47257198517044
"MDG",2014,78698.37362172019354854,45298042.688216670952780
"MDV",2014,1.83410914726481117,7.402888082760831
"MEX",2014,23786.06021440312986591,10839305.1596302845595247
"MMR",2014,42156.77890762263119124,27324058.043109427978446
"MOZ",2014,644.77693259050331516,337294.483511257793560
"MSR",2014,0.14751245088216146,80.807386980469925
"MTQ",2014,0.89360662280544708,429.68178902621495
"MWI",2014,17.45655104549587877,7766.974041503279596
"MYS",2014,230442.64745550449915617,189051134.514881756845179
"NGA",2014,9928.19657247260229172,4180357.953097146837968
"NIC",2014,23323.43926764792443707,13791856.925917785128351
"NPL",2014,59.18781087421550085,35773.723368232955846
"PAN",2014,2707.84562153449349671,1673429.551895244320173
"PER",2014,133078.73613665604229016,90633918.652083117481018
"PHL",2014,11483.65764242504805252,7945063.359642335555235
"PLW",2014,22.45054959343478409,16549.260993242237973
"PNG",2014,58476.51688366405933187,49271469.171491713472438
"PRI",2014,20.39459941161241440,10832.98607218893287
"PRY",2014,38156.55873460577477372,17605237.9215663488485795
"RWA",2014,34.36440093761277768,19513.684451990534670
"SEN",2014,0.22533888812608508,215.151249789180619
"SLB",2014,10326.90419377717986790,7767790.037631007842240
"SLE",2014,1762.10693168437799855,822873.728842926707143
"SLV",2014,25.45906565541830000,12716.674446602520348
"SSD",2014,85.88996387706842339,41291.614967108079516
"SUR",2014,9659.16585078139916567,7760961.615041293837951
"SXM",2014,0.1464812939453125,77.62660124829382
"TCA",2014,7.15205222762261202,1336.868611438385763
"TGO",2014,25.74374367408745426,7002.16280728910197
"THA",2014,4636.04199046379214127,2906262.716645649939485
"TTO",2014,148.76597785260308958,89469.815827155931224
"TWN",2014,93.11177081385199581,50676.47730857533113
"TZA",2014,3419.56135508283732362,1687421.035402218328686
"UGA",2014,3435.72518488430573571,1780299.863796498586518
"USA",2014,162.56273899233264473,44802.784057799250484
"VCT",2014,1.49854092722710510,663.512375779018365
"VEN",2014,20598.88884156854087675,11549406.066584551520058
"VGB",2014,0.07307870763780383,35.58460485723606
"VNM",2014,41815.15355682916203284,27336455.059727940624397
"VUT",2014,118.85702084906683270,67485.157351019111534
"Z07",2014,3662.99069717983586362,2044139.30279198383491
"ZAF",2014,516.40605094145662937,356135.718803483892452
"ZMB",2014,2061.64259960780651571,968799.88517040506494
"ZWE",2014,37.58534795961153033,23395.685186495362536
"AGO",2015,8998.61758898721657744,5109142.817496916000588
"ARG",2015,10547.51977139151605266,3679117.351836006312489
"BDI",2015,16.66605507256415723,7569.431037153367825
"BEN",2015,0.07648033244818794,23.893750756973894
"BGD",2015,205.86704726605156687,121720.268295193083164
"BHS",2015,2.41192409777018233,287.683874580644116
"BLZ",2015,6605.84868168808764193,3038871.257267210417436
"BOL",2015,83291.29870351138061608,40227863.592521544734922
"BRA",2015,828839.64549306607997855,519553179.273411428246952
"BRN",2015,806.84245030458216225,569570.828754873624498
"BTN",2015,278.90066727962996577,156617.225705185434407
"CAF",2015,5064.36063989218330891,3338426.861305222022346
"CHN",2015,3645.08795354659446381,2196677.750211344496764
"CIV",2015,15595.97133091484665256,7366432.88665050143682
"CMR",2015,40994.48992976703232186,27207891.602371242874324
"COD",2015,322814.54187734350576152,230349959.920300833879425
"COG",2015,18197.21310686007904472,11337692.082516624102248
"COL",2015,49639.77142598254064247,31601599.356830434212275
"CRI",2015,220.66543269119250760,128697.346102473181954
"CUB",2015,155.36394295212670065,32254.657407696603281
"DOM",2015,1821.07415889200357130,469799.316252895235434
"ECU",2015,8487.36622740043066452,6440523.696683500550188
"ETH",2015,1200.22835589896083366,697364.85537274552526
"FJI",2015,118.66423164461371900,63708.762342915299075
"GAB",2015,15816.06078400018731252,10550669.759848985575969
"GHA",2015,3616.65760982169125918,1694366.08110696074894
"GIN",2015,1136.34765688499742761,578372.902389583607464
"GLP",2015,4.29016631784884999,2182.19130168010529
"GNB",2015,407.77436952630496178,140575.931615412700548
"GNQ",2015,4050.90655584741152633,2670256.184514008557874
"GTM",2015,16753.89588399112625324,8365469.960871199471123
"GUF",2015,1945.45456752065992336,1506986.313375504444077
"GUY",2015,8462.97269993662821540,5556692.213470216115802
"HND",2015,15366.43980936548420452,8677280.580739784068291
"HTI",2015,20.33106024289062592,11473.472036403106069
"IDN",2015,666636.79084450955332526,571212707.5492719982704555
"IND",2015,17494.32358660354372397,10530673.036440382524428
"JAM",2015,203.15731135665141947,110810.220798987868085
"KEN",2015,3054.83016808402065619,1231996.245362201882787
"KHM",2015,70684.66342159914746162,48046677.402029287780994
"LAO",2015,58980.90041303718920399,36454656.833438642104456
"LBR",2015,25850.26099566940729860,13524277.150329896537343
"LCA",2015,0.4484012423844402,251.15364967355129
"LKA",2015,360.96330469370350910,132233.64922597046509
"MDG",2015,57831.41300191176716901,32976774.3107615179100852
"MEX",2015,32644.51290743131637449,13725755.864335406163008
"MMR",2015,41429.43905174754582109,26667150.288582232171999
"MOZ",2015,559.97034976406211297,302674.543107381111620
"MTQ",2015,0.22336747709526910,92.239380015134637
"MWI",2015,21.90259959899630969,12663.616403786677806
"MYS",2015,154364.54528155682681990,122283280.371380135905904
"NGA",2015,5318.40143626591813935,2166671.160168236617793
"NIC",2015,12542.92977332682233132,7358372.5201864874870125
"NPL",2015,97.96705473708874854,52429.215456504530836
"PAN",2015,2033.96274541289011908,1261333.739781902006359
"PER",2015,104841.75651323308989930,70758864.160750211853064
"PHL",2015,6477.45791075761069913,4472215.706992310681572
"PNG",2015,77940.70625575955431390,62204535.910384684470886
"PRI",2015,21.41922364618381423,11863.38150690225529
"PRY",2015,28270.77740642025911241,13780178.093242554220204
"RWA",2015,9.37917762045498448,5794.25897395962781
"SEN",2015,0.52619841445258250,619.368381862017916
"SGP",2015,0.07691072528252496,47.13266124959653
"SLB",2015,9286.30217159768009436,7195007.157040208184801
"SLE",2015,3169.81936279274811849,1482896.252703460166129
"SLV",2015,38.25645854757052982,23826.99037586113335
"SSD",2015,65.3615461472446063,33757.5999929440188
"SUR",2015,8079.78227004558884150,6281240.459812036251506
"TCA",2015,4.72176546380750883,976.818340758710514
"TGO",2015,0.15296474503472224,45.481395374686
"THA",2015,2285.70637420568688080,1403289.049991240406987
"TTO",2015,100.08172475669327430,60644.799081221243158
"TWN",2015,25.04386351033962794,16164.95566606460913
"TZA",2015,1519.16401830498903953,653562.337979936134579
"UGA",2015,3129.41538799353532214,1511027.366929926342670
"USA",2015,265.61891204351342217,64655.391635226036037
"VEN",2015,15534.65539815696041974,8115054.360806621332250
"VNM",2015,38580.16537646814622912,24707755.833491185714688
"VUT",2015,699.02624276361440057,355906.360660451372677
"Z07",2015,3502.30197593285064041,2013250.97202030071058
"ZAF",2015,533.05115758198019840,353694.755577307321228
"ZMB",2015,2336.87015882649039265,954702.23311271505144
"ZWE",2015,62.44879087797199435,41922.79760596606344
"AGO",2016,12040.70364224523723845,6837517.652828317124239
"ARG",2016,15247.20315618504960267,5489792.234501413295342
"AUS",2016,7.97515189164333944,3592.257635793545530
"BDI",2016,27.96562423609686555,13542.54000405415100
"BEN",2016,13.13379896465386525,3664.90740504111922
"BGD",2016,345.35947262864804157,216401.036008263779585
"BHS",2016,1458.84979555395861926,133444.2386065805782640
"BLZ",2016,11511.03006754500022643,5473237.728817453493675
"BOL",2016,245876.60075257683093007,110716699.499719420258115
"BRA",2016,2830943.10206730347892074,1374364794.378532148725482
"BRN",2016,1089.55819630714121494,767167.016427400996289
"BTN",2016,703.52221289706815070,416965.250771045148014
"CAF",2016,20129.74565223268515572,10862949.989237689766834
"CHN",2016,3709.00124368009334753,2172772.005180681778751
"CIV",2016,16913.39050000472777997,8143924.520466909250594
"CMR",2016,58602.03187624724160371,38618350.815403593745515
"COD",2016,499562.23464773520775859,357348111.096973659900801
"COG",2016,43659.05558767383652316,24687738.700562888679778
"COL",2016,108555.46297799677812304,68284416.736512926761024
"CRI",2016,1588.74985013282649553,936000.243215629154944
"CUB",2016,302.43145303521253934,75469.7944683268205881
"CYM",2016,37.42373522430773941,7938.534004665285316
"DMA",2016,2.2273036580951605,1159.20135169746906
"DOM",2016,2866.95174469093167993,763722.282644785567120
"ECU",2016,13211.14076642484966720,9563649.002879539848672
"ETH",2016,2873.70304275891133177,1677888.985823816879089
"FJI",2016,3094.28698252165280305,1536970.582519478477662
"GAB",2016,18885.74109404394007682,12623959.902544498531765
"GHA",2016,13747.79725702120927320,5881038.447788701749734
"GIN",2016,1542.65036842230772050,802228.288166908341417
"GLP",2016,0.14786730382595487,37.86936117485303
"GNB",2016,527.42839566463746395,178819.377086309206759
"GNQ",2016,5046.02339491822151717,3246993.210295051072526
"GTM",2016,63256.88322284904687220,30420004.892065759098531
"GUF",2016,3921.56778320661910954,3042795.41906750587567
"GUY",2016,16688.87273490798574539,9120566.515905855486543
"HND",2016,46023.71373249716866327,24407771.158309126137092
"HTI",2016,2031.16595924041470162,784071.198716567677510
"IDN",2016,928658.06532281408380529,825630873.134608054711010
"IND",2016,24375.37258984569834225,14743078.564841022230060
"JAM",2016,725.65446878392282536,394909.579673484843951
"KEN",2016,2052.29874251228468654,895000.879172081270907
"KHM",2016,94024.36094027693890749,61142568.710946255374427
"KNA",2016,2.64916281187717005,1492.51964519556482
"LAO",2016,76124.66401031933585267,47439607.186783403242524
"LBR",2016,19753.80619971891809003,10211061.732380827734465
"LCA",2016,42.22536381241753376,23943.235046382571946
"LKA",2016,425.12994125937904778,164588.201370333457276
"MDG",2016,74991.13612857736729842,42705867.233197576255180
"MEX",2016,50079.12260225579267156,21808637.164172969434389
"MMR",2016,54825.12549702607231066,35167502.413914409995904
"MOZ",2016,923.51256936385070254,492062.295193945357479
"MSR",2016,2.728653370556641,1281.4938982931149
"MTQ",2016,1.19112880347005228,559.02127791439237
"MWI",2016,22.87953905013347418,12448.355973575980956
"MYS",2016,185232.90322278204478154,140953983.299303539912273
"NGA",2016,12335.53813969884785549,4897768.929729128686871
"NIC",2016,47402.79981924352819612,28164539.220296529113569
"NPL",2016,183.94337045731880795,98470.51672897861916
"PAN",2016,5906.16066158647724876,2818364.384803558634512
"PER",2016,142709.56487486354325930,95126840.575641364452250
"PHL",2016,13386.93484590146502663,9046916.343583584892216
"PNG",2016,80231.01061059339009761,60308781.507096606360603
"PRI",2016,26.60998972596571395,15390.671217644762784
"PRY",2016,45862.87797716640684842,18474238.950633114052187
"RWA",2016,22.90390339691088002,14770.599143509211084
"SEN",2016,0.07511133774631076,121.356926273130415
"SGP",2016,0.30764204839613174,128.8554862693641
"SLB",2016,11672.04678260895860454,8826677.439560377262978
"SLE",2016,2963.49696601996387196,1434100.279267748184385
"SLV",2016,412.97364077395228711,252447.685649685498984
"SSD",2016,86.3616361721747463,43960.0906923448639
"SUR",2016,10456.67718433867863622,8025171.138806991613892
"SXM",2016,0.1464826147840712,49.381563821714515
"TCA",2016,4.22023168265624938,761.437337344101836
"TGO",2016,242.4749298462606476,70964.1950444657907
"THA",2016,4762.72927659478156215,2943550.135852187218351
"TTO",2016,153.12603462365130416,91485.372312169129985
"TWN",2016,98.77713511901909597,60346.59289501304893
"TZA",2016,2227.29237482171636023,947305.762916532158297
"UGA",2016,4314.42647932598725070,1914680.925002357405385
"USA",2016,285.46597756926503641,61822.788216496252013
"VCT",2016,5.9206757779318587,2902.4522446735757
"VEN",2016,84699.17315170539052434,32777588.5397541627452244
"VGB",2016,1.3886753672601998,676.50786058826206
"VIR",2016,1.82810611250976594,914.20266126102043
"VNM",2016,68841.02813449663116287,45751258.205289790071028
"VUT",2016,224.70229401003302149,110500.597556182943565
"Z07",2016,6560.67479611703580692,3928308.230788491778872
"ZAF",2016,594.92233351150520540,328472.588854802036496
"ZMB",2016,2860.34064693491601949,1198035.647300481552510
"ZWE",2016,50.40908092331705167,31046.19147860268316
"AGO",2017,11166.47394291253040394,6261603.984652365454225
"ARG",2017,17202.52025619049497740,6761181.7394544551104515
"AUS",2017,5.99631359133083736,3439.35991124880037
"BDI",2017,13.98164638246093763,6425.809228124588234
"BEN",2017,1.45162550200683602,566.723573477065957
"BGD",2017,414.42342858519079456,253048.788151148151732
"BHS",2017,16.37858785553276861,1986.005872892233765
"BLZ",2017,6615.66208719705132983,3030576.582553860605917
"BOL",2017,270242.42844157609772055,122071659.427754838631157
"BRA",2017,2134474.39959765898979157,1089598771.461512339779848
"BRN",2017,518.16435683466421984,395006.492444496745525
"BTN",2017,790.50525402359168008,413005.341453032863215
"CAF",2017,15442.94119253742691935,9870891.768291337683144
"CHN",2017,2380.01730470019392482,1406029.459271309222646
"CIV",2017,20423.52619763087351843,9753147.945517074974028
"CMR",2017,89782.62983777198787247,56083988.949279696942259
"COD",2017,471868.52255567311154276,337855697.080614717922823
"COG",2017,26702.89465537072675038,17585126.920813151883855
"COL",2017,161904.24969774629071647,101464646.9772421576495854
"CRI",2017,7665.81027747429425258,3813314.089459398977879
"CUB",2017,28907.02087118979371412,18327705.303628956779684
"CYM",2017,37.42764854645726946,8494.092513244586403
"DMA",2017,14942.36718183423353949,8203722.84989957056525
"DOM",2017,1574.91529257968400842,664261.147210784563195
"ECU",2017,21129.68481483305882288,16033217.544797690339330
"ETH",2017,7630.89886853163194706,4411032.796679866878740
"FJI",2017,565.72764865383896691,288209.850916366167634
"GAB",2017,22915.86406185456914647,15085309.735711668992713
"GHA",2017,7683.99109097612350970,3407887.51274420699237
"GIN",2017,1675.85404659490333872,895857.305593195039070
"GLP",2017,3.10679607512478336,1568.13699456930657
"GNB",2017,504.33601847310296436,173440.895620969690758
"GNQ",2017,6467.84933542392860524,4230380.349793572253057
"GTM",2017,22047.04485730602111222,11492090.783977346730489
"GUF",2017,2739.33643571208518499,2132327.766123335067791
"GUY",2017,13504.95071261392958970,9178970.241544727363000
"HND",2017,37700.01912536025193886,21241017.041859032550054
"HTI",2017,379.31719261213838473,128979.676897638296881
"IDN",2017,373254.63017135469250996,294961947.291245660732205
"IND",2017,23806.38545566653871745,14442564.394266612247495
"JAM",2017,355.28615895407232371,198080.306789717698194
"KEN",2017,3133.96253509652053847,1515755.566637407176434
"KHM",2017,53817.22699264221249985,34982207.583049066856573
"LAO",2017,60679.01012554096131623,36435360.116301902034469
"LBR",2017,24957.04216905024863508,12915245.109426495687318
"LCA",2017,18.23518513605414518,10316.182248216757834
"LKA",2017,627.36984021673984810,268074.418854283996903
"MAF",2017,0.51260826797200527,234.56028526668977
"MDG",2017,109612.20529090619835381,61591752.699107722123024
"MEX",2017,55663.73766974000607007,23833810.360665896113110
"MMR",2017,39688.75674145642017250,25209580.204823882600470
"MOZ",2017,3278.99857999549301798,1923507.848811371452498
"MTQ",2017,5.0629640208327908,2419.1827453862935
"MWI",2017,28.50538565427029611,17509.896939168142611
"MYS",2017,162423.48168012756179042,120300663.706186187928928
"NGA",2017,17389.35080571340965775,6847641.336047231364487
"NIC",2017,150613.42921193664170755,83427971.507176564630979
"NPL",2017,410.95992805302519740,236010.717369331805414
"PAN",2017,5926.31164760220825728,3700996.377660056579016
"PER",2017,181024.45251898780991249,116185760.625406270004462
"PHL",2017,13698.08448002437769183,9299190.722979690803721
"PNG",2017,63580.41860051199387707,53185502.913539110303110
"PRI",2017,14999.81531467250382843,8509829.299458110345147
"PRY",2017,70055.72103039017318865,24416265.206387864174119
"RWA",2017,14.21964107265265485,9298.31574990984819
"SEN",2017,0.22534268016981337,831.65472867745791
"SLB",2017,14326.94969392940289128,10889050.717859481400675
"SLE",2017,4180.86897441257410883,1988088.857864621467151
"SLV",2017,128.94461202747175383,76813.93912186454250
"SSD",2017,234.95452036982530832,128442.40904556590509
"SUR",2017,13717.45146336150992762,10607634.078471510363101
"SXM",2017,0.73242241872938376,297.72793850972017
"TCA",2017,13.87701710330728891,2546.225578971968799
"TGO",2017,9.7017914231879363,3019.2427811195266
"THA",2017,3660.14368369052926039,2258436.129002186668102
"TTO",2017,138.83903606219948027,82567.414859936367636
"TWN",2017,150.56077725930773234,97298.830267193365053
"TZA",2017,2204.33826142401535371,1004639.424417524693365
"UGA",2017,4858.27274602057828946,2013362.920099095970329
"USA",2017,26.25086378267253154,8461.593090264243395
"VCT",2017,5.17085792381727382,2774.561062816660934
"VEN",2017,43748.15892401688590126,23597505.821904255118044
"VGB",2017,101.27645951277756203,50516.013339849484637
"VIR",2017,51.5504052191710911,26043.17561899412057
"VNM",2017,45060.34079961125322578,31725024.871395229920909
"VUT",2017,187.71502491357399030,83717.72350979469604
"Z07",2017,5756.88394213745392817,3309628.00479721364089
"ZAF",2017,2016.01156159303193086,860119.146160502187348
"ZMB",2017,3360.91218057993375299,1593939.293917346563596
"ZWE",2017,275.40375674002940985,174346.627327006382113
"ABW",2018,0.30063088600857207,134.826862133545593
"AGO",2018,13507.02733713511767517,7793430.964961727611891
"ARG",2018,9496.14607085420657954,3599420.341018524954948
"ATG",2018,3.88888429913303004,1255.536205641460234
"AUS",2018,0.37978339528320312,185.48498883136574
"BDI",2018,33.3451509374876592,16282.774016919285286
"BEN",2018,0.22937737822536896,287.626062537802913
"BGD",2018,358.67818786368722797,212929.61968122678122
"BHS",2018,14.09090114987630241,1560.294715410393715
"BLZ",2018,4780.55260499981094978,2120182.765355305200583
"BOL",2018,154537.01076918392943315,76723225.219674323664462
"BRA",2018,1347176.89306795674207170,827860083.531696995838560
"BRN",2018,449.70974892053891933,324498.248547594732365
"BTN",2018,406.29107962806763636,211363.857476626355865
"CAF",2018,7741.61300763772346692,5115458.099628308349056
"CHN",2018,1458.61134243986952536,856599.69420354960291
"CIV",2018,25673.18002357925108889,12486255.030809733909732
"CMR",2018,57935.39090923483908564,38554564.244479762363822
"COD",2018,481248.93728298120449670,342326641.240530618881641
"COG",2018,26847.08938787577086389,17561843.119687462089441
"COL",2018,176903.74629120587426598,111201272.218348606484335
"CRI",2018,1709.19172919013191904,1019740.151920294248410
"CUB",2018,2551.89587999415910465,1520688.5971737445588265
"CYM",2018,24.87810693923070864,4318.172469133156606
"DMA",2018,586.02593644114300252,306802.14987107111076
"DOM",2018,293.76938967467775661,135461.811230871781398
"ECU",2018,13235.85837316644037753,9906796.878293472540674
"ETH",2018,3798.40764128168106633,2219064.109317746950104
"FJI",2018,199.14696569987850166,103569.213831496564858
"GAB",2018,12250.77057522991472670,7815751.480037689521035
"GHA",2018,12284.78413900116206894,5359113.627994593424701
"GIN",2018,1138.12689591652473376,589077.012696245171169
"GLP",2018,8.80387270601345511,4319.708010545432335
"GNB",2018,451.47091735949355883,143524.029386245702947
"GNQ",2018,4036.50946402825415190,2596815.751045142391689
"GTM",2018,18309.12361562664413078,9596397.778468628466530
"GUF",2018,2616.67280673728251767,2057672.886901881310766
"GUY",2018,7627.92041158129641125,5115583.740889806015969
"HND",2018,32644.80204951219928781,18703446.465724706361978
"HTI",2018,27.28893550817708526,11391.225480650425428
"IDN",2018,339888.12036423257568210,266795476.100610831169032
"IND",2018,15514.72097079499360269,9092387.706124236083608
"JAM",2018,292.65222548345488321,164326.038686295203017
"KEN",2018,2649.48825023885726964,1182221.736913776291335
"KHM",2018,45519.56292845829742405,29216128.814625042512337
"KNA",2018,0.95623057054687497,411.83312162821735
"LAO",2018,54579.99953408243533983,32193900.307660469144887
"LBR",2018,27853.65195019584601223,14287217.704022768846056
"LCA",2018,9.1925489401220720,4806.50768545429853
"LKA",2018,437.39471152774955393,203132.272682969459325
"MDG",2018,94785.17755387412727127,53888563.425216796150033
"MEX",2018,45350.33674910838412671,20570475.609795715714789
"MMR",2018,35912.73822823414155425,22318170.985104275998198
"MOZ",2018,537.24168638187641425,283476.659028996255734
"MSR",2018,3.467334301391061,1992.2595682856113
"MTQ",2018,2.15927341632324235,1103.14348501868328
"MWI",2018,28.23847964760308353,15544.15502620731303
"MYS",2018,144571.66023044409775874,106473892.149815110286490
"NGA",2018,15182.69686722386917212,6051280.138805864192231
"NIC",2018,32008.78305097733325450,19202574.053631621544471
"NPL",2018,150.84204793661679149,92424.88154441737782
"PAN",2018,6129.38225027947615500,3779528.977844315843523
"PER",2018,140103.59110914474465132,94157121.227599662889035
"PHL",2018,9222.17712543646691640,6198643.821396468461610
"PLW",2018,1.44979060613525405,1017.888885962530085
"PNG",2018,77265.80279364860975296,63061019.844102877286483
"PRI",2018,512.06020667233503991,274200.831095268763441
"PRY",2018,25298.41395460664623562,8816764.932584787239106
"RWA",2018,39.96997861879591504,25257.45401257557670
"SEN",2018,0.15019084086317275,78.247468285409123
"SGP",2018,0.07691136217298719,42.468821515424274
"SLB",2018,13350.95458412242026779,10213069.35996784971122
"SLE",2018,3401.13710164901243429,1618005.659362449799936
"SLV",2018,79.85781081922636938,47153.906993334850082
"SSD",2018,79.0300655198757398,39910.00385704854425
"SUR",2018,15366.59415842502563265,11883781.189937127170815
"TCA",2018,15.02092253501953219,2012.779881020739919
"TGO",2018,2.2154121056719292,606.73122914625600
"THA",2018,1942.50755298056195503,1207506.274411858231306
"TTO",2018,135.72619011395447928,81212.687122873796895
"TWN",2018,83.12304556851997180,46553.57128024118960
"TZA",2018,2263.03397106942546890,1029329.053099682822390
"UGA",2018,4087.82382128024208301,1539430.156003410800425
"USA",2018,88.22689843552307224,31839.667364247822421
"VCT",2018,0.67433597788411461,362.42634204918202
"VEN",2018,30125.81350033596627795,16315948.901155782947732
"VGB",2018,3.14285814366644997,1280.429526911389578
"VIR",2018,17.03616141668186372,6914.676947248875758
"VNM",2018,33410.04631187352620074,24913726.076135778896549
"VUT",2018,238.95633887384593440,150231.579283374645070
"Z07",2018,3795.25531466188286587,2215028.778899817719536
"ZAF",2018,777.56406523484601701,439654.975511280967166
"ZMB",2018,2424.22170075628802526,1163765.836729743317925
"ZWE",2018,27.40477649353950348,18481.24638470903692
"AGO",2019,9995.35505265230132206,5753243.682208877490965
"ARG",2019,8983.82213485159799006,3800792.197869328740112
"AUS",2019,0.60173666304904515,297.9012078056830115
"BDI",2019,13.52170656600423312,6541.71895047849839
"BEN",2019,2.82811705603678394,1038.189303221094230
"BGD",2019,387.97785804504629994,237815.293284816575557
"BHS",2019,5.82812930419704775,541.498682094568676
"BLZ",2019,8771.50147424895471577,3773325.688487203307110
"BOL",2019,290650.41745217711839699,117863799.964428035298117
"BRA",2019,1361053.86410734117171861,853128638.949741520774410
"BRN",2019,447.63429506818238886,321382.587795071705391
"BTN",2019,294.12183920091474623,168590.574595065477132
"CAF",2019,11530.40811327814580475,7592379.714871679897690
"CHN",2019,1363.02389550378165861,799466.919714051226409
"CIV",2019,11651.13324646409664281,5673887.249207686550226
"CMR",2019,54421.81402710739390581,34821571.482983046844957
"COD",2019,475245.70127903814195158,343556640.746783373286517
"COG",2019,30647.66861415222485234,19640953.863165950280617
"COL",2019,115137.15192114019216027,69926975.394825517750650
"CRI",2019,1432.08883249438412911,830554.730162643118909
"CUB",2019,89.50128739980791121,26656.125406381252294
"CYM",2019,1.30884234440212683,2231.250561551155254
"DMA",2019,2.45019666621148014,1421.4209948192022
"DOM",2019,510.13579770115368353,199215.987607665860052
"ECU",2019,12255.17905262529959621,9254774.497107180133524
"ETH",2019,7379.56570639809895723,4448088.179776415052656
"FJI",2019,76.72889724229493376,43463.345540649326843
"GAB",2019,13815.79352049906620350,8853662.060276858010596
"GHA",2019,5819.92321605420696525,2593705.719571223756729
"GIN",2019,1056.64563787844504071,552264.807510340093401
"GLP",2019,5.32455285833333350,2808.433012084371356
"GNB",2019,372.29786779054439889,135836.117655071718818
"GNQ",2019,4276.46648359312536612,2790061.280125288348440
"GTM",2019,30338.78900954653477772,14625282.784561791833956
"GUF",2019,2270.86125827116148029,1809409.575570118030787
"GUY",2019,12963.91787700946745267,7622140.098261873237243
"HND",2019,32910.73450129959556509,18687127.099310531627073
"HTI",2019,34.89830433986001734,17766.302984628455401
"IDN",2019,323646.37619395208152448,255309421.679270131228439
"IND",2019,14467.80648645464876828,8579587.148712897383110
"JAM",2019,253.70814972588978440,134787.964780263000559
"KEN",2019,2798.11295245687936792,1243815.360026477882045
"KHM",2019,62898.76796790058430802,39800967.366530157657203
"KNA",2019,1.54469095064670149,712.85141415278370
"LAO",2019,72038.43277862878141638,42254759.738885995741829
"LBR",2019,23408.08216134878602286,12193512.872363058608995
"LCA",2019,0.74729386659613728,393.69550187390845
"LKA",2019,412.09360022195035465,167293.658256746523974
"MDG",2019,54256.72264289493490577,30539762.337689121925736
"MEX",2019,65713.55684630597452282,27579584.137528060112787
"MMR",2019,38309.86310617436319871,23852583.759703218107045
"MOZ",2019,800.78585281886183239,447463.072246112218572
"MSR",2019,2.50774508873697917,1258.61744644965764
"MTQ",2019,1.48952854815321186,665.599361110807245
"MWI",2019,43.88139947454479804,21020.642386727389014
"MYS",2019,120185.00546443258821302,90411919.650753389441013
"NGA",2019,12095.23825618136098253,4788976.873716258024856
"NIC",2019,33909.97563021439882237,20219450.058640789261270
"NPL",2019,192.29364802765412555,121986.427808082702724
"PAN",2019,6234.16585100808048844,3852371.923741851411765
"PER",2019,161514.28297081835235590,109376235.944389782069625
"PHL",2019,7585.53650280539049499,5176891.406046859689259
"PLW",2019,3.81508545038818346,3190.58727791419228
"PNG",2019,57963.14716378623542408,47961568.779320355385809
"PRI",2019,27.26894158633246399,14724.20719596730070
"PRY",2019,50690.32547039486679815,16467339.70849491312661
"RWA",2019,13.83436646568088292,9407.555475081050235
"SEN",2019,1.0514892722113715,394.60280038363229
"SGP",2019,15.07421736031331432,14681.343050205573802
"SLB",2019,12323.73330495504721398,9417908.007592192349590
"SLE",2019,3542.99173380504790255,1747585.210203715439854
"SLV",2019,62.95088777819010985,37695.709342083165489
"SSD",2019,335.3590506287180937,177206.3708747040871
"SUR",2019,14013.35909297141882533,11006122.896168433053964
"TCA",2019,3.50601288226128532,702.475590153801308
"TGO",2019,0.22916650205566408,69.12697483356143
"THA",2019,2603.69021126107772945,1585137.565307344959375
"TTO",2019,126.32241541892197137,71608.094718487317614
"TWN",2019,57.73656048144314230,33344.78233567708456
"TZA",2019,2668.25348632591016900,1333883.499862128302255
"UGA",2019,3334.92782420314547328,1438010.046735958177837
"USA",2019,73.90977905669054792,29331.484271639450355
"VCT",2019,0.29977482365831165,153.16636646019919
"VEN",2019,58767.65376301610378459,28054716.785620420126034
"VGB",2019,0.65774860532877611,258.934207830622108
"VIR",2019,0.5849059005284288,162.276747289366894
"VNM",2019,30898.21957736639089382,22816988.088262227349974
"VUT",2019,51.81014506810872017,24013.74872225375724
"Z07",2019,2879.68703685388312048,1659486.07347587768627
"ZAF",2019,937.58248756457319172,579997.927082980383378
"ZMB",2019,2555.45833188662071103,1227402.180301546623896
"ZWE",2019,50.30234706444011602,36092.580808632157004
"AGO",2020,8895.37367915747994381,5026568.429631089415592
"ARG",2020,20847.73368559123113616,6486288.374748161205900
"AUS",2020,0.5317264044108073,179.413481467793796
"BDI",2020,26.89268885752495963,14379.81380070802242
"BEN",2020,1.60372432308105492,418.72362341737367
"BES",2020,7.19915465689561657,3406.941307042774086
"BGD",2020,459.76431552145849150,277914.291536674445904
"BHS",2020,4.54370862131402109,725.265930189932151
"BLZ",2020,16087.40740530509667294,6567735.810295613564808
"BOL",2020,276102.55498478366658965,98623061.488992093973909
"BRA",2020,1703491.70818742308458492,916349437.520309570553092
"BRN",2020,543.64276708504349007,387843.28846097514773
"BTN",2020,472.92137020243937955,288108.82777287474881
"CAF",2020,14741.95501322540276670,9695693.743194145069156
"CHN",2020,1138.71173343129369247,634433.486314716981335
"CIV",2020,12960.74824960517997698,6357718.73528249322020
"CMR",2020,100294.44745994999798941,68030253.259881460620006
"COD",2020,490613.25750385044967980,350727726.501736410677891
"COG",2020,26295.69526103330636276,16786897.622074576566632
"COL",2020,166517.50995568605827613,105029313.653373549134998
"CRI",2020,1278.60971644856715095,789300.910265831749713
"CUB",2020,305.68661447613944268,70661.9386045159309694
"CYM",2020,0.43611380850151911,487.679721540644696
"DMA",2020,9.72563440747395838,5500.658293858602255
"DOM",2020,1850.21874290384082688,570168.633902831648293
"ECU",2020,19760.05698613033894762,15159286.698513847657838
"ETH",2020,4603.32265680398208575,2651657.039537926618460
"FJI",2020,166.68585742392581728,94600.070278976299093
"GAB",2020,10628.72100272087937690,6680350.959929091099709
"GHA",2020,14270.09420001439636741,6378899.55449492733151
"GIN",2020,1299.29114073340122658,687250.776925360409687
"GLP",2020,2.58875289022677963,1462.031844904120053
"GNB",2020,507.01175095612440411,186460.514534679968686
"GNQ",2020,1977.36328963339083770,1320770.983224999426853
"GTM",2020,39449.55777218568189292,16911942.442388105769193
"GUF",2020,3135.62636044013244323,2482191.304868044561843
"GUY",2020,10763.26919650464930075,7055849.822774863654749
"HND",2020,41687.82089985261627803,23287794.917173353295405
"HTI",2020,16.47981031669162393,8009.739586504627149
"IDN",2020,270056.85830355333355374,211771941.503209345164198
"IND",2020,16992.87511496621551761,9990680.313600873448923
"JAM",2020,244.45677567821612060,133527.34352947726754
"KEN",2020,3545.29473468119130262,1476203.215486891385646
"KHM",2020,62305.53752509546108749,39323354.187566675987147
"KNA",2020,4.04684141537434779,1545.830033405384890
"LAO",2020,82234.76286580872987579,48363841.229501796236911
"LBR",2020,31821.62755932464170948,16500074.931477751044221
"LCA",2020,3.13905473557454450,1707.785825774082561
"LKA",2020,282.81186621682895785,107447.75151236871323
"MAF",2020,1.17171004396701398,551.67840247076994
"MDG",2020,57747.61394303611761475,32687867.337662510210364
"MEX",2020,68284.28802867037599746,26394249.359970600834738
"MMR",2020,44445.07443857981861734,27844538.469523424436232
"MOZ",2020,307.33594336088487618,147985.998341254848855
"MSR",2020,0.73745128053059901,328.261397997179134
"MTQ",2020,3.79912465362033435,2565.585550726138223
"MWI",2020,146.33868019235807473,66847.644502626319006
"MYS",2020,72977.18606732349676316,55410714.378492651122518
"NGA",2020,14586.94893486907834125,5934311.253883597962774
"NIC",2020,52625.28067979724610616,28401228.499435283821248
"NPL",2020,170.44754420864367139,99818.967562682443854
"PAN",2020,6598.42993041386923712,3975664.689654453097690
"PER",2020,190144.27910449869172650,127837726.901955078410112
"PHL",2020,7750.82459588361127823,5243476.226021032923648
"PLW",2020,3.81527403749050617,2905.53102137548709
"PNG",2020,44864.83358889891637221,36615694.493239072827080
"PRI",2020,27.48971535709852613,15363.453517822128712
"PRY",2020,58572.46315610003740856,18872697.58302314825289
"RWA",2020,113.51665535654927019,64048.805768868039204
"SEN",2020,0.67492947190972226,550.816500002314132
"SGP",2020,19.07362054474100077,19285.28097249790648
"SLB",2020,10457.66136173150454218,8106582.747148466289232
"SLE",2020,2957.11956959547795617,1449993.779797475985712
"SLV",2020,89.89282355209471428,53625.184471001593008
"SSD",2020,86.1630839376090697,47988.6639002948332
"SUR",2020,11076.47191450571447971,8729042.905496609007217
"TCA",2020,10.01560559367621746,1920.513883583908923
"TGO",2020,1.14606370840386302,344.13703545242627
"THA",2020,3556.90204523944439479,2168984.393476472030951
"TTO",2020,145.20156349190595817,78540.568182634301151
"TWN",2020,48.62641664944445264,23973.980578552850985
"TZA",2020,3466.09836826200462935,1686001.318821485378408
"UGA",2020,3585.09607077072137572,1706396.557741041468551
"USA",2020,39.83882288686632362,14328.170890289294706
"VEN",2020,53669.54106078133694713,27037017.419276233116501
"VIR",2020,0.14622296340169272,41.886133007548320
"VNM",2020,32629.68652570311201932,23346355.378897903768429
"VUT",2020,1674.54945873166491166,1010018.34031305434350
"Z07",2020,3816.52184848125336878,2136735.10598503256286
"ZAF",2020,879.92713580397926928,536932.776108037829874
"ZMB",2020,2165.72336364423073660,1074035.488962988692855
"ZWE",2020,37.88539103933268063,20882.26379212852943
"AGO",2021,24326.73976120075585168,14523519.833883883487859
"ARG",2021,11921.15071809888206471,4437521.2509909962756745
"AUS",2021,5.13932645966254375,2843.956076927974521
"BDI",2021,14.21445833624837215,6953.65482817016993
"BEN",2021,1.52762085440321202,515.541529794547116
"BGD",2021,308.82850894768858736,187172.87737333953900
"BHS",2021,4.2609890197938373,1479.30173219122993
"BLZ",2021,4559.91586660597033294,1992958.353728672561452
"BOL",2021,292264.43105969459277539,115211285.598588624770751
"BRA",2021,1546964.77207570299221175,960263263.768757402831833
"BRN",2021,516.70700077893543525,362473.884709010719468
"BTN",2021,399.92099271910600774,236177.850505589915788
"CAF",2021,19709.31354304003304919,12656879.511452958016589
"CHN",2021,1212.53155484831859545,664841.617165740106586
"CIV",2021,6616.01320680501925074,3229630.852487053437225
"CMR",2021,88755.76952330344622283,57613910.537341031234796
"COD",2021,499059.50608803184946506,355541776.367560196065382
"COG",2021,19570.68157743056952402,12714070.990145794646061
"COL",2021,128570.60287586718325903,81521951.469859885939868
"CRI",2021,1059.39055542254660994,630981.398868446408033
"CUB",2021,349.86384454677730821,138069.272444609545471
"CYM",2021,1.67179460353190148,1367.113690701615045
"DMA",2021,6.75817167235080314,4018.85410658330013
"DOM",2021,593.30302650712463547,252727.160702189413795
"ECU",2021,12510.52137159041384815,9654505.437541621427033
"ETH",2021,4349.38888675217083787,2582615.840078004818396
"FJI",2021,1069.42854267794872419,507846.837132366111719
"GAB",2021,8858.32931532775859565,5738445.752753637139290
"GHA",2021,10699.29648311345253225,4730290.844270839694985
"GIN",2021,798.44326678203751801,400856.116372286596781
"GLP",2021,2.29310193793294276,1294.13416305193592
"GNB",2021,349.22264366991908030,135593.579849364853163
"GNQ",2021,3714.46454018659654505,2453804.603187988628383
"GTM",2021,15167.06712961668270912,7955095.074778560225731
"GUF",2021,1678.59168885380674665,1323577.421606522585590
"GUY",2021,7088.59447358992954365,4991193.774751845309874
"HND",2021,36600.54792615527018487,20670729.907451674491084
"HTI",2021,131.39560516282446806,51503.046276101574417
"IDN",2021,202905.92416610877792775,156658728.588134921447706
"IND",2021,18335.03311531064241009,10928565.373039941213110
"JAM",2021,177.72242195168838912,101685.332063560862957
"KEN",2021,445.48894710637667584,161134.536334660778732
"KHM",2021,63979.02654163988550072,40374103.637235490124981
"KNA",2021,3.01721269413302966,1381.163951256269854
"LAO",2021,80938.55478296003830239,47220813.145894874718035
"LBR",2021,24820.82072313458261585,12967778.600550564147905
"LCA",2021,6.35486175821614717,3862.80444613975324
"LKA",2021,281.38558689201688196,114605.330417613333991
"MAF",2021,0.6590274954535591,282.1467685850449
"MDG",2021,43744.77213725177535416,24412437.523565010653344
"MEX",2021,35115.74468459576786036,14854216.866777993820019
"MMR",2021,44566.28208383314081031,27846255.376675180589727
"MOZ",2021,276.88418922852498969,141072.940035319767283
"MSR",2021,0.22123635699869791,86.47197807445929
"MTQ",2021,2.68019906894259996,1487.0940997067968
"MWI",2021,52.47400564702695268,28206.834854283051887
"MYS",2021,72235.02882161479761285,54429238.503379346163897
"NGA",2021,12138.83508433710092431,4719767.434902017662123
"NIC",2021,54030.28812168196631052,30221443.043602854623940
"NPL",2021,249.36436004120875675,141320.69187636285202
"PAN",2021,5310.31230369741402787,3200316.809737895321047
"PER",2021,154181.39229788260528234,103499796.102308506216170
"PHL",2021,6828.59253453929917502,4718073.241114411947599
"PLW",2021,1.14457771021077470,918.070155903279526
"PNG",2021,43336.99795628590169908,35517657.034877815924349
"PRI",2021,17.10655457897895019,9639.08137599454500
"PRY",2021,44669.07483441862267232,14247484.118393885154840
"RWA",2021,42.27397623991339889,26332.358900077681815
"SEN",2021,0.2253647319650608,61.23037844214143
"SGP",2021,1.30744614808681918,1204.2725740823896
"SLB",2021,8505.53547424981938851,6600377.446103557490558
"SLE",2021,3271.91008844713923181,1640540.312847175119539
"SLV",2021,32.64459427608180682,19514.30708019086397
"SSD",2021,74.6243965702892818,38166.61318742382191
"SUR",2021,10112.82521740115179312,7990929.787906136532023
"TCA",2021,13.3773697182183137,2699.24982546200298
"TGO",2021,12.375869306273875,3660.4790094802108
"THA",2021,2903.62397417405956302,1783471.548236690243907
"TTO",2021,50.31411989201116454,33504.74392395188386
"TWN",2021,65.97177927410373582,36400.349234526101325
"TZA",2021,1926.26644097365768338,955728.216032027303120
"UGA",2021,3751.41154561040934218,870888.549765854865007
"USA",2021,4.46082926151692792,1649.26409506139064
"VCT",2021,3.89546050735080222,1859.88901373251753
"VEN",2021,22680.49802921392059491,12389243.392410807560652
"VGB",2021,1.0962739622634551,562.74984265376744
"VNM",2021,29028.34889382691381192,20540102.910203630469862
"VUT",2021,13.60398433953450334,7408.21765953138273
"Z07",2021,3702.62801714723775143,2020397.608878636092467
"ZAF",2021,632.67449456177966390,413637.667852874464268
"ZMB",2021,2911.54697880853292521,1420467.881133006985726
"ZWE",2021,42.03961065076932865,31524.737390985506934
"AGO",2022,15576.59446108052640600,9174725.653922184111802
"ARG",2022,21388.10559155446243627,7579178.497062774570155
"BDI",2022,4.84066605485487228,2291.863965851492905
"BEN",2022,0.84115549593804263,271.343200231999274
"BGD",2022,307.52489616715920086,181564.405230170817979
"BHS",2022,1.5607934056011286,243.22427692286099
"BLZ",2022,4033.49528704859241661,1789089.612784808844464
"BOL",2022,384708.35952722960063615,164623459.024399067354165
"BRA",2022,1772214.80163237683523826,1131536263.004958927329023
"BRN",2022,537.97100853992149119,366643.125913497211758
"BTN",2022,513.27503778199675876,296479.193413581063008
"CAF",2022,13242.34861904004031789,8685681.066825801742301
"CHN",2022,1533.43326054445159686,881768.10606671740486
"CIV",2022,8585.57745376905430076,4200145.142131059104051
"CMR",2022,76311.76192091222022447,50826110.531988166735374
"COD",2022,512676.47000798291390716,370879564.629794032635648
"COG",2022,26089.51487153354571486,16518111.738055250390139
"COL",2022,128435.45430301066750823,82252630.357522281536725
"CRI",2022,1156.68239270036636343,711551.032227099750916
"CUB",2022,271.79432768793368662,141816.124955262361473
"CYM",2022,2.03381910285047763,663.143557868218627
"DMA",2022,6.38625846945909378,3521.14365277737786
"DOM",2022,507.75669267327800979,217385.336312401435846
"ECU",2022,21027.19833402783519199,15939493.158328342336162
"ETH",2022,4004.68002577862851283,2339189.645592807773190
"FJI",2022,142.87774318365233433,81013.70004444024644
"GAB",2022,14510.66780501899061677,9297345.693494787392433
"GHA",2022,17972.06361686649798986,7816578.854160141008194
"GIN",2022,944.03856847578398341,488437.339728015462175
"GLP",2022,3.17928524585449186,1809.254425111741704
"GNB",2022,380.02748117748067752,148093.045600488371396
"GNQ",2022,3900.77686016462956093,2544674.604404881880626
"GTM",2022,12200.30487561374981562,6078490.746288565080329
"GUF",2022,2827.66892196957831435,2189127.39211445437339
"GUY",2022,7883.91999273893558152,5356065.566504494383156
"HND",2022,30126.62432333163666791,17010905.998561123388347
"HTI",2022,14.75038116915147497,5033.674358943434395
"IDN",2022,230002.84433228209263599,175020467.333995033711205
"IND",2022,16878.25478678264710089,9953811.193676094581352
"JAM",2022,129.35186432433809303,72877.986828142834260
"KEN",2022,867.24560969318586331,332788.972723915013505
"KHM",2022,45382.01134659333997865,28478212.4526745151906595
"KNA",2022,0.07359241206814236,42.15892965938246
"LAO",2022,93087.09638488243072217,54517811.051883856362674
"LBR",2022,30365.33551476049767241,16010156.556913050324450
"LCA",2022,4.48529618248372451,2706.49577245744712
"LKA",2022,238.56137922774851906,92221.630513134313777
"MDG",2022,46545.79060048861497554,25969342.700442072615812
"MEX",2022,38404.50266084374281658,20125576.334698933246653
"MMR",2022,37797.95274979005621857,23798075.500549968262023
"MOZ",2022,516.79976323513405027,268710.593892113756697
"MTQ",2022,1.8613475150960288,965.4615688345082
"MWI",2022,93.08854830897688734,55294.33414017837855
"MYS",2022,71927.90353239105935482,53658299.377431727574816
"NGA",2022,12858.55597495609660220,5269949.681787972623702
"NIC",2022,22637.90582633553055296,13698716.4521072838805225
"NPL",2022,310.27641581288729340,183403.708115450581129
"PAN",2022,4019.14710209849225848,2450204.863343484415555
"PER",2022,160921.70873731015767253,107588745.275412458555376
"PHL",2022,27288.32965381268190920,17780315.230163552926771
"PLW",2022,0.61039637414903422,491.35746661949384
"PNG",2022,74969.44630282713604908,60911607.816154412266000
"PRI",2022,18.86054482501085083,10275.60485678290431
"PRY",2022,32588.16025464258142670,11584028.848282573583048
"RWA",2022,14.75816375012824101,9749.100972911310506
"SEN",2022,0.07511757082628039,67.69448520597619
"SGP",2022,8.84474161906528372,6113.49416602900820
"SLB",2022,10137.24515507897377839,7752248.564680042375024
"SLE",2022,3204.33270947891798216,1678574.594906420900000
"SLV",2022,46.56303688995768557,28406.162384472742404
"SSD",2022,107.31895102115441371,57172.901205829846785
"SUR",2022,12041.78985983932465029,9650994.451362550709636
"TCA",2022,2.8617568129079865,586.80491992400884
"TGO",2022,13.21633075279026816,3798.951183697326852
"THA",2022,3291.76666701606925981,2075474.764900835829446
"TTO",2022,76.80189152299807989,46408.14067148703109
"TWN",2022,86.97722534150503289,50939.492617029076946
"TZA",2022,1756.31121398733460745,866377.734136467500373
"UGA",2022,3408.68690133513496088,965909.456937238218551
"USA",2022,9.47570774428710894,3726.502366367312144
"VCT",2022,20.90149577153104187,9553.961957689465642
"VEN",2022,19802.44575436471713203,11121890.760618680914531
"VGB",2022,1.60782425258246571,637.32464802154746
"VIR",2022,0.43875354574761291,201.625030334565365
"VNM",2022,21676.00717567664968269,15983129.980622718723797
"VUT",2022,15.13624597016764527,8035.454483236120296
"Z07",2022,4960.72873821094693772,2945339.519447380411934
"ZAF",2022,300.08683741472111874,197735.453548201612561
"ZMB",2022,2422.9373433183772981,1179851.46729630572881
"ZWE",2022,55.52886571634006718,43929.577256254325201
"AGO",2023,17627.62082642628050134,10216783.363565838235004
"ARG",2023,11473.04383706233566982,3447931.0550228904966175
"AUS",2023,0.9796912281000435,96.19013221970675
"BDI",2023,8.06756854659206947,4077.42823052910892
"BEN",2023,2.82453697251844696,954.83728339304286
"BGD",2023,743.01578196564474438,460729.871962345075914
"BHS",2023,33.85958056290035412,3267.079771374649121
"BLZ",2023,11666.71477356009578826,4447395.922298274503639
"BOL",2023,490542.47640559229454046,178294399.671401639143443
"BRA",2023,1136250.99273872893550574,675646248.642833894912325
"BRN",2023,496.56739098286854181,341142.739966977202370
"BTN",2023,658.04399718950220474,386034.397524294928224
"CAF",2023,13985.92232006037968695,9087655.760536973677348
"CHN",2023,1884.50564159069609303,1094860.839688884107203
"CIV",2023,6864.93082463930616584,3389789.084123228192455
"CMR",2023,102887.49215309358733284,66950900.644649085098834
"COD",2023,526168.16387615736019272,378433073.292489204315549
"COG",2023,24424.84895111646474366,15752784.199175264612624
"COL",2023,66121.06257824807447780,41945763.474161678651083
"CRI",2023,1373.47169407593385584,832484.480947331756367
"CUB",2023,692.04083085939996659,312356.389836424215148
"CYM",2023,7.91233070796007021,2915.560876918687307
"DMA",2023,3.78615911919108107,2063.45572960889389
"DOM",2023,1275.87136017905259150,408698.419152403182679
"ECU",2023,14305.02962544136329723,10896273.456527025553134
"ETH",2023,12459.98485173240564297,7769677.865254183764859
"FJI",2023,86.344322731356403,47764.3550508261239
"GAB",2023,10310.42196800061887630,6646094.686660125879374
"GHA",2023,12745.52992112174600254,5710792.517845523627162
"GIN",2023,647.74758058003724061,328135.990306185714829
"GLP",2023,3.84388725205837471,2334.288002513993896
"GMB",2023,0.07494930460394966,14.229115643793431
"GNB",2023,289.15196735543236995,142714.830790940084979
"GNQ",2023,4006.32794100942053564,2639474.679424135780577
"GTM",2023,21019.27282278370285882,10027176.144032228736660
"GUF",2023,3230.56105164605854829,2550892.477384931450977
"GUY",2023,17167.31070228448862126,11112196.563296405870798
"HND",2023,43764.65225546647754097,24194282.350593685103237
"HTI",2023,55.50755735522783422,15218.667542087234850
"IDN",2023,292373.98194724968955879,219695928.843476875554900
"IND",2023,17739.40103271378739303,10757461.343704692329466
"JAM",2023,283.32992865498274069,162812.901650207134261
"KEN",2023,1809.12079831592977190,774026.627907099937827
"KHM",2023,48257.76373669215494473,30440420.904412330988091
"KNA",2023,0.07353363589518229,39.491148497141126
"LAO",2023,136532.07806382484181406,81125687.257387268995286
"LBR",2023,32716.79011661885407853,17148335.164439208136779
"LCA",2023,1.12145730079264335,613.40780331250349
"LKA",2023,229.12105451566650485,87202.49928476537231
"MDG",2023,79808.22437666356924202,44077454.951369888003948
"MDV",2023,0.9936607657809787,262.45706528702885
"MEX",2023,49029.29465575702364874,19339728.076975809410301
"MMR",2023,48330.40630122724666089,31064970.902457156885354
"MOZ",2023,404.65354719257576333,189043.580096779660986
"MTQ",2023,3.5734047513216146,1581.87270252059986
"MWI",2023,509.06386824015715083,430066.09953701200377
"MYS",2023,79279.04724037482580143,59582247.488191283297106
"NGA",2023,12000.12113085880857527,4876749.906663051167430
"NIC",2023,60016.34085734277257371,35140259.175553889135921
"NPL",2023,214.69571034630533504,108274.915876487177623
"PAN",2023,4971.25581915855957886,3055195.060951791177805
"PER",2023,150326.69569823665534917,99528118.611676644271929
"PHL",2023,5041.71898410428680570,3487353.694123557468812
"PLW",2023,1.14471113238796667,896.488687336081864
"PNG",2023,47743.75844982344934495,39624608.369609832691385
"PRI",2023,38.44863211851887864,22228.376257438115041
"PRY",2023,25121.00374893356540332,9133070.056113159193867
"RWA",2023,28.05303674098064293,21501.17017327791143
"SEN",2023,1.8778523979144968,2061.96562272659850
"SLB",2023,6918.31684862057257593,5337894.358535893583360
"SLE",2023,3364.64800335958498196,1729780.894192395503906
"SLV",2023,31.82094935052897296,19133.770856070126524
"SSD",2023,93.93980733821145231,47287.429712161514054
"SUR",2023,17993.73240184327022951,13861653.741060450989110
"TCA",2023,4.9364032844596350,873.26872295509523
"TGO",2023,2.90289780047743002,891.57543519069558
"THA",2023,4106.36469981810640573,2586512.080166241090995
"TTO",2023,107.23674122296063747,65343.852871829204125
"TWN",2023,244.81793259820875592,95800.51365338597085
"TZA",2023,3219.08795515702172359,1450574.607810716543041
"UGA",2023,2100.49546850150715456,846556.990947314914325
"USA",2023,51.94217944221252247,10826.32166247333982
"VEN",2023,27488.12333832463660943,15800932.694923023950281
"VGB",2023,1.82702265006401936,898.42296721666311
"VNM",2023,16455.98886530411580299,12179052.342879560046744
"VUT",2023,75.91406792987139860,37736.108527671221822
"Z07",2023,3932.90187356810077810,2350050.391621221053997
"ZAF",2023,200.37356298320967506,125661.328789675714303
"ZMB",2023,2675.49186897321757073,1328866.57234322872157
"ZWE",2023,40.44323961560763642,27129.72383737014892
"AGO",2024,13660.37931847338334139,7854639.247301907299225
"ARG",2024,12103.21783890708205152,4111551.611482439991285
"BDI",2024,9.6808346611505789,4777.59076512525292
"BGD",2024,467.30051033329413659,278675.692202352397746
"BHS",2024,6.8689168933593759,536.05410045724552
"BLZ",2024,21137.08480071910817200,7751480.740973026709398
"BOL",2024,1480900.53032064506259881,440624741.804472074484016
"BRA",2024,2823646.58160748825933709,1198900510.1416194267399675
"BRN",2024,383.98296823929694178,256841.479934193294935
"BTN",2024,449.50722419439901735,274382.83164771976113
"CAF",2024,11947.12812776629732083,7961523.931391889156060
"CHN",2024,2630.60599181105963300,1442488.642491343329450
"CIV",2024,7625.53345385238657938,3764514.885076146517585
"CMR",2024,95573.49515789281737224,64614858.962743483299153
"COD",2024,589811.82885927288456917,419135751.124046188026727
"COG",2024,62044.79778720825382426,36111571.992759251394313
"COL",2024,98219.37884935726781297,61785197.307768905695604
"CRI",2024,1361.19566131168237055,765048.752400773448497
"CUB",2024,1646.91073353713774774,634492.537529312423167
"CYM",2024,7.19222316349934940,3725.731388906995144
"DMA",2024,4.37939813687011735,2488.12455454257690
"DOM",2024,601.94748204248152260,243434.115357932727224
"ECU",2024,21157.17800089708683054,16010801.269368045007770
"ETH",2024,5876.69257004219905534,3682619.063561232201167
"FJI",2024,47.6371854147656106,25475.3202561692180
"GAB",2024,15464.20613356630642662,9773738.500630935277255
"GHA",2024,13905.18696921412783403,6153911.70107719281865
"GIN",2024,909.47878907014129653,476842.323420299194940
"GLP",2024,1.84809306921657982,1114.477348809663335
"GNB",2024,268.54697103747310626,107918.432738395281844
"GNQ",2024,3722.16009322901424738,2450127.238700977207478
"GTM",2024,70684.26533223384728123,30040670.922500961980615
"GUF",2024,3244.99076050173040644,2440577.524763242871991
"GUY",2024,64433.91042320884683603,28038426.437499936920303
"HND",2024,40365.28836227099616614,21975743.084102564061326
"HTI",2024,42.58106313319553110,13292.589872667843644
"IDN",2024,258811.67949590523559787,194363004.959314777805717
"IND",2024,18186.29836613025202361,10712386.732787739324610
"JAM",2024,369.19752237018445321,192398.447329052573275
"KEN",2024,1592.84136024915757582,775396.121539491104983
"KHM",2024,36885.91356291420518189,23779865.9774536710688066
"KNA",2024,1.1039044440364583,480.6916126199952
"LAO",2024,116514.89806398511865918,69069697.369956685096169
"LBR",2024,38549.69092327880114985,20124095.480510233517404
"LCA",2024,0.89703025157063814,495.10747031336294
"LKA",2024,315.33704271055742158,127621.572048323343436
"MAF",2024,3.6614287684711367,2009.8474440535232
"MDG",2024,55929.16996983929693636,30822748.294274442028110
"MDV",2024,3.51542511338243278,950.595490599655634
"MEX",2024,93089.97508654409018440,30498849.736509021279816
"MMR",2024,44555.57498847547495904,28216962.407050192808882
"MOZ",2024,406.49452478927060209,172484.826111948196931
"MTQ",2024,0.22333066379503042,95.960467544143123
"MWI",2024,60.29455009808374327,45272.410389382452661
"MYS",2024,68850.47607567430251660,51479549.868461233973033
"NGA",2024,10638.74383664277548812,4401327.127022434855831
"NIC",2024,94797.76886781673714049,52097738.210058866388956
"NPL",2024,286.62557928222238925,130482.8922887561976912
"PAN",2024,5177.94681708499229350,3146470.623814172609111
"PER",2024,189004.54790855197828033,117997135.994184175865364
"PHL",2024,6106.84723942898774077,4037344.413860853177739
"PLW",2024,2.82403349511393251,2062.80727709450604
"PNG",2024,43754.51112897421838347,36095792.944312757766153
"PRI",2024,7.52929724078233655,4332.44001959507222
"PRY",2024,40392.70297626944904091,12353866.609967079279702
"RWA",2024,20.59919881394775482,16793.161514615096366
"SEN",2024,0.1502276931640625,168.92098151060080
"SLB",2024,7953.45867071051596492,6141669.706127630839621
"SLE",2024,3826.85364807590543229,1987502.421960754084729
"SLV",2024,43.64757479601996294,25755.585576426840298
"SSD",2024,94.86779800777605509,49393.72656552959821
"SUR",2024,18712.73876506022400107,12353891.008560242440194
"SXM",2024,0.29295730382703994,151.07248230417565
"TCA",2024,4.07662817685980937,818.771741780072368
"TGO",2024,0.07639412974012587,21.29583118104648
"THA",2024,4019.91955895111506777,2538838.742945216833879
"TTO",2024,123.54162275599116310,74425.588204902334000
"TWN",2024,195.79973765017905840,115052.31430839126102
"TZA",2024,3714.78788644723354248,1577411.809867473340036
"UGA",2024,2839.69338032531273554,1002575.730951101245064
"USA",2024,393.30357228471840118,85763.548547463052805
"VEN",2024,74428.89363848679092748,33526074.634613229309206
"VGB",2024,0.21927488408745659,105.57494313974395
"VNM",2024,16924.31069625276235956,12575937.465620987980964
"VUT",2024,77.80298042399681144,37404.60241566564473
"Z07",2024,4772.14097483740006480,2863412.54739418661915
"ZAF",2024,498.85507398656886138,274969.076529243525270
"ZMB",2024,3913.59868175813872368,1874289.553537752165687
"ZWE",2024,32.27895305666666687,25167.813623222250566
