"iso","umd_tree_cover_loss__year","umd_tree_cover_loss__ha","gfw_gross_emissions_co2e_all_gases__Mg"
"AFG",2001,88.09271247269962832,27986.284115403827840
"AGO",2001,101218.50455395613805118,39294739.8011720924856366
"AIA",2001,3.87846070809678815,869.18025054106545
"ALA",2001,396.973630529133833693,76145.0684844281582882
"ALB",2001,3728.669851045810092210,1417747.08029186351454887
"AND",2001,1.6542129477061633,660.5152409276892
"ARG",2001,147801.679656721057681698,32550580.948194669504816
"ARM",2001,131.840612264474837735,41307.411600350947046
"ATG",2001,24.07418943832681671,7815.014219267019289
"AUS",2001,218813.577584283416531923,29028528.77274031583841262
"AUT",2001,6938.994706640184099552,2818397.500354192473927
"AZE",2001,553.299356121381960843,165141.1577119775972919
"BDI",2001,1417.24695708633774450,506023.088943659404917
"BEL",2001,971.488195276284792076,424997.924683074693051
"BEN",2001,3748.18907676814692623,1167876.587975117562297
"BES",2001,3.03185725290093362,319.998964273059892
"BFA",2001,58.87265978878417854,286271.440820771022239
"BGD",2001,4587.27991190893883304,2569187.13385402285797016
"BGR",2001,8202.263664499615022045,2110234.01327970426975092
"BHS",2001,432.99941970350651353,88088.79927159950121336
"BIH",2001,1496.051935720911575746,501472.198065448007114
"BLR",2001,18358.917114100801733743,5007433.8953444787684270
"BLZ",2001,8238.35983276666231038,3485151.534195058668026
"BMU",2001,0.1958197936338976,89.87626818596836
"BOL",2001,140210.22188202136366087,63768187.63504302285010326
"BRA",2001,2746284.63835414342614593,1221138975.06239009297554567
"BRB",2001,12.36746156416883728,3763.4910074376835456
"BRN",2001,1244.45382286781179002,823190.2819933956452018
"BTN",2001,297.59088423505538495,170406.055592428121458
"BWA",2001,130.98388147723631878,26251.2376786675372154
"CAF",2001,31282.51371666453338163,15031912.466047900302641
"CAN",2001,1358153.550795875860514165,418315291.28127681169758545
"CHE",2001,1164.740312393400703158,545664.252171056447068
"CHL",2001,72711.244483407178535457,21253941.7604806167919123
"CHN",2001,230308.120576525445135606,89847224.58529096394022609
"CIV",2001,122694.83622771551407703,48808595.866608161049990
"CMR",2001,39203.71676148147235518,20479543.501085047202912
"COD",2001,455531.83548280033491006,270759203.1309348921211172
"COG",2001,27030.84964334349947498,14727544.218675704449034
"COL",2001,229960.99067727579468405,118186872.332472935855966
"COM",2001,36.97369320812445817,19283.27808947535829
"CPV",2001,14.27290158865885464,0.0
"CRI",2001,15483.27237924707112776,7410096.922518370825704
"CUB",2001,18942.90877802538635099,5898424.48421065695913454
"CUW",2001,0.90278852551215289,185.463562241005011
"CYM",2001,20.68161219993164097,4468.027273214112210
"CYP",2001,78.62890207442060189,13247.7703267905898128
"CZE",2001,3451.145834548678322312,1315384.857201389722492
"DEU",2001,15286.527525617976609008,6229839.688458422600862
"DMA",2001,22.79275551081271850,13209.731700213025563
"DNK",2001,4329.295853187874376765,1063653.435146998903582
"DOM",2001,11247.53863011736035648,4371497.707637404355568
"DZA",2001,3468.200756658119119546,574332.0035140084861063
"ECU",2001,45079.70282993932637884,26015231.226167743291656
"EGY",2001,147.76494268109265739,45260.975569668976572
"ERI",2001,2.52952433260253888,1234.126101976315222
"ESP",2001,32811.053519209315260775,9700001.5203171351752489
"EST",2001,16872.515160612039307751,3754501.8502225307367335
"ETH",2001,11947.24724356116751572,5528209.439310354219796
"FIN",2001,151003.372858062379920826,28289648.4023648028769479
"FJI",2001,1097.76405439653135811,538322.267588611532795
"FRA",2001,34420.963394336205260467,13050980.34531165677045414
"GAB",2001,15082.63772959298292254,8854535.192760966316548
"GBR",2001,23247.500492252541936741,9039262.105981393687233
"GEO",2001,666.556366612170160535,252162.9407165718115934
"GGY",2001,1.9153560712934030,485.65507860292539
"GHA",2001,43675.47233939380074069,17958339.1829409498982897
"GIB",2001,0.3745712739366319,90.40245851420244
"GIN",2001,18571.44958359501692988,7425136.5843113132335697
"GLP",2001,320.70238556614373771,127433.362546444226412
"GMB",2001,3.29742186304958778,3328.595366282333503
"GNB",2001,2362.15302834531704320,787524.3439981836069459
"GNQ",2001,3585.41910016672590180,2258577.890511304127826
"GRC",2001,12616.998049754958306741,2498293.73806042715225742
"GRD",2001,32.81085886816515010,18952.097270428769061
"GTM",2001,53315.18158539141554881,23364079.70041223410072833
"GUF",2001,3033.28774855398581279,2303321.870928773056768
"GUY",2001,10039.86776092214303491,5890029.9529215314958067
"HND",2001,42379.94941974561974487,18878538.4102387348173245
"HRV",2001,3378.489603634509100279,1127779.7250253256811528
"HTI",2001,2468.75598673116998220,918633.4717694446735786
"HUN",2001,7522.577033364131753913,2598518.977007068960414
"IDN",2001,744083.99651722388385569,503083288.45620400501689257
"IMN",2001,31.95087523351562929,9301.469077697255357
"IND",2001,56791.85424597834248735,31996637.12033199296955774
"IRL",2001,9552.512807336441504592,4383909.801639023882013
"IRN",2001,332.422265982355897713,88436.162854560584825
"IRQ",2001,16.02663641701606104,4706.13787057511845275
"ISR",2001,145.96523805449433364,35112.1722489024230609
"ITA",2001,9870.964425160989127972,2689954.3307731264015127
"JAM",2001,1246.24152332716037746,648660.924671736447889
"JEY",2001,7.3926777411154514,2792.46681947165454
"JOR",2001,0.52202803109049483,128.814873142180796
"JPN",2001,23977.467445686327268198,9156851.8500401727134772
"KAZ",2001,4534.702741323653425969,1100963.5404668473646989
"KEN",2001,19027.36486058322248623,9216298.880362168338846
"KGZ",2001,589.16802347509319401,142541.365343973177616
"KHM",2001,28491.21508871435319005,15120620.61633920786276773
"KNA",2001,45.46259560028862678,20433.545925472409212
"KOR",2001,5504.162505330815605029,1413778.32705777779404320
"LAO",2001,36460.46615890682017494,20305056.3170428932537009
"LBN",2001,299.34061433848426054,79312.1502125478850582
"LBR",2001,29185.51738705364594349,14076278.839270446257093
"LBY",2001,17.15270151697373854,3182.80634091849872916
"LCA",2001,31.08046320850477317,15775.458087300800731
"LIE",2001,3.371316860805122015,1778.636892663602433
"LKA",2001,3759.66320227436441429,1577358.03016039759063845
"LSO",2001,1.1400521308257379,391.979412053240222
"LTU",2001,7961.644146706060483078,2081090.7371196586127725
"LUX",2001,68.609691967322054153,30911.6643930045472646
"LVA",2001,24907.664372988687498281,6240980.076892787844124
"MAF",2001,2.12365598472005205,669.645531349938617
"MAR",2001,1868.28860588490667143,491698.6561899380497198
"MDA",2001,146.688060726388888586,37862.701058447102015
"MDG",2001,86956.83269885367951832,46537171.221811278837782
"MDV",2001,4.74348726237535249,377.41343819230577
"MEX",2001,158266.73427295037154679,55114705.1735473698412338
"MKD",2001,2059.97944096767972304,615484.755803703646323
"MLI",2001,347.87068810634846607,171865.239265559313238
"MLT",2001,1.25191253759982637,302.599881891012646
"MMR",2001,44804.16511689681077166,25293842.59221187107625077
"MNE",2001,858.606413459140939936,339319.904461284793091
"MNG",2001,21056.671996221601310856,4749498.61894560948211688
"MOZ",2001,60941.27305098604234053,20783025.83306370107514285
"MRT",2001,31.8384353674479,8688.332079095855
"MSR",2001,7.07855530550021690,3141.90825774448236
"MTQ",2001,192.96524826149414768,95613.374836232615492
"MUS",2001,156.58138352473959858,94862.77945012260564
"MWI",2001,2492.34944536444951512,987276.395758330781429
"MYS",2001,332805.95814527529437352,134301302.81846544630368107
"MYT",2001,31.3026936667648593,16801.005893201284925
"NAM",2001,417.80611973037944200,97079.820362907990416
"NCL",2001,697.92109943515189938,269614.580565547746697
"NER",2001,0.1501956647981771,25.598531300873628
"NGA",2001,43386.41817660068160573,15242038.235681226881224
"NIC",2001,44088.63091302254542690,21190743.278175190809815
"NLD",2001,736.421623385082478462,267446.654782417458732
"NOR",2001,22445.901391821815754712,4566932.7786853572247225
"NPL",2001,1523.19475188062435972,919665.7412828465504839
"NZL",2001,50528.236804498109752841,21180797.1850814824962815
"PAK",2001,191.30222953989368576,63629.0052888185414055
"PAN",2001,18267.61205457626183756,9853245.807984672662797
"PER",2001,86007.33957555149777594,54543256.0242902544695500
"PHL",2001,35165.04252702287302969,20779324.97552436738151564
"PLW",2001,52.11206111851318928,37078.772712684413677
"PNG",2001,36004.98263294593149493,26106380.29942693096199307
"POL",2001,19066.052381695927370432,5502367.6702688947536586
"PRI",2001,1252.36223113046445187,564119.974323387700118
"PRK",2001,11944.80495731875535743,2797474.047383598135353
"PRT",2001,24404.852393009402305221,6238824.59825735457880836
"PRY",2001,150236.62182716873440477,37588477.6417806244643834
"PSE",2001,2.21930227762912339,513.9163953701625465
"REU",2001,28.61721413183485113,17148.0621652466743
"ROU",2001,17535.314027061544597912,6779037.242904651964373
"RUS",2001,1826603.242144336060139957,295423570.2265160609638149
"RWA",2001,1516.76632078318534286,606077.399213189922796
"SDN",2001,26.94295315939506977,8494.337069982612803
"SEN",2001,70.59427484556966844,40931.111358710923994
"SGP",2001,43.45389467109233340,13723.1770975350776987
"SLB",2001,2187.11682464162733132,1626321.001114804211420
"SLE",2001,18596.42529867069801086,7790305.104585707979377
"SLV",2001,9499.76529483787718120,3731614.022569380482585
"SOM",2001,339.30394592145467543,81120.2130550724867485
"SRB",2001,2379.528888874480789082,940083.841844178814732
"SSD",2001,4906.11076185367936529,1407375.5923431762546360
"STP",2001,77.22190501909934062,46576.805462668809975
"SUR",2001,3689.02359554527316543,2730338.543684743261571
"SVK",2001,3897.394704737242176127,1547799.946255943365140
"SVN",2001,612.214694559700595316,266201.66498066776247478
"SWE",2001,144927.304233660038227099,27716825.6541972568679766
"SWZ",2001,6734.92290076691546671,3776114.832638122273723
"SXM",2001,1.31828367657335088,1173.05044216300139
"SYC",2001,0.37957476803710942,120.380840764634289
"SYR",2001,267.42419135212885569,66265.8461217572355036
"TCA",2001,7.72720304957899687,1550.25301233401606
"TCD",2001,883.62647992843114074,389103.9849740567168799
"TGO",2001,2763.32843545779310299,779189.9417734773396905
"THA",2001,36092.89513093551751131,19745119.61942392471421816
"TJK",2001,61.537727846608083726,16209.1027030666013373
"TKM",2001,46.21279328986979122,12298.63715605468872
"TLS",2001,677.50223115826125091,418099.193690564028850
"TTO",2001,1829.09603509259099984,897385.508625812425423
"TUN",2001,230.732618810976608043,61722.3568442988138811
"TUR",2001,22909.880246044446015430,5362694.26964560355187516
"TWN",2001,1159.06811633786253365,611013.3710530911755115
"TZA",2001,82214.12863071355891981,30464022.2802624053875405
"UGA",2001,29658.71674342615710705,11882690.752684727630450
"UKR",2001,28826.431367752456977803,8966090.9176713784177470
"UMI",2001,2.1197106802083333,0.0
"URY",2001,7661.66095620078798652,1778380.160932284611240
"USA",2001,1943318.242688976438075172,623378603.00914056995555346
"UZB",2001,294.82090200636946628,73715.1206899215354576
"VCT",2001,6.89654577944444722,3556.696917305220165
"VEN",2001,123901.09048600926292181,49775583.7582270870132983
"VGB",2001,4.09250116765733510,1763.063805519427816
"VIR",2001,122.51337074738809360,48247.225788433124675
"VNM",2001,47456.83041272665665940,24262725.83352728613980020
"VUT",2001,124.33329790796278392,69640.82840579108842
"XAD",2001,3.29797852437934019,798.0289595778457714
"XKO",2001,1122.033397676569002791,450482.039848593860355
"Z01",2001,98.92095867461481738,40006.911583358414035
"Z06",2001,26.46816554567816953,9842.38121167582903
"Z07",2001,5470.18832295266328863,3198944.6938585913739026
"ZAF",2001,77644.69022530352930888,37409393.945983113531467
"ZMB",2001,30104.09587743749548975,12543711.761285586440832
"ZNC",2001,35.32316643330293453,9888.181401071905546
"ZWE",2001,8190.98114681152506514,3140515.367541401288436
"ABW",2002,0.5261077315597873,289.58137298812244
"AFG",2002,178.94785522345274488,41761.70453904989140075
"AGO",2002,61008.43202940044711186,21107942.661188930581157
"AIA",2002,0.14632965079969618,38.50093741491637
"ALA",2002,277.81987705597884259,55690.217573487481509
"ALB",2002,889.155544474874532105,348555.3370870013178546
"AND",2002,1.255022223528645821,539.009665376782425
"ARG",2002,104934.517608034214047124,25247896.36424438858552459
"ARM",2002,172.538591177832040055,53414.34047882192677555
"ATG",2002,17.65604165254339785,5695.984732153641297
"AUS",2002,312150.308209942482746365,37627251.6729181950084101
"AUT",2002,10905.984165587882218277,4520374.146754251215630
"AZE",2002,1154.205942866086964386,319690.7072716288919398
"BDI",2002,986.78251762835864869,326416.523248110051818
"BEL",2002,2348.391106110180058826,1096449.562521924226318
"BEN",2002,3478.73762300486360422,988659.099442446277938
"BES",2002,2.10645745747395878,569.196390102069774
"BFA",2002,4.3029108998296439,164808.8691528470760731
"BGD",2002,3995.35891988404449549,2132370.231879191719787
"BGR",2002,4638.738812430287380981,1287763.230552549155686
"BHS",2002,700.97613652112786932,180149.9881807020710624
"BIH",2002,692.658855824298954636,273221.868314181715114
"BLR",2002,25383.559976185193858382,6925244.3697736681241563
"BLZ",2002,13473.06174578323993336,6139217.6472196147438603
"BMU",2002,0.71795940192491326,317.6994900656840
"BOL",2002,178693.57610422606507239,79813514.491273949996310
"BRA",2002,3506873.01602254832968023,1655445015.7076586643505961
"BRB",2002,11.39198156073676272,3586.531478076591670
"BRN",2002,1088.69224568185923176,731590.946918046759413
"BTN",2002,224.00317761510744778,128275.4798039397434104
"BWA",2002,22.78899862536132704,4061.837705998691643
"CAF",2002,34417.79778298497775696,16459478.724262302107262
"CAN",2002,2316886.552452154255295302,834397892.1076396995155457
"CHE",2002,881.409213747272185006,414509.0195599146645781
"CHL",2002,78143.276352377086473457,22495431.71351400822395625
"CHN",2002,249183.967735221201810068,98390342.88594998441447287
"CIV",2002,144564.92480059472365973,57949885.538244414894283
"CMR",2002,28767.18069134824692629,15552292.862556428774501
"COD",2002,514458.73672240186005957,296456005.3908694874666754
"COG",2002,24310.21906858241527218,13232097.858924005077064
"COL",2002,182233.12796928236546663,100232400.7182848670218089
"COM",2002,41.20393423427083079,24272.186154054505370
"CPV",2002,45.668006194641912,0.0
"CRI",2002,13300.29901258790241423,6535539.544200449262628
"CUB",2002,15035.91933749416181598,3522629.7156565014795297
"CUW",2002,1.27928368844021266,307.847762376911479
"CYM",2002,5.59824441707465304,1750.687279107153482
"CYP",2002,31.74324402105903048,7182.09856438515471746
"CZE",2002,6763.280570311162713935,2740435.3969020224313658
"DEU",2002,15304.486541208713080826,6543290.5259163138180004
"DMA",2002,11.87470803990722772,6907.82609409736867
"DNK",2002,1204.489939025275600014,296510.725123220590191
"DOM",2002,10435.61614517618534381,4068891.878033777752120
"DZA",2002,3009.335846230208203697,629839.1203706060953599
"ECU",2002,29846.27808535987106467,18484796.5120610002782315
"EGY",2002,48.81325058289387867,17028.69207197378084
"ERI",2002,0.0,309.46234938578698
"ESP",2002,37699.261422545332834184,10974289.7806144836955902
"EST",2002,21918.388767461726960505,4976671.4774068191827133
"ETH",2002,13074.08740897558038236,5711907.328051555710027
"FIN",2002,142432.364573577244090420,26908496.11156059013698792
"FJI",2002,703.20993914144303669,348521.966064334372484
"FRA",2002,33888.397171838398790900,13058178.6145496170656285
"GAB",2002,13851.76974131585787157,8180157.350992793037878
"GBR",2002,20106.364761562393506928,7674572.429145751089328
"GEO",2002,536.442198025097758220,194973.9034494307747139
"GGY",2002,0.10069523498697917,17.6937734740693
"GHA",2002,78392.85893232759644295,34166961.8591953172504394
"GIB",2002,0.24965882069444445,35.57297478297912
"GIN",2002,28933.47428987146528259,11900406.4729513501311813
"GLP",2002,50.88541895781249587,20664.498933797417502
"GMB",2002,40.15764073967285417,22672.566459946694153
"GNB",2002,6073.87273100878129749,1999616.5123926721610918
"GNQ",2002,2986.26437412695688431,1936027.223921602271646
"GRC",2002,5126.524653618284899410,1186428.46034154608182772
"GRD",2002,65.83774686305175085,35799.254469442540155
"GTM",2002,55609.14508814618707389,25050199.9080536012148385
"GUF",2002,2496.70374892999922646,1922754.492727122033084
"GUY",2002,4827.31866890628584270,3116591.435662086755820
"HND",2002,31527.79006872279372738,14262858.352428797335307
"HRV",2002,2340.17949217620183210,810099.4702756673459240
"HTI",2002,2120.38050483965773715,758740.147296255216754
"HUN",2002,7708.347570971363611307,2695029.902552575106166
"IDN",2002,855270.48866870943582625,641643049.47864916496462255
"IMN",2002,27.32971959845052238,8219.481059145093519
"IND",2002,47839.02297704833874059,26186229.74373240051466097
"IRL",2002,5299.586329348008692838,2277609.864665171398922
"IRN",2002,557.752371047716018474,144886.0431958372540806
"IRQ",2002,10.62006031496093701,2432.28353749950826643
"ISR",2002,111.73067850196834631,28272.7223937069360137
"ITA",2002,10931.653390504445761856,3058980.4837397027188975
"JAM",2002,1647.57063707971431146,807255.052469824482145
"JEY",2002,1.6207477879774307,520.70033415738811
"JOR",2002,0.19610755832899306,54.127859486725556
"JPN",2002,26153.796198472196874973,10214888.8744293980777642
"KAZ",2002,2952.306623724253147555,734822.80039803590333764
"KEN",2002,20286.98773877978193762,10292968.7735047573555568
"KGZ",2002,305.457479793374495980,69522.22864967032474006
"KHM",2002,54915.92919633281024165,28672967.9477216030341209
"KNA",2002,19.79075057674370816,8087.777795102974645
"KOR",2002,4705.385305904739756840,1225318.3931393794827768
"LAO",2002,55886.58141542906602034,30513395.0572234407933242
"LBN",2002,81.20045903564672242,22144.1323401249339375
"LBR",2002,56984.57687261653466853,28488382.458618875995370
"LBY",2002,40.24566353440212172,6142.59082199428426110
"LCA",2002,10.91096809322157128,5553.741571994341895
"LKA",2002,3427.60385658978123654,1385553.287878468383029
"LSO",2002,2.68713956362955737,939.202994855172356
"LTU",2002,10344.883385071850762140,2729952.0689838688032257
"LUX",2002,90.506884505473098474,44685.553777439953448
"LVA",2002,29175.905733575501859525,7466876.0451673585782463
"MAF",2002,5.41884667416449794,2007.5047991346079
"MAR",2002,3923.51782711421167232,1064484.72185368323935315
"MDA",2002,229.744326661258681135,63672.778961199348105
"MDG",2002,89317.51426964305085795,46864156.830371678413230
"MDV",2002,4.58815494648383326,134.78887649720096
"MEX",2002,158811.85199266044538349,55464462.9118251141757815
"MKD",2002,890.356809806173805505,284240.3391622429133725
"MLI",2002,175.29044283416840566,70820.080258448833989
"MLT",2002,1.75296139854383685,410.79299614239430
"MMR",2002,66119.46105026889910917,36739982.1710161588137467
"MNE",2002,179.620771214984835363,79530.942025343980366
"MNG",2002,18727.920245902962668475,4845315.8005442451669944
"MOZ",2002,106663.26138290501438815,35123396.867608767103551
"MSR",2002,1.62272987035156263,849.470720058180438
"MTQ",2002,48.86224870985731134,24791.879787630771254
"MUS",2002,154.42996053033420128,89880.468977236537333
"MWI",2002,4196.64625658478880575,1732577.664623017111013
"MYS",2002,312841.13962771180320364,146138913.6824600106088277
"MYT",2002,20.86919036274685501,11619.157753786042536
"NAM",2002,109.54892024017691712,24973.633950606590278
"NCL",2002,626.86805878957351689,226235.594702055016373
"NER",2002,0.67641644358452689,124.759058974534750
"NGA",2002,32346.71006395439216024,12102876.467595475915549
"NIC",2002,54178.24920372011827217,28277306.6239754197443495
"NLD",2002,824.630183518849813876,291102.326093115757344
"NOR",2002,26635.753194630520272495,5665781.77733623579898364
"NPL",2002,2128.64330964951929328,1256764.4263123793798653
"NZL",2002,63227.683281545983432719,28229304.567122525373463
"PAK",2002,311.29604853362313405,110694.90181154876299
"PAN",2002,19206.52740210876443242,9983546.663960635607954
"PER",2002,80455.86554671101614657,50637736.410762424893193
"PHL",2002,32308.66643307565149792,19356997.39677448185153103
"PLW",2002,75.22447915896023596,56582.895277685888464
"PNG",2002,54575.27412834333013367,39429436.8183423399059546
"POL",2002,31070.238984884319839381,9282885.3370587975033988
"PRI",2002,1168.09577750732031266,524672.6887678064607882
"PRK",2002,5358.283502488591058270,1428956.717798377050696
"PRT",2002,34902.988574368431437088,8790764.45035747064775679
"PRY",2002,195118.50116784388074455,51483654.4410991325930974
"PSE",2002,1.83028711454861133,419.350477352890225
"REU",2002,502.66837523481314982,252415.76424536601005
"ROU",2002,16356.498683667527597119,6646007.705264531164010
"RUS",2002,2700383.934458841540118454,364215605.4977398997211043
"RWA",2002,941.49241296595854169,327541.918240516714542
"SDN",2002,76.10035581732965367,20037.558221399336044
"SEN",2002,164.43055442048608588,99579.2410677155767437
"SGP",2002,123.51699899680192780,47079.416535399120526
"SLB",2002,3866.18279265136117157,2884712.8347936078648401
"SLE",2002,15310.24197184748766192,5945865.857876182613160
"SLV",2002,4666.43491231070613439,1893670.160196897535453
"SMR",2002,0.11147912894097223,20.8286630414556
"SOM",2002,250.89133041983285483,54351.718955938752092
"SPM",2002,0.21171312576822915,6.430989987950834
"SRB",2002,1134.989088455742080395,446749.958365790328411
"SSD",2002,8148.60304152568320561,2101540.736495560794056
"SUR",2002,3717.47756239416831250,2721664.7927797203442135
"SVK",2002,4014.550029749098214003,1741096.0938395672442935
"SVN",2002,725.264124621920642735,321304.6479109074458074
"SWE",2002,178264.039767779706339927,34541088.4759515663853157
"SWZ",2002,3800.49042070104355318,2297555.905710174073823
"SXM",2002,0.43942772264865454,124.957944619951218
"SYC",2002,0.22777533419704865,63.897342458493256
"SYR",2002,147.99919407007158327,40970.7821052780624178
"TCA",2002,4.65202651746853231,1004.85576645047013
"TCD",2002,1958.32356351673594653,616770.674643732067893
"TGO",2002,2018.33853598860366425,563613.010926811821366
"THA",2002,60879.86595077565261278,33420706.3030450804128258
"TJK",2002,36.331629110212674115,10700.7990013010674486
"TKM",2002,105.17874006195096696,29451.629952245956366
"TLS",2002,1604.59889774524424089,954463.945925440841850
"TTO",2002,726.07700934265736091,344231.867311409060404
"TUN",2002,243.933648230442757401,61800.7472157056056162
"TUR",2002,25722.221416793744589249,6036879.5923228711625855
"TWN",2002,1004.57402174450845522,521308.6070156294017171
"TZA",2002,85080.21703020477138987,29459830.333625228986439
"UGA",2002,10840.46637427210266984,3794305.082694180887546
"UKR",2002,27076.875430991315338124,8163698.2716141940810216
"UMI",2002,6.50553305832682293,0.0
"URY",2002,6897.83794748084831797,1757827.445521650838733
"USA",2002,2038414.532883460210633048,660779232.728349322747145094
"UZB",2002,265.23171881202260731,64419.9332716363999638
"VCT",2002,7.94599894893229105,4143.764621041525653
"VEN",2002,90339.96308585826660504,35252247.299809977217599
"VGB",2002,2.99644155633463486,1347.143723210007738
"VIR",2002,20.90283313310437779,9162.63445540610192
"VNM",2002,49624.49224125941996439,25405281.9240555421491374
"VUT",2002,108.23964961372885823,59324.51543824694622
"XAD",2002,1.0144044534505210,287.2368380456333
"XKO",2002,214.734835993619831572,86347.317258145629751
"Z01",2002,400.41461654274201141,215995.342284460473441
"Z06",2002,13.71570388173611223,4710.29386775857524
"Z07",2002,4766.11992430262352485,2786808.7350769275103603
"ZAF",2002,47680.20955906109842215,23601960.639715905475473
"ZMB",2002,46274.91325214805822869,17176947.658444936180141
"ZNC",2002,6.68169483337673520,1388.7932798592931954
"ZWE",2002,8009.99124837558074828,2877888.942423962772380
"ABW",2003,0.977057600014106,550.2054979913818
"AFG",2003,244.33625517679343353,47254.822396632586648
"AGO",2003,52464.03279596434917075,17242315.581892479532393
"AIA",2003,1.0977450849913195,234.4485624922189
"ALA",2003,220.736265023717533765,44746.1438159701084915
"ALB",2003,613.533964996035315854,189360.763460332483009
"AND",2003,0.34206364212673617,130.04147189891907
"ARG",2003,249106.757404841856959226,48731735.6761864483363625
"ARM",2003,395.816694918294015422,131525.77434397447841237
"ATG",2003,17.07802261139322777,5763.016389094038775
"AUS",2003,373847.155878138449528924,60829376.10619300517559635
"AUT",2003,14484.862447633137824969,5832967.9210667302784038
"AZE",2003,1039.283001195279453777,335073.214284978440481
"BDI",2003,1325.18331831434483533,519835.621997736488138
"BEL",2003,1889.777512645866032525,907258.9977008798176204
"BEN",2003,3474.55807784114565835,1011878.885956487174937
"BES",2003,16.15018967327257109,0.0
"BFA",2003,2.03824348379611579,798.016029769341543
"BGD",2003,2159.45715834259609622,1150525.8684650250388205
"BGR",2003,5198.71555774934014883,1710601.8307976960940209
"BHS",2003,274.23087625082053182,62377.8208161096009635
"BIH",2003,307.811411682658465675,119165.15053762541327716
"BLR",2003,32119.521780487729648588,9224718.9299193514621466
"BLZ",2003,6839.42423714693757650,3094309.2622301040428485
"BMU",2003,0.13057024276475696,59.05343822592853
"BOL",2003,163718.22798822601727768,78909531.2129766877926962
"BRA",2003,3248392.07290686220797487,1514612805.1329027291031531
"BRB",2003,2.9978493868402782,977.033700859637181
"BRN",2003,799.10006522067293901,533835.185360081010919
"BTN",2003,543.60076728639208249,283424.783427235175951
"BWA",2003,8.57255134383897599,1660.020542565225556
"CAF",2003,13726.56116013147078985,7199635.934712655390629
"CAN",2003,1607282.618729836074187158,553484852.28348316060298823
"CHE",2003,432.012422003569968747,200081.3426239509262343
"CHL",2003,82878.562366516088936483,26191275.2206927824756753
"CHN",2003,261775.609701791874139315,92314973.7348432703825977
"CIV",2003,86300.20885333210744310,34603539.643795985498457
"CMR",2003,25344.84635711857918821,14124184.066644888051311
"COD",2003,274611.87055822572109317,150938034.954240952532774
"COG",2003,18514.38118638194054444,10171922.857169059905582
"COL",2003,122398.57094798494803437,62115101.1904018251053540
"COM",2003,26.65331394628418188,13730.00367140217301
"CPV",2003,17.850444828650168,0.0
"CRI",2003,8278.50174230359285501,4367014.195840420298541
"CUB",2003,6556.68391545646862342,2226439.0388127010439132
"CUW",2003,0.8279577079031033,206.1534381177374
"CYM",2003,6.32479760370334390,1767.90594123083473
"CYP",2003,25.22916781330078576,5642.6083291243460533
"CZE",2003,3925.485528841813424985,1659787.663211883065612
"DEU",2003,6448.046300521502431867,2968205.6664255013957854
"DMA",2003,27.23870243605957246,15632.68252161843409
"DNK",2003,1579.713260272255044918,393808.2584790211406902
"DOM",2003,10714.07471680149450258,4494116.477442602516763
"DZA",2003,3829.638557244037725330,868394.3360531164073012
"ECU",2003,13867.49781278511123547,8501627.890234475196779
"EGY",2003,61.0118780440223618,25893.63308920648066
"ESP",2003,23315.393730807600305308,7039084.7872428111689974
"EST",2003,5632.684331845861645887,1373959.1670620470303835
"ETH",2003,13936.04122350380690126,6788235.849421580416051
"FIN",2003,89696.581783157101335655,16657817.0156431913473066
"FJI",2003,1572.23590400383030456,775982.815838343444259
"FRA",2003,26393.389438086318435471,10035276.7297909624132732
"GAB",2003,16845.22030958790806210,10234292.655843667135024
"GBR",2003,1866.568606261593148123,626852.411625098123840
"GEO",2003,292.002685029047278287,111699.8760744814585059
"GHA",2003,24944.42875089593399479,10519846.232773243346300
"GIN",2003,9229.45800857301537644,3835589.534964155076587
"GLP",2003,76.87749933859485298,32285.973040606532423
"GMB",2003,10.56543664551432351,3508.056999061328273
"GNB",2003,1021.87736427069932827,351409.581390128234153
"GNQ",2003,1961.34131360041540331,1234466.148834724487314
"GRC",2003,2562.476905143277250891,621025.74871271544494445
"GRD",2003,71.34625369097059052,39469.150816041047487
"GTM",2003,98213.26744779352623453,39149287.1580726366686483
"GUF",2003,1889.08160142950085869,1411290.926124658064058
"GUY",2003,7418.60685877315468082,3976801.193148316735450
"HND",2003,33625.29614891886459050,15148485.3257158189475778
"HRV",2003,1738.926458785017204348,628512.7583260829305426
"HTI",2003,1070.16207484906356312,413102.877380937990649
"HUN",2003,5726.446565435649833082,2064059.282952311156309
"IDN",2003,544811.90713992485195671,437532304.5234815347033569
"IMN",2003,3.63459606608507008,1045.34987680292759
"IND",2003,43831.02180092080924007,24228964.2422711333791280
"IRL",2003,2271.277651344684970091,986531.777745815217663
"IRN",2003,326.675020603674588870,83158.412763921010179
"IRQ",2003,19.61672494825738165,9283.89242410879566284
"ISR",2003,30.17165819324760772,7527.820474501718978
"ITA",2003,3613.145740222023105576,948650.3989079043703326
"JAM",2003,1029.27403435287892561,486921.4075312059665085
"JOR",2003,0.06525960308485244,6.175404035145484
"JPN",2003,19747.240016531705648757,7823758.4854858711879866
"KAZ",2003,3351.858900717899229615,658062.4514207619390385
"KEN",2003,13553.19540551761551573,6385930.0718416083163695
"KGZ",2003,110.789560377517360966,20599.75583900850189498
"KHM",2003,56854.59217973513383643,29032872.0038971144069610
"KNA",2003,32.14738441949110522,14361.415865088601431
"KOR",2003,3611.882783682034769020,1025768.5615513547555791
"LAO",2003,87073.09140650645334592,47425153.8861157616174352
"LBN",2003,83.57542339330729675,19435.12699571629727
"LBR",2003,21604.88991745193178994,10892110.211377313477852
"LBY",2003,25.26571736984050066,5105.8800833945043369
"LCA",2003,19.42668620268934489,9777.294738433185497
"LKA",2003,3149.41842534644134468,1311805.138005918807546
"LSO",2003,2.48469258370768231,778.991272775493420
"LTU",2003,8916.009263466787504412,2419033.972106141659661
"LUX",2003,103.419970744958771726,49693.3966878873803405
"LVA",2003,21321.415898292564646531,5732123.609006767482990
"MAF",2003,3.29543647141059111,1296.844087586711796
"MAR",2003,2042.52645978526042855,540334.6914108161940655
"MDA",2003,100.599346259225255012,27696.587735017889368
"MDG",2003,84248.03231413759558509,41714418.6783164280648247
"MDV",2003,2.14270827407497842,33.09228795597424
"MEX",2003,152535.49233469770443511,52378026.4595357434593680
"MKD",2003,895.228094261315198199,307134.957681543654240
"MLI",2003,34.24351147250977304,12814.226403375183531
"MMR",2003,77224.38730506042196348,43268855.8923918166818242
"MNE",2003,203.685967919225363218,58832.682778406576937
"MNG",2003,38433.934333561603248800,13028934.0377071066125545
"MOZ",2003,79651.49307486113404112,27089396.813879124053705
"MRT",2003,1.2562662985698785,193.68510588928478
"MSR",2003,2.28605831336805569,1118.77685486000223
"MTQ",2003,288.54406587053709922,150494.292741598210412
"MUS",2003,119.63026211289933648,62422.671823401175124
"MWI",2003,7094.36954069344383259,2876273.425505726481022
"MYS",2003,184057.69093511451464171,109331191.5916555636275718
"MYT",2003,30.92584943197753902,16462.86284699599054
"NAM",2003,210.88764829074877734,56635.03075884731891114
"NCL",2003,883.91586075743423638,312408.435470471174677
"NER",2003,0.22459616474609376,34.607468750106525
"NGA",2003,13380.62898904750336773,4759868.455915475940424
"NIC",2003,46944.04762357058137452,23538950.5724754399638412
"NLD",2003,309.854263387107197020,118147.2330990696635557
"NOR",2003,14817.391839596245940383,3184631.4709872071039063
"NPL",2003,2291.93747575791149332,1354552.0050559537519123
"NZL",2003,44798.824848380895682161,20380843.0816162640905922
"PAK",2003,591.44081138983309652,231356.1954899566688373
"PAN",2003,11285.49143147986257540,5987327.892136858511977
"PER",2003,73869.26967972162578287,46911083.2238772529229555
"PHL",2003,35153.83452572595466707,20974624.0321788333415575
"PLW",2003,17.62527664777560730,12505.422532282908578
"PNG",2003,31805.23199050501284436,24083348.8644259540649366
"POL",2003,33292.804228916218707656,9846337.01164549816175336
"PRI",2003,1194.08945417794029923,573012.49506535445447
"PRK",2003,7348.26756266393607329,2074776.3365936831963520
"PRT",2003,26840.157598314489981869,6131924.2923216937938994
"PRY",2003,267306.42971636127446042,72701789.612578842830855
"PSE",2003,1.4387635331901039,332.23487052063535
"REU",2003,142.6275970750792429,70633.32760631384817
"ROU",2003,9427.54633803431372578,3769051.4774070429579379
"RUS",2003,3030069.229928873574231754,388617247.2570140068841766
"RWA",2003,1060.92756756182620376,436048.370656885363520
"SDN",2003,18.66824163755696538,6086.0198860817215298
"SEN",2003,37.78890444953396450,14658.1085797755084525
"SGP",2003,18.84275867847141510,6546.686186155712205
"SLB",2003,2374.67860621589960504,1732692.356420568251602
"SLE",2003,9098.94683084000695590,3842978.804975691286715
"SLV",2003,5983.62575967476335313,2393912.933640929155124
"SMR",2003,0.05577909176432293,15.135583694257585
"SOM",2003,105.37201533406648098,25717.838531807429640
"SRB",2003,864.886500829320818946,360254.4146143420106794
"SSD",2003,2063.17828631615656875,612856.731805024017633
"SUR",2003,4545.75069299348168468,3033442.972221513797242
"SVK",2003,3750.103925607554488152,1579601.5792484805929872
"SVN",2003,527.551355245128186734,221897.498560407921240
"SWE",2003,92619.377352179118067725,18866938.6853787999601769
"SWZ",2003,5760.28528153999959929,3434010.058183574266543
"SXM",2003,2.12410459013780425,551.109981524752142
"SYR",2003,114.80634171494897991,30095.745402223595528
"TCA",2003,10.37610118301106771,1951.231255210350581
"TCD",2003,193.54137608940615664,58228.844947303833707
"TGO",2003,2048.25645519347050585,632793.515340513582229
"THA",2003,58435.71847370450241147,31889082.5686841126313546
"TJK",2003,31.86869306458550321,9038.250489216784230
"TKM",2003,84.86276665246521518,17005.529223867258323
"TLS",2003,690.81556603583185707,427487.4273398416864423
"TTO",2003,726.43680910496026153,353215.298639059304330
"TUN",2003,1539.643407149521862095,417780.2528496821420436
"TUR",2003,17743.880097976015891130,4257554.631589292316234
"TWN",2003,1125.20616817923520556,593862.589215064221773
"TZA",2003,84066.91856921519839072,28046074.256427592574368
"UGA",2003,11980.24955050090740141,5173777.760186276821074
"UKR",2003,38954.577445724875095020,11908096.8634346244094442
"URY",2003,10612.64045281499707885,2959413.082052936597199
"USA",2003,1649364.209734935731490599,546456658.18943437758965217
"UZB",2003,52.79889595320313097,14250.99330409937752474
"VCT",2003,9.66858791794325119,4989.23171060376883
"VEN",2003,87218.15206900912735211,36137290.7652203231289475
"VGB",2003,1.82742183970703116,693.863736736808327
"VIR",2003,39.95442693873915599,16314.01127077375827
"VNM",2003,43005.45381515729754837,22451034.4291902782226663
"VUT",2003,529.26296175094475173,275476.757036442522351
"XKO",2003,261.324177210844213946,106203.5480122336043326
"Z01",2003,162.07714866078446916,70086.051052558726959
"Z06",2003,50.25695362065105714,17015.57242451187026
"Z07",2003,3757.46834200649775828,2154252.4252024917384511
"ZAF",2003,92572.82073032799529954,50154707.014227635711837
"ZMB",2003,42088.07907987453831593,16446539.947611351756938
"ZNC",2003,4.9169481110460069,1000.4009364524423625
"ZWE",2003,7313.45651539910304347,3027549.410570080866135
"AFG",2004,201.32240441854404199,34770.495768665182614
"AGO",2004,71271.36851484039284984,22129961.613415941186266
"AIA",2004,8.8539959050716161,2104.18216301801202
"ALA",2004,735.849796017156909114,154959.106085951209461
"ALB",2004,3235.536668238700324774,1406600.3858587623953981
"AND",2004,22.589374486534292384,8553.119196720085133
"ARG",2004,433424.569688663232607018,86305030.05665848608884992
"ARM",2004,83.204743948118466445,25861.3453891178411767
"ATG",2004,25.46325974643989784,8968.832101106538528
"AUS",2004,124768.685050783394293047,37490361.52562247932627845
"AUT",2004,14611.620225543009963385,6372934.551629875123216
"AZE",2004,584.955793002261259944,158080.172492414156463
"BDI",2004,613.87883329125804448,212641.239214319282817
"BEL",2004,4793.291359390773351241,2301052.454442777037187
"BEN",2004,683.53154966034259792,184570.071739136896641
"BES",2004,0.29739555234049480,99.336774264545561
"BFA",2004,8.60509096366915976,35839.194213003691072
"BGD",2004,4282.46781558067941852,2221649.2689148243046205
"BGR",2004,8170.409849341970838221,2759951.253635444557442
"BHS",2004,588.09937146377008097,130870.244310634337044
"BIH",2004,4121.820011069990095962,1661656.8793257261858896
"BLM",2004,0.14659799170247395,34.21884794952102
"BLR",2004,38596.876745077680805397,11515343.7427105217932382
"BLZ",2004,4339.21360150759736015,1915829.577438405444017
"BMU",2004,0.6527592358713107,268.66638987467417
"BOL",2004,203307.18494229770525961,88552887.604853697113388
"BRA",2004,3848491.81038399331405246,1915734936.2593630963050739
"BRB",2004,8.31953771088650139,3079.367007757874962
"BRN",2004,1197.05952202992773969,800675.881205309106588
"BTN",2004,1013.24650194164057216,610045.141257085333426
"BWA",2004,50.65776500739365969,9592.948632503556492
"CAF",2004,14588.82070519406657035,7618590.680175745421362
"CAN",2004,2706458.956937922574144607,905185098.54480153524842836
"CHE",2004,3826.131476450598993971,1751803.480153253763596
"CHL",2004,85726.959941793384921178,28236323.3521093903792353
"CHN",2004,501582.076121421956989105,191230572.85460242251241801
"CIV",2004,48053.39455194923232803,19249552.065351346703549
"CMR",2004,23003.22134741862436108,12466302.894462732098950
"COD",2004,400044.66960143478723509,231913745.810017048735114
"COG",2004,13832.85005990511531074,7108825.136851034311892
"COL",2004,253864.88345438178490911,136428420.2456038689880871
"COM",2004,40.38383804611110701,22959.40416843002724
"CPV",2004,1.190263180887587,0.0
"CRI",2004,9766.34809088634132037,4670066.661256668054843
"CUB",2004,21973.72747325724545978,6626803.5434820042461592
"CUW",2004,0.60184054842936204,136.044330983552852
"CYM",2004,47.10307623731118458,18899.842211424121682
"CYP",2004,87.55564101154948188,21599.0932614096444003
"CZE",2004,13459.839220707866654212,5599341.815242436530058
"DEU",2004,44939.478862777674396237,20493369.7895767439639865
"DMA",2004,79.35513134401911386,43501.483041408508115
"DNK",2004,2413.856171689826298745,639285.3561127952470342
"DOM",2004,19387.79504104770742991,8204659.5027859020090995
"DZA",2004,4373.724271650888773170,959382.2290630141544101
"ECU",2004,37283.94024536110498363,21042181.934336230788474
"EGY",2004,101.4492395264865480,26579.98743659913820
"ESP",2004,67273.049655810208955914,19458306.7582784672992193
"EST",2004,18106.142196089525084670,4295638.0540754433340994
"ETH",2004,13396.26215763041887199,6182916.928862157735843
"FIN",2004,146602.418750860666540281,28795396.7148179203145439
"FJI",2004,2079.96043643985230994,1059008.302416845687977
"FRA",2004,76134.344561797678813198,30933768.2613683634617922
"GAB",2004,9981.65561437633111951,5917404.137543042802464
"GBR",2004,24840.373316301762868484,9743023.6068636237647633
"GEO",2004,1967.005608581503007801,814022.9291194782885162
"GGY",2004,0.20152369750434030,49.909793844706264
"GHA",2004,17628.11192587149744971,7961584.886822024599117
"GIN",2004,17158.32610136446100568,6479735.272221583200749
"GLP",2004,191.17001250953016695,82295.379495019315952
"GMB",2004,63.08472250284561108,19003.290997225273263
"GNB",2004,3539.17763132335452006,1216357.580658700610764
"GNQ",2004,421.43077213091164688,245673.579540703296485
"GRC",2004,6814.343413586746484478,1844602.9787313313938012
"GRD",2004,631.01757415380112432,381583.765942000608874
"GTM",2004,56439.82243683085511214,25374988.5810617493576693
"GUF",2004,4805.02546736713871552,3612114.1863192243470543
"GUY",2004,4062.36700951541578955,2536613.035099048506357
"HND",2004,26456.33081459040442881,12240514.252756022008710
"HRV",2004,6727.072080135186750495,2416002.2272077852122518
"HTI",2004,2382.72800984643647978,908723.5438396612884565
"HUN",2004,12002.265872415201633140,4409644.3556965049429071
"IDN",2004,1289034.68261267122140175,996525679.8641953164246359
"IMN",2004,17.15783364062066422,5537.616983460023213
"IND",2004,66411.42945507391488601,36019969.50677592100510185
"IRL",2004,6870.354383431947559656,3103173.7235268760962039
"IRN",2004,276.002825830138828294,66845.407161703674033
"IRQ",2004,4.42148586324001824,1176.2410385480252467
"ISR",2004,67.69178197021702877,16018.6353862310897662
"ITA",2004,17222.311801251205472624,4788123.5782761862204415
"JAM",2004,3901.15252471132917835,1992113.836683526203131
"JEY",2004,2.32897350947916660,875.86312377334942
"JOR",2004,2.28514883858289906,352.034679554685493
"JPN",2004,37312.093034372073171838,15140467.5746446934888704
"KAZ",2004,5513.101850281938487750,1123681.9488176928960969
"KEN",2004,16988.09753064433674709,7787172.346802406914043
"KGZ",2004,192.268986024403205415,45306.69008368631700517
"KHM",2004,79294.66674479292456147,42719329.5064869806132517
"KNA",2004,25.07633940264214853,11139.451981249062932
"KOR",2004,11407.604214698583729958,3212740.4187784009757782
"LAO",2004,64239.68412912300991328,35261272.9628785435019913
"LBN",2004,109.27987655292317052,27058.006698918298730
"LBR",2004,6233.55971935357029832,3171020.448016029441374
"LBY",2004,10.26316375643554892,1901.01169137934213
"LCA",2004,40.20301619328559465,19721.501862719667642
"LIE",2004,9.378241668927954676,5169.009287123215024
"LKA",2004,5599.44768419248336028,2078950.1513785428188225
"LSO",2004,4.37754876348741390,1348.413362587121570
"LTU",2004,13100.967028296588808577,3646271.4793610011095010
"LUX",2004,311.491342377159264575,152788.5487015550782717
"LVA",2004,30638.989111358662175574,8147511.854163071308043
"MAF",2004,1.61106971834743928,641.05778724414916
"MAR",2004,1440.57772089746957578,326687.3911227074558332
"MDA",2004,263.98408709682941683,72057.3570235523324304
"MDG",2004,81845.32605959779646671,43262160.919472678683990
"MDV",2004,2.37201047339450412,217.910283294486385
"MEX",2004,169830.49454763816532115,59901694.43427071425606777
"MKD",2004,2200.741584506901698870,825248.289899072709579
"MLI",2004,153.31263434446449268,60041.1399628717880833
"MLT",2004,2.5040502789865453,653.97907349842447
"MMR",2004,102186.12143876609674420,57156275.5145420743150703
"MNE",2004,915.328613744053659359,386320.7001702754005702
"MNG",2004,53302.873764793461113356,16693399.76581022920593103
"MOZ",2004,107730.25704826088669940,34915026.6169547677946281
"MRT",2004,0.07370740676432293,13.212528404586509
"MSR",2004,7.67008281874674500,3952.27147736946513
"MTQ",2004,166.99436810842501864,85950.129316188958142
"MUS",2004,328.82777610669374682,175155.61689092238506
"MWI",2004,5724.29369384932399413,2228883.459433844303328
"MYS",2004,352003.95424480368317043,201909647.7500510791124718
"MYT",2004,5.10481380873643687,2325.89042143333690
"NAM",2004,62.05068826781359354,16817.991108763877784
"NCL",2004,1510.20299319130950027,509895.910851486522041
"NER",2004,0.07517734828125,14.598751390500569
"NGA",2004,14644.02433666113382158,5539930.251977076628570
"NIC",2004,21061.80626952069868199,10567153.6227715719782383
"NLD",2004,1297.264449335685844521,457830.8151713831586323
"NOR",2004,33741.922128365995163886,7362960.0080220378065290
"NPL",2004,2479.58915154517838914,1343375.1007051585666325
"NZL",2004,60681.056748685859929657,29075234.294959571245930
"OMN",2004,0.0,0.582380212084202
"PAK",2004,1087.50035779247963951,322506.2645059145949133
"PAN",2004,16851.60669823957042243,9140172.579582815627030
"PER",2004,101309.45296160513250202,64451339.465143389608282
"PHL",2004,48579.05944213332377013,29863416.894327981938240
"PLW",2004,29.82970905005750916,21483.438083558115351
"PNG",2004,58329.89043439083961264,42553202.1346557461613535
"POL",2004,41873.838401002510155573,12784117.168000701985395
"PRI",2004,1323.68433150932696136,636371.307492990049549
"PRK",2004,11356.537801329567034300,2990444.2810866573891455
"PRT",2004,55315.259105165243362994,14289212.8078228360825175
"PRY",2004,247336.61800555931752683,72907166.1635444291558085
"PSE",2004,1.18041810698242207,309.313582783041131
"ROU",2004,18858.899451307931900933,7775184.458842692450209
"RUS",2004,3521018.207375452072800340,577999413.8959638857588788
"RWA",2004,1121.68713196352509726,454974.824045064265111
"SDN",2004,13.2068280500374373,3702.77682477498526
"SEN",2004,128.04695928375270927,45063.143550852191020
"SGP",2004,34.99393023676296606,13179.735395768460607
"SLB",2004,3543.10423852660412829,2631457.8266608567607025
"SLE",2004,4019.83949066265981544,1767383.463682594456335
"SLV",2004,4554.63690865345387613,1942569.767930411029096
"SMR",2004,0.61328708104817711,130.452420880802436
"SOM",2004,215.01119136065542619,45912.542100179624656
"SRB",2004,2637.748746493927847942,1112067.501611754446157
"SSD",2004,10442.58296564002964535,2794697.701211055461880
"SUR",2004,5423.31178605477221674,3819584.340001513268162
"SVK",2004,4624.503632770312570337,2053635.364276166130326
"SVN",2004,1266.679268954912951150,582648.538046689413225
"SWE",2004,271564.101999554894035965,55937717.8037790617791868
"SWZ",2004,5364.05902878545440821,3293411.1710178475398305
"SXM",2004,1.0985717890668404,349.68964083420197
"SYR",2004,107.02234533451927707,28098.620933324737961
"TCA",2004,10.44454822252386969,2132.521045611569217
"TCD",2004,456.72861271738842714,131995.547211321997246
"TGO",2004,2753.41548311940660052,837973.874264464178418
"THA",2004,91799.73014194705748488,50345983.0892006544626787
"TJK",2004,20.127205358172746244,5404.8745075238478135
"TKM",2004,28.84971960052734756,7881.170493314106282
"TLS",2004,2061.83470096891880958,1205414.070440035154271
"TTO",2004,734.05042363262422072,376744.974992873100405
"TUN",2004,318.814027632862433044,96069.055326278669007
"TUR",2004,28977.874040400103367758,7475945.8706918959857566
"TWN",2004,1858.34382744339851167,1017086.537623803029147
"TZA",2004,66892.20696527591239637,21848381.400105527431489
"UGA",2004,18076.83667561749230499,7515100.675446044609596
"UKR",2004,49492.999865450680386293,15959909.7519063322733664
"URY",2004,15125.01482495640722057,4581999.938377841838087
"USA",2004,2746244.206751269542994193,849143537.2290245614677152
"UZB",2004,48.65639147335287005,12920.29836508926462179
"VCT",2004,21.28327654510579773,12063.41490243335423
"VEN",2004,90926.43700186548079400,37417599.5009489871851942
"VGB",2004,2.63095638653320352,1060.558591238641787
"VIR",2004,33.27492402979926875,14671.57552916108657
"VNM",2004,73881.78407794694409725,40098315.3925499346756167
"VUT",2004,377.56046244941789499,201072.323976332707774
"XAD",2004,3.17870647007812506,990.39880052896228
"XKO",2004,572.55136029443986385,252908.857076938997101
"Z01",2004,889.57455198720378757,401893.673681616090193
"Z06",2004,80.55585904301866587,27995.72492053361306
"Z07",2004,6828.82421499252220732,3993562.1205127931172287
"ZAF",2004,72601.94385215334482504,39024127.439744348439689
"ZMB",2004,28472.39479493687864796,10133384.903648101724990
"ZNC",2004,30.90484760853298784,8363.002262487671147
"ZWE",2004,8417.50735154032782125,3375916.253052947777104
"AFG",2005,236.02155796449648690,39927.586192581189708
"AGO",2005,93437.36738828537242738,28182145.419789999507995
"AIA",2005,3.65866292281358435,887.15391144733535
"ALA",2005,698.892909702087392800,152018.9181691278427143
"ALB",2005,693.390449484221152612,287405.310127999913924
"AND",2005,2.22483621266927110,843.049945802451877
"ARG",2005,367246.416560702273804329,79708050.9936555307726803
"ARM",2005,104.014577636627586749,30966.3058640455044155
"ATG",2005,61.16559981567820338,23615.464959222043191
"AUS",2005,177024.184269609504597838,40910128.32197934789001073
"AUT",2005,21667.758587434158293216,10062336.6874164532158719
"AZE",2005,246.265258757643225764,67954.5162296545519995
"BDI",2005,985.37967189159464263,360241.974202435621894
"BEL",2005,3027.934669253574455701,1469663.7587700770447633
"BEN",2005,1582.25785626357788349,510576.671569733341803
"BES",2005,1.10661115455783424,64.111119957512326
"BFA",2005,16.37886750171006897,25596.625419026526807
"BGD",2005,3292.96154368169706564,1832931.531112677892522
"BGR",2005,6566.710561226889906105,2411822.3196817094339559
"BHS",2005,1450.09057364046446288,276722.3076124269705718
"BIH",2005,573.615629401621106244,262728.963731030583297
"BLM",2005,0.07329884462565105,16.30894930959462
"BLR",2005,36192.581892169163390294,11120548.5092246807674532
"BLZ",2005,8115.32973294260207068,3690837.262497274973053
"BMU",2005,0.32633910135416666,122.58063354428073
"BOL",2005,250866.23736746769205469,113865911.1862830437770305
"BRA",2005,3486212.81617745531588935,1837203778.4756660659619890
"BRB",2005,9.51826779826605933,2873.267311955773944
"BRN",2005,1278.31859942212843791,839873.510530931241782
"BTN",2005,770.00223061394858208,467911.354221018306810
"BWA",2005,49.09584396513563890,8974.0354777315619122
"CAF",2005,29316.73079026125866637,13241285.5314754353848334
"CAN",2005,2920790.129684658328294947,954917688.6859124855974261
"CHE",2005,2320.171838940389070590,1198960.6040608060389451
"CHL",2005,106916.127227986969073142,36245488.0701868961197081
"CHN",2005,383608.16821306054096936,162340468.0941196748452214
"CIV",2005,65334.59637272552973815,25249585.749204162941842
"CMR",2005,25159.08245925614750676,13986088.393809682019473
"COD",2005,485235.80378112724753794,286937094.348780827958986
"COG",2005,18853.30079613169322608,10268920.213983711326760
"COL",2005,188691.41832470517917963,102106680.5382325956532026
"COM",2005,86.55857498991157885,46960.41297903073086
"CPV",2005,10.9586081949978291,0.0
"CRI",2005,16534.85333190452117323,8041336.931183147079461
"CUB",2005,12833.60324180965004152,4287250.6775084242204829
"CUW",2005,0.67728920202907993,177.374012593838033
"CYM",2005,9.16049788890733497,2738.8270781855606955
"CYP",2005,34.65057255669269904,8365.5860457196197732
"CZE",2005,25557.847694127171188472,11151866.9303139617364675
"DEU",2005,39739.017989477902628245,18111220.7898941583859499
"DMA",2005,52.32315261485459777,29215.66752235458279
"DNK",2005,9048.804002809059640460,2508404.4928092880010262
"DOM",2005,25088.10505583239260468,8626362.624211580039875
"DZA",2005,4468.762928500316802791,920879.3396680764503527
"ECU",2005,40401.95856038380106033,23775799.085093820931487
"EGY",2005,52.58505339294596027,18944.190207624100905
"ERI",2005,0.0,41.98028947876111
"ESP",2005,48955.111958559183028059,13798740.5401095642363686
"EST",2005,14818.131526552334933864,3660669.157493922409391
"ETH",2005,15868.63340623085431009,6889063.898742912930267
"FIN",2005,230333.476081502700402757,46483399.6323486178659379
"FJI",2005,1665.63731883583379521,862981.443118027323546
"FRA",2005,46390.591051004034056859,19436093.062579222941169
"GAB",2005,17699.01808255172490306,10798113.293659613447766
"GBR",2005,8872.969075444058129187,3887509.555843580972529
"GEO",2005,548.999496438092522277,195663.7433269947108685
"GHA",2005,41339.40558898759903730,18639852.169755620714534
"GIN",2005,14580.93563187725349402,5472471.889611705540359
"GLP",2005,223.08018623563306661,91997.095483355185283
"GMB",2005,5.54473931643771717,3159.539208327653312
"GNB",2005,3928.18624821686557396,1374430.212079059023497
"GNQ",2005,1608.47471368742898519,998959.120069087161926
"GRC",2005,4181.872109170968394694,998978.8431314988263947
"GRD",2005,47.48766736398601349,27279.31663038653929
"GTM",2005,100813.78993650187399363,43928852.8206101062628633
"GUF",2005,2840.65331182095934935,2117663.621293354434908
"GUY",2005,5832.07749860294152644,3691048.228114548463744
"HND",2005,40471.51510864458863850,19302093.454976557035241
"HRV",2005,2747.170450851228090771,1152023.0591751395303817
"HTI",2005,2033.38694667952116603,839595.2881237977341115
"HUN",2005,10403.464945882517525980,3824945.6410118395431435
"IDN",2005,1182435.72161951579640077,960834109.3367044922466249
"IMN",2005,21.3869813450390647,6711.92355276144337
"IND",2005,56418.57623372949825906,31106880.3042020584951418
"IRL",2005,8093.028844976998547310,3677345.6218455422819398
"IRN",2005,173.02195340510206281,44785.166910305064184
"IRQ",2005,4.55640528943684900,1251.129082194538624
"ISR",2005,137.28609790351346451,32428.491042215647613
"ITA",2005,10892.544767539670174716,3148923.628816843448592
"JAM",2005,7597.85675632123620589,4013982.297386449547349
"JOR",2005,0.06540410015082466,18.20600012645037
"JPN",2005,36385.433630247348161670,15049003.3390528366840209
"KAZ",2005,3166.542801209502322157,867975.6345746072746655
"KEN",2005,12745.35593490329502155,5570909.109398838063951
"KGZ",2005,82.05093487972439669,19680.8060193155679907
"KHM",2005,64684.40475270533084332,35472629.9751276894744248
"KNA",2005,18.90325367899956243,8874.880339332036808
"KOR",2005,8923.938947543369956994,2518943.5272362680722955
"LAO",2005,68319.58231828731057869,38653219.244752017339285
"LBN",2005,300.13519423633132107,79182.345817323267505
"LBR",2005,11323.80671307376482625,5630672.242871666723942
"LBY",2005,21.82575351426649965,3850.260342198269384
"LCA",2005,53.96006044737359122,27028.773788146976141
"LIE",2005,5.53224985790581650,2727.932285972207105
"LKA",2005,4682.45897491829459716,2086892.382980448388089
"LSO",2005,2.01343706509440116,632.955576349603826
"LTU",2005,20384.588953155355343194,5741339.373482528549755
"LUX",2005,67.949173435904952675,33891.053978593382666
"LVA",2005,40712.385631826146573827,11195571.6659284433070036
"MAF",2005,4.90654401604383774,1703.74828225769642
"MAR",2005,1526.38000858616697554,342777.7253083598171271
"MDA",2005,109.723494417256954624,31481.2978951391296896
"MDG",2005,93628.14995910397371594,46142005.2165196044929075
"MDV",2005,3.59741944297153057,196.33975005085851
"MEX",2005,206862.13931464154515145,74854947.2021714000985181
"MKD",2005,1306.966575984430940091,482541.630573626444674
"MLI",2005,83.21800502107909777,30039.860642593995751
"MLT",2005,0.37524490157986115,77.383573048968983
"MMR",2005,91847.19784816591057779,52392894.9368987449570751
"MNE",2005,172.40028880191407941,82541.068981276611298
"MNG",2005,7466.476509434019795178,1220204.30028675079808939
"MOZ",2005,150570.87480905186810625,51656987.692606802474278
"MRT",2005,0.07390090466145834,12.743072996280228
"MSR",2005,24.34238822501844438,13734.012190847710874
"MTQ",2005,204.77384899907716619,101706.534206305440510
"MUS",2005,174.21122237043396512,92306.263392466692535
"MWI",2005,9457.64941642110309038,3407707.049320471621875
"MYS",2005,375758.39194248232461233,229055659.2005684886413459
"MYT",2005,34.30775128749294767,17307.07968860411313
"NAM",2005,64.54467084838325503,12487.031555640623017
"NCL",2005,1471.68691331050957997,501671.213336402619022
"NGA",2005,13279.89910020496945538,5194238.185570742581922
"NIC",2005,95135.77066461443486659,49709312.030719483281935
"NLD",2005,1472.038061728947598729,552827.9691458022179919
"NOR",2005,24918.837518618705431792,5553494.06804683277262023
"NPL",2005,2758.31949392483614530,1629268.7643175427466218
"NZL",2005,52519.423491361743234946,25585064.850651392011587
"PAK",2005,910.78262611641255094,224287.712600252402952
"PAN",2005,12395.56199626431616556,6889035.304913478558763
"PER",2005,162995.55264516580548201,102239101.353634388241866
"PHL",2005,49781.13340031220390199,30019282.5565746039231885
"PLW",2005,43.40984524104166685,30047.588546237074865
"PNG",2005,39021.13955065648353473,28287843.814316735573889
"POL",2005,82377.938003648623621334,27111930.1901458133792908
"PRI",2005,1288.00731450757724282,619941.410755292152687
"PRK",2005,16524.984012425413268219,4192615.838347827204560
"PRT",2005,38934.483760252432591075,10048988.4641389299060943
"PRY",2005,262612.24354895965629341,65024452.4961756334794410
"PSE",2005,0.45677334553385424,97.095717605025187
"REU",2005,225.32395660242075444,127820.19955229414491
"ROU",2005,19418.426647372470862252,8425058.202228953852651
"RUS",2005,1589993.934627929641279944,332079205.63072762119391248
"RWA",2005,821.92294115491979952,362546.941301701074960
"SDN",2005,100.18787363854598379,27924.1588169451449052
"SEN",2005,71.58203072296548246,53837.280842808303339
"SGP",2005,82.29476475483915451,31066.097653208748694
"SLB",2005,6549.42591057491794233,4834249.729277809183359
"SLE",2005,6872.40483847337810380,2976561.065578250419823
"SLV",2005,5880.24715443387521407,2511220.3666891476591865
"SMR",2005,0.1672475959874132,39.46493565718623
"SOM",2005,271.91123886689919990,53216.074622267608186
"SRB",2005,1550.573727834001577490,660797.0274039382613558
"SSD",2005,10566.19773341383995134,2742919.375183664812666
"SUR",2005,3512.22100493830482307,2388417.592195184569107
"SVK",2005,27673.853740170516543075,11788639.105378489743057
"SVN",2005,1942.011694858747726054,923123.610047912503121
"SWE",2005,248560.071019634530106157,54431192.0878448838161284
"SWZ",2005,4535.23365045024382210,2946536.866657667244746
"SXM",2005,3.58881176202257043,1003.84152438275631
"SYC",2005,0.15184408935763890,41.657342366167665
"SYR",2005,791.80762994302660578,175654.0990053195952216
"TCA",2005,22.25030443208440721,4364.529942821535357
"TCD",2005,472.37270292629446564,136749.2555114176748335
"TGO",2005,2050.68677637391440385,671926.907412249273712
"THA",2005,84259.43746807706055421,47936054.8798818421973104
"TJK",2005,28.53926538835503822,8428.395037859449115
"TKM",2005,30.532779796599401294,7713.819923690898574
"TLS",2005,1311.30811823755603688,779279.7922301390174215
"TTO",2005,1228.86395565452167963,617293.132066300910149
"TUN",2005,633.034917324399104688,180589.4489548399884218
"TUR",2005,20410.602625431140204764,5204962.8831337966507861
"TWN",2005,1522.31502026354077975,825027.987988953032038
"TZA",2005,91583.71975418239284698,30385513.008644154329152
"UGA",2005,29172.15399061129503737,12467585.093281678489525
"UKR",2005,36558.262601306336357258,12393734.1307749889745437
"UMI",2005,84.49769212801653423,0.0
"URY",2005,15946.06277458583442635,5164340.892587431316376
"USA",2005,2691531.481751428886423364,826109991.5454246590535886
"UZB",2005,21.185750156738283736,5839.302587045462959
"VCT",2005,16.63506363130154308,8747.915189659611684
"VEN",2005,94954.38852750608288568,39154372.7681599286022856
"VGB",2005,3.72742207857421950,1623.956433017928958
"VIR",2005,20.30460963418945330,7728.129025843394501
"VNM",2005,102213.08510199528385287,56363606.943555396253266
"VUT",2005,254.48326712356459833,126294.036939660501961
"XAD",2005,0.38087874954861115,94.833175514406961
"XKO",2005,313.543447496074108095,136440.3195862210153477
"Z01",2005,168.31438410075306058,83411.468647796656295
"Z06",2005,37.33542657613498524,13048.64827320816523
"Z07",2005,5917.84924861558564023,3474225.9801058771554834
"ZAF",2005,104652.48350595633011117,63681479.7881269930629804
"ZMB",2005,57545.28847104837201725,20414512.027777980249133
"ZNC",2005,7.30848802876736194,2012.28712587272974
"ZWE",2005,11747.60399496692527390,4442357.018987279061715
"ABW",2006,0.22548696056423613,44.168715085078815
"AFG",2006,152.08453592102867100,23558.220119505936175
"AGO",2006,76936.01227672402969990,23202229.178994596009159
"AIA",2006,1.31715659843315986,316.69538075681470
"ALA",2006,100.14456159323565906,21970.622316733506695
"ALB",2006,962.296923004298683716,440564.958888742402986
"AND",2006,6.624548271184898,3003.7190784278889
"ARG",2006,316414.02271608423810278,73106103.4420238718913118
"ARM",2006,129.749066650566399366,40965.1423117892153803
"ATG",2006,61.15211599682727609,20310.1348197090304677
"AUS",2006,186304.313618208758749318,46006905.77335144845506488
"AUT",2006,12573.879919471198612142,6095637.253278946523193
"AZE",2006,525.201462694247018248,147993.404408183655200
"BDI",2006,343.49077830457958333,122261.705234707217640
"BEL",2006,6916.035133848669334460,3470612.2849186259410922
"BEN",2006,1794.42274033521227265,513707.794121543275811
"BES",2006,6.90050228868164139,86.029997276623028
"BFA",2006,4.60596127904188376,6347.5403976183303994
"BGD",2006,6862.82368113308140511,3714656.208167093087005
"BGR",2006,5171.123840832892288925,1860206.787008586099317
"BHS",2006,1015.77394436093718895,221761.4522112133071325
"BIH",2006,535.968834797191876364,245339.921678746730376
"BLR",2006,42269.355755064847552062,13168500.1146806858216195
"BLZ",2006,4281.22685250578839742,1971486.3665813749480615
"BMU",2006,0.06530198176757812,32.321493680314035
"BOL",2006,216345.80960913091138520,97631027.604229566879231
"BRA",2006,2876675.08162328553529517,1471021700.6863277294794345
"BRB",2006,4.12233459845865929,1281.160733436063214
"BRN",2006,1013.43765184186144773,675392.948045894931694
"BTN",2006,622.87288308417103319,361687.199504859348933
"BWA",2006,40.10784403647895015,7805.929998131701842
"CAF",2006,57883.22092814145751740,22882089.989228391018489
"CAN",2006,2406190.157021754002481516,833450400.8049747495655512
"CHE",2006,2048.797901012851985636,1052207.189558578182273
"CHL",2006,91927.750623428622253648,32764753.5196546730676225
"CHN",2006,575281.57830473330082398,231697408.7887912370154651
"CIV",2006,97775.13565443363130911,41459125.622840530790701
"CMR",2006,35986.11750377078383097,19441333.805594780396117
"COD",2006,453200.62049448085885545,273542134.891979693456840
"COG",2006,22154.09150988933114709,12720147.234604317890273
"COL",2006,189897.90756312457765947,101246399.000309869669883
"COM",2006,12.96365992973578650,7807.21712480264930
"CPV",2006,12.04849426700303744,0.0
"CRI",2006,10058.43686792473738365,5343030.183613377474066
"CUB",2006,12305.08782211813181345,4223430.9190917944141389
"CUW",2006,3.46068136353244358,1101.58866257177614
"CYM",2006,17.95942012771701873,5691.836793654796298
"CYP",2006,58.60322573993272340,14589.492891770992758
"CZE",2006,8616.856700238101576029,3806335.0734010146507574
"DEU",2006,42651.796634146301128545,20470031.6709130603115108
"DMA",2006,25.38270162408202849,14055.408691915903955
"DNK",2006,5213.876550236693772819,1489268.040356281439082
"DOM",2006,13413.91557011987441094,5618562.270409600967876
"DZA",2006,5413.222162190582827610,1083436.9958824967359313
"ECU",2006,35646.21232720898475481,21217115.398299039036310
"EGY",2006,38.12591038677083494,12080.813454320821425
"ESP",2006,72718.774859870983615809,22411306.2891735969764530
"EST",2006,21731.759375666733952371,5489258.818692119959416
"ETH",2006,12075.93886344313539848,5744391.869563092777526
"FIN",2006,182294.911558475063089347,36343781.4965248577978884
"FJI",2006,1874.41880590527448028,986936.065167945922042
"FRA",2006,55049.529617204817595196,24056766.004493256259484
"GAB",2006,19300.68468506897215617,10915928.258950514645234
"GBR",2006,21053.539863007954022433,8450191.2328595999131543
"GEO",2006,531.353052568368043145,190508.2416063300303913
"GGY",2006,0.3025046286371528,70.5960052472476
"GHA",2006,27143.37859625955846040,12224184.100582802583553
"GIN",2006,15305.72412626629235362,6102764.769058470622824
"GLP",2006,62.26845623001790757,26455.576360313256885
"GMB",2006,6.29441537333767380,2025.120518566984175
"GNB",2006,2018.27363047654819449,714761.878649793898425
"GNQ",2006,1255.53864695602751614,776556.580259887608715
"GRC",2006,7346.146969316643444428,1540290.280489525995363
"GRD",2006,31.53202039361925251,18555.440462410196944
"GTM",2006,52520.63354107216890717,24344516.3917885846088710
"GUF",2006,2534.97068972514520171,1957913.818620693983115
"GUY",2006,5933.69368542904360006,3802402.5495274012946794
"HND",2006,41630.56308865333525631,19625504.742910910890468
"HRV",2006,2204.144712903287829251,917304.1663483621726880
"HTI",2006,1162.83978557028569483,486795.751257192386473
"HUN",2006,7990.480257655225700412,3007090.441316709633266
"IDN",2006,1433147.39408666647682453,1036817154.2077938276025806
"IMN",2006,52.48895006561196543,17302.054182322221849
"IND",2006,61011.71233784407464228,32999866.4534576008613776
"IRL",2006,5248.000798278994965860,2483349.772439086139177
"IRN",2006,140.788850764852436569,35184.820591397433697
"IRQ",2006,6.24004359792100698,1677.298043485451686
"ISR",2006,132.22768038062604795,21187.356857785732889
"ITA",2006,8901.385764015777795824,2573360.6089173132197919
"JAM",2006,2797.68366767782050000,1466048.277052720217506
"JEY",2006,0.40537581166232638,68.533217297280299
"JOR",2006,0.78357914156467015,73.154729262768173
"JPN",2006,38974.648499558244279820,16319805.7142061214358930
"KAZ",2006,3142.037633790602034164,739153.29789977955570966
"KEN",2006,20656.13108488699607316,9922680.143968555220875
"KGZ",2006,110.52548798504561194,22128.5352759106607848
"KHM",2006,80560.29779630187660242,45321706.9258719075551175
"KNA",2006,20.45444530144856247,9604.503762470657334
"KOR",2006,10149.265026010800518498,3067471.2809396168804767
"LAO",2006,122639.86070015338211702,67617849.912734031172566
"LBN",2006,148.81790494817167749,39373.558753621046689
"LBR",2006,36221.16657439137144715,18349210.054518683520529
"LBY",2006,16.30246551179795749,3936.654970885507463
"LCA",2006,98.11695233860834284,52152.488081159608852
"LIE",2006,10.597822658342014024,4957.042242247395872
"LKA",2006,7730.54973408952119556,3282592.001920803953565
"LSO",2006,2.42562026555989595,979.102019167672546
"LTU",2006,17449.683565302299896509,5099311.2374099902684133
"LUX",2006,366.038805020188863881,186467.217980949379831
"LVA",2006,38893.546593491477998015,11011253.9681239173372973
"MAF",2006,2.63631961086805651,894.46422081091490
"MAR",2006,2221.77691956246966755,545240.8552040008736483
"MDA",2006,173.201520998140203857,52452.160036305572031
"MDG",2006,71033.96436595273029169,29957622.567735037476859
"MDV",2006,3.90637808132500575,144.8730569208301
"MEX",2006,179069.86234706634374952,60451232.9002362829556132
"MKD",2006,2042.132596786783866570,814963.330096257976681
"MLI",2006,103.70893658620880031,36459.758684376541576
"MLT",2006,0.62588531298828134,161.50882301148184
"MMR",2006,127463.91298219554042217,69689194.6516546764172042
"MNE",2006,175.546173954268642910,76265.778245114640843
"MNG",2006,13249.116107583916976301,4110423.01228871157814913
"MOZ",2006,172242.18860220316409074,60738627.532618872601363
"MSR",2006,12.61260458222981717,6398.723658086129595
"MTQ",2006,91.17823278163627306,44231.985563635862723
"MUS",2006,142.48742232737738650,72871.528160232556660
"MWI",2006,5550.89159952571938963,2401126.013966200047151
"MYS",2006,334526.36762211414310979,210168278.096365659853638
"MYT",2006,41.58675273683322876,21911.99854749672605
"NAM",2006,17.48163489914822177,3947.281076028772542
"NCL",2006,2134.53256070192362055,633792.812333213387704
"NGA",2006,26167.55795023748504334,10225854.073544421728800
"NIC",2006,38865.33338487142822767,20808008.182485606352445
"NLD",2006,1482.444763974682858226,575430.866342201760428
"NOR",2006,40648.582806699361183204,9307045.21325530826565714
"NPL",2006,3255.01002893068925174,1873858.135137932136056
"NZL",2006,61671.661691168532057318,31444864.913308158150540
"PAK",2006,1261.46270873597045497,326643.336706274063457
"PAN",2006,34343.17076394142490643,18379998.722453499608604
"PER",2006,88903.37225671217781136,57184647.022360851594300
"PHL",2006,57428.23053394605256250,34607164.0331492482760252
"PLW",2006,34.86713968914604934,26458.524985310397253
"PNG",2006,56388.02131165485868838,41757069.8503194288271056
"POL",2006,37680.387082183545708888,12287971.2833613674600567
"PRI",2006,1242.99838644744470725,616280.338672304963286
"PRK",2006,12578.180796400924622896,3789023.8091844795573725
"PRT",2006,42566.662789591719062725,12444493.3609583252781458
"PRY",2006,148254.84893566070917112,36257176.512452095981012
"PSE",2006,0.7234155284082031,196.52186232034015
"REU",2006,628.96842887293028267,353200.066746543536206
"ROU",2006,13066.517945534887543595,5778513.6463763190261534
"RUS",2006,2233421.040190381819407965,386748260.3614735163160058
"RWA",2006,745.53289974647517259,330205.922634329461173
"SDN",2006,4.15066451376302076,1381.333823379617792
"SEN",2006,41.24825584623969172,18911.848590114591716
"SGP",2006,56.06806504195131970,23682.6439777177581564
"SLB",2006,5068.26650839653289083,3769178.3475809202689845
"SLE",2006,28525.92839565438569896,12664689.483225860789194
"SLV",2006,4604.38954494836913467,1916287.634812602902189
"SOM",2006,118.51669685402153361,25203.463351136305380
"SRB",2006,1891.440364297566942994,829721.522158542692775
"SSD",2006,8963.22134416303232727,2420045.663867321716763
"SUR",2006,3404.35021551391500571,2427269.101960064428677
"SVK",2006,8022.659824348386663414,3598699.1838514033597895
"SVN",2006,1248.095435345003160656,593517.371380188457122
"SWE",2006,249126.035909422703866238,54299661.7433308563022475
"SWZ",2006,9431.19359251215323510,6059628.123874832167445
"SXM",2006,2.27071644573025238,583.29421228712811
"SYC",2006,0.15181821660373265,0.0
"SYR",2006,280.75155734028424504,57660.9178599576866029
"TCA",2006,4.57794586605360251,996.850351111012332
"TCD",2006,2981.89700906929887588,863734.376908955486541
"TGO",2006,1686.04668558799664197,533857.488535231639888
"THA",2006,99799.77934865634263724,55307163.2972316246422170
"TJK",2006,19.43307663703342004,5557.9651329673149949
"TKM",2006,13.62915282632378693,3783.0004615415053992
"TLS",2006,2928.94004943638739372,1733222.108388167766264
"TTO",2006,1755.82523587490061077,879899.054395049872709
"TUN",2006,353.797448972482651442,96158.817186428501527
"TUR",2006,25884.765420736267993046,6346024.6451292984306289
"TWN",2006,2076.72250226347206805,1162326.8104294360957303
"TZA",2006,85294.78054405461970713,26918262.076064616466482
"UGA",2006,28448.35168037242455072,11735592.952136279515029
"UKR",2006,42130.056621223303736747,14294251.589470686562023
"UMI",2006,0.07309477526367188,0.0
"URY",2006,21039.55504514361462748,7472904.744854161944104
"USA",2006,2605853.075375097805269189,858305440.5692239402184608
"UZB",2006,53.07967528536024934,13382.62780246089847091
"VCT",2006,10.49410676333822272,5829.798569505190366
"VEN",2006,85504.32672710105520865,35334993.6936365258911267
"VGB",2006,2.77711908890733538,1235.502847048632680
"VIR",2006,73.80593740280057037,31279.179573488886864
"VNM",2006,78782.15638303355491069,44889934.222654097685085
"VUT",2006,219.12138676982425928,116612.242830202250260
"XAD",2006,4.19551466298611039,1222.947617628396147
"XKO",2006,519.987044479457292446,232913.412490358761989
"Z01",2006,519.47770250229752549,238521.512427224383789
"Z06",2006,83.85740092705729207,35180.10691223348426
"Z07",2006,5879.24539076959390448,3339342.6438798381060535
"ZAF",2006,104943.81919914940144786,62185420.6438406430807021
"ZMB",2006,40469.49961807163675672,14249544.101027503335623
"ZNC",2006,31.78774248882378392,8934.727436448089815
"ZWE",2006,14875.46938120285870662,7127279.670287043071385
"AFG",2007,252.841662036967311866,41092.07447913887772
"AGO",2007,145288.22409121505562566,49525640.262602651286838
"AIA",2007,8.63554887017035876,2009.35920660557938
"ALA",2007,247.90735156237838507,54324.964347549900087
"ALB",2007,5222.197640269954795455,1729900.236958982626550
"AND",2007,2.16905929217881972,1087.37758649425189
"ARG",2007,425335.867280391061985010,86998552.9973582840492675
"ARM",2007,54.536415663485255034,17397.5647652704126584
"ATG",2007,37.15782874045681907,11913.88197169045731
"AUS",2007,372723.427915715947598249,78773114.50664815557524252
"AUT",2007,31682.394408638382457804,15522592.316057325068265
"AZE",2007,507.557225265028308554,144451.017591051713396
"BDI",2007,1861.76371292242160710,703181.337836761131728
"BEL",2007,5984.993208573220463823,3052386.7321914421406694
"BEN",2007,4644.85870691415767212,1489947.000525320252207
"BES",2007,0.66091671439344620,121.22998043508482
"BFA",2007,2.86808460587185336,9114.756197541092784
"BGD",2007,3995.38170608212019789,2127380.928723368187117
"BGR",2007,9557.11002425835604576,3350100.0854250888214534
"BHS",2007,604.80767160369433378,158125.706971141400535
"BIH",2007,2681.522458507569127631,827390.632045733104424
"BLR",2007,32656.703206479353271128,10320371.9643057509665994
"BLZ",2007,12309.86907744027233755,5241224.853506564732975
"BOL",2007,189943.26089638338546389,89498860.673033670461516
"BRA",2007,2621699.45100046243011437,1273228936.412025686213873
"BRB",2007,31.62823710090658755,11465.839258582166183
"BRN",2007,1564.83281504783920526,978208.591458506425984
"BTN",2007,508.35788952371422349,297023.098697872071924
"BWA",2007,33.55963859119249232,7178.461175644604339
"CAF",2007,37308.15625985521340763,18427789.473551233925787
"CAN",2007,2117899.418224433547526942,758860174.6615168931221067
"CHE",2007,1852.248015221751412195,950223.712576886278555
"CHL",2007,121642.384699871734654078,44427282.7011463228247122
"CHN",2007,653049.831540060162646820,301643572.5688375285741346
"CIV",2007,90875.75714675845617872,38525801.423598551740450
"CMR",2007,45916.51184510483420437,25270219.403314221939105
"COD",2007,462776.03638964623535453,276990328.336525510348717
"COG",2007,29764.68775926630477168,16401975.973941897674953
"COL",2007,269028.66517822901935783,147856573.5269310757604905
"COM",2007,77.72839324684080939,41806.914646179938795
"CPV",2007,1.1835423629242623,0.0
"CRI",2007,11464.46280983819642058,6071987.537804062128600
"CUB",2007,7873.76079835750002374,2516055.8898684317769552
"CUW",2007,4.21289018005696456,1109.00865492023069
"CYM",2007,17.86412730716146092,5365.403656005533789
"CYP",2007,778.23927838075251083,134609.8551334944857601
"CZE",2007,21324.551974388821684781,9849319.362138163861456
"DEU",2007,93220.690592442465478295,46905151.4147704922562780
"DMA",2007,40.30000140911838872,23036.290610537658405
"DNK",2007,4381.407303646205786813,1291463.8310951449283884
"DOM",2007,16059.49897309219382442,6856561.024158503706750
"DZA",2007,5199.636482684374420694,982184.9797570709361107
"ECU",2007,60591.12153159196855798,34948961.171141135266474
"EGY",2007,78.2701398879904656,31840.66275266192213
"ESP",2007,60256.377765210763494099,22057854.029093202803191
"EST",2007,16188.672523832684321043,4280630.2298739311798273
"ETH",2007,25608.57311327880701054,12873795.031429045875411
"FIN",2007,151914.877908359606637572,32137881.9168610885197473
"FJI",2007,2148.39321836769624261,1108189.074906038661559
"FRA",2007,49246.222930851222642412,22379664.5772077736544494
"GAB",2007,16501.47574793807364977,9752888.083453952985274
"GBR",2007,31214.713323228102198992,12466885.200274475364416
"GEO",2007,992.446000077695421226,343618.9319001147976425
"GHA",2007,40183.87922056411492649,18522074.0442861263545086
"GIN",2007,33821.27135082504108532,13946804.087492455080971
"GLP",2007,158.30311890426703498,67869.458812045830968
"GMB",2007,49.60546797636611161,13699.078456556759617
"GNB",2007,6044.02762128896022344,2136749.775764792181883
"GNQ",2007,3141.60414535595128651,1839668.903070438257179
"GRC",2007,46064.152983470899288132,7243553.5733513215991098
"GRD",2007,67.81289337326606303,39290.597474011624956
"GTM",2007,126476.15506897732073187,58586581.8598928067046156
"GUF",2007,3328.10883444342289158,2517893.416246469672854
"GUY",2007,5249.63189160969342174,3399144.055124039340674
"HND",2007,42412.83073001497656806,20146203.968222334120580
"HRV",2007,3237.057781407135922644,1316888.8144130259308006
"HTI",2007,2077.13860400319426420,851874.394210140874007
"HUN",2007,9360.749328910868183965,3553354.9306064870309903
"IDN",2007,1387620.76708363045938050,1175307638.6484742585333950
"IMN",2007,60.77676924526044243,18377.843337193131347
"IND",2007,67730.81495968731157807,36558490.3842444038765031
"IRL",2007,11688.260499550482505980,5518657.9299832797266114
"IRN",2007,131.05927632243490990,33672.7178080706165155
"IRQ",2007,10.328544856586371974,3647.427806772726726
"ISR",2007,47.96047012410915705,12382.14814645339450
"ITA",2007,11588.997407248033966540,3417731.1627390815451095
"JAM",2007,1269.91525929929814742,664730.215605113311297
"JOR",2007,0.3919256967480469,51.456837363615581
"JPN",2007,45585.658028455051972458,19442917.6874688148500108
"KAZ",2007,4605.437639402064684763,1072482.9672294258416170
"KEN",2007,26103.03703849441520990,13103509.678810973803328
"KGZ",2007,107.371652485162807846,24668.1790992990997234
"KHM",2007,77701.67995060871282793,43594388.121403863356104
"KNA",2007,12.28689484910264728,6108.19533423033556
"KOR",2007,8096.768223149307601490,2403549.4159393287283561
"LAO",2007,132976.31182366887348181,73870288.222171111242686
"LBN",2007,272.96596107955280444,62758.366301656591022
"LBR",2007,44282.15872016472460630,23111126.108293021013200
"LBY",2007,4.29091529814561684,918.97829945339875
"LCA",2007,48.57569600165419024,25736.571440623998299
"LIE",2007,8.43393201663411465,4614.15323966455132
"LKA",2007,10241.89610896726819761,3852633.6351692959952775
"LSO",2007,3.01869057673611123,1001.18554892228848
"LTU",2007,16036.704996491355602487,4868026.4699023326215815
"LUX",2007,502.232574656069908435,264446.704283702855648
"LVA",2007,36128.752470417226278297,10494618.799572379349510
"MAF",2007,2.70954501246744797,865.162962215253606
"MAR",2007,2513.07049537886848362,699458.6603316336889875
"MDA",2007,236.262822165666251125,69138.919860641254310
"MDG",2007,188580.01678199269244193,94330841.732463846380294
"MDV",2007,6.19346760023498529,222.028648469332813
"MEX",2007,218643.14166568833195793,83814775.9358580705550873
"MKD",2007,3862.806465321807671379,1117587.335784994861680
"MLI",2007,125.08522385789603349,43608.549577343287357
"MLT",2007,0.81383764453125006,224.28295134849244
"MMR",2007,146598.38980402397634928,82284241.8655334751430971
"MNE",2007,1051.53855042660376651,377884.465690523206231
"MNG",2007,48081.603562088417269655,6807901.26926531825696036
"MOZ",2007,138504.90419819690086536,46880043.059411437446322
"MSR",2007,10.47386602865343004,4340.555645955759356
"MTQ",2007,155.67514304319500624,81167.957393366800531
"MUS",2007,131.71048106381720384,68926.08213558829671
"MWI",2007,7493.24837273084533243,3119257.605043537277253
"MYS",2007,405691.79302861875857069,272669094.050915452836274
"MYT",2007,20.04483602257811762,10948.93277238480405
"NAM",2007,81.17665897174262801,15218.033972546263650
"NCL",2007,975.11347330660308110,364696.885159336418927
"NER",2007,0.07517093559895834,16.66103179148857
"NGA",2007,24572.68286832744107752,10101695.366055819535868
"NIC",2007,88477.77613624511676747,49309595.838715667170603
"NLD",2007,1646.044963282240178741,672347.472306762126232
"NOR",2007,31841.200331921666694681,7522835.7762455825181559
"NPL",2007,3465.50226913828282470,2011282.0229892540391020
"NZL",2007,62643.220216929505055794,32463960.089108883698762
"PAK",2007,1083.75136026066761242,266685.0002960338768787
"PAN",2007,20657.62106836026887369,11228079.088705193728887
"PER",2007,115718.08094816576332763,73795210.000065298104151
"PHL",2007,66497.03977655593615502,40203189.660561308169740
"PLW",2007,90.71366142321858611,65555.862157958647938
"PNG",2007,49160.77644587482432687,37029112.210285038403507
"POL",2007,57310.550569621388069864,19744168.880105774311204
"PRI",2007,1037.45105638170893915,505889.616034202178353
"PRK",2007,13288.32984730668201937,3958680.503212503815353
"PRT",2007,36321.995905753258889376,12143042.8304940010763403
"PRY",2007,426191.28654552768387120,102229525.393948842455519
"PSE",2007,1.17988217136935768,334.68794667989623
"ROU",2007,38081.765453967402518926,16573332.476973324279540
"RUS",2007,2338922.831556213839753063,442230295.8690249495073605
"RWA",2007,1429.97672936732884231,645365.122454978476181
"SDN",2007,184.920784925921194,51942.355210541609580
"SEN",2007,172.32132610701822284,70019.687279960149054
"SGP",2007,74.44906843084170648,27030.782804212651178
"SLB",2007,5665.38981761837780836,4216470.227128383709674
"SLE",2007,21878.47752794345003132,10150774.800662045061792
"SLV",2007,2984.30827740898897635,1320354.119398444474447
"SMR",2007,0.8922185438650174,218.72120670363933
"SOM",2007,270.58776249335278538,54923.548018479495858
"SPM",2007,0.21181738055555557,0.0
"SRB",2007,2254.056465011240287998,902033.069439941979472
"SSD",2007,9523.45637468165257326,2792570.573644333605087
"SUR",2007,3625.82797748385752047,2594581.641140477608048
"SVK",2007,9485.617115487999171649,4440672.8975315257000455
"SVN",2007,2099.79961836679795694,996599.465068316574660
"SWE",2007,182858.110481367295311094,41207961.3053855429420236
"SWZ",2007,6469.37108747375823207,4607217.484190362756099
"SXM",2007,5.42039527814453019,1455.635791879984372
"SYR",2007,1577.36214372185115209,294138.920865273288584
"TCA",2007,73.54047559605250152,16425.764059543088919
"TCD",2007,1001.07737120784428694,282666.159337640915431
"TGO",2007,3179.57811512974391299,1147216.576114249170752
"THA",2007,92616.93247653052342249,51572010.6120623407937354
"TJK",2007,14.03999339971788252,3875.137344537192296
"TKM",2007,37.8076880504275185,10095.00770453053559
"TLS",2007,1556.12963303396710862,911667.536097698166581
"TTO",2007,1108.58661231665991788,595768.272708815647122
"TUN",2007,878.480331185896022544,233017.6179915106296734
"TUR",2007,25344.020942960121341724,6554115.4120686746574024
"TWN",2007,1729.67014367837382139,956793.766732382191330
"TZA",2007,121682.54982830888292142,40811435.647524431333173
"UGA",2007,36627.10872312990723329,17026342.636072294986755
"UKR",2007,64266.591846403690075177,24552354.2975169789216919
"URY",2007,21548.92797963647748703,8277082.840159123262532
"USA",2007,2435114.855212388635432502,862752976.0375230851785302
"UZB",2007,43.11389129414930235,11541.4980109124224213
"VCT",2007,23.15694366338270758,12862.52459620820325
"VEN",2007,114340.29575607810455660,49119698.148530943916718
"VGB",2007,6.13866634203776106,2494.16281738252240
"VIR",2007,25.06351792785156487,10812.130648378290182
"VNM",2007,80229.67166916140618803,46374978.966419207848991
"VUT",2007,111.97315672256834853,62503.559893573770952
"XAD",2007,6.73541505858507155,1993.047735306564194
"XKO",2007,810.67803561799230853,277410.893762216492494
"Z01",2007,219.68537418853081352,97569.434926526091803
"Z06",2007,39.71174394994900458,14275.37623871837815
"Z07",2007,5955.88922718619116650,3437257.7547885488285189
"ZAF",2007,47105.15703608384663325,26681516.266990278797272
"ZMB",2007,53768.39443020589546331,18560918.393122832844858
"ZNC",2007,25.3555316929687578,7030.95048400017200
"ZWE",2007,9295.69900365454495920,3693575.383441763963889
"AFG",2008,107.52274130641930628,19421.533178541235901
"AGO",2008,103556.85839188967352932,31784460.585438988224230
"AIA",2008,10.31748855364257853,2635.594805314963503
"ALA",2008,1291.947955334655916626,294791.462502055950116
"ALB",2008,5470.259323013979737816,1852558.15877405021965814
"AND",2008,5.2478634872026910,2823.1022767720232
"ARG",2008,592718.756614779729008840,133264861.7426474123062811
"ARM",2008,113.03153313903212186,35755.560332877173493
"ATG",2008,45.69564378295572299,16042.424321720502958
"AUS",2008,205723.692267143059952711,50594239.4317654598845512
"AUT",2008,26909.617545723969481686,13428539.216098230400077
"AZE",2008,472.316924148984494465,133121.320169328706205
"BDI",2008,1999.44533270992287513,727251.375253721540579
"BEL",2008,7213.544718469387716219,3658523.3961689171245165
"BEN",2008,481.55173986338453631,154162.434536855170671
"BES",2008,0.59092155711154517,48.751184143790726
"BFA",2008,4.75749902189019080,20974.303661499792073
"BGD",2008,4480.16081560459290099,2406487.702020868297720
"BGR",2008,6448.134766977129480796,2475584.474142724830931
"BHS",2008,1949.23576147202231756,496978.5035222073382335
"BIH",2008,1551.788318214344961944,654329.089054287907263
"BLM",2008,0.1466102862543403,44.274983524248356
"BLR",2008,35896.529445455947714461,11616362.844818569303363
"BLZ",2008,8283.71293791667441075,3924536.487461533091438
"BMU",2008,0.19589676768120662,88.51893767656898
"BOL",2008,369893.78274179312550310,153620826.791264583797061
"BRA",2008,2444092.62037510049807444,1241345047.6394699461794050
"BRB",2008,13.71672659023274881,5184.263289727510561
"BRN",2008,1299.87383449551537400,929242.990164533027090
"BTN",2008,775.40216834939679642,440656.1857159279748424
"BWA",2008,26.06325585573893031,5162.291273386240787
"CAF",2008,31859.90491326849903639,13745275.626874813889217
"CAN",2008,1949008.136721165279751728,707090536.4940424873796288
"CHE",2008,2416.675106429398798531,1234320.531406199195028
"CHL",2008,123084.551408253000426339,44237517.3170928299495037
"CHN",2008,738091.894053394227373741,341578096.0828672674089617
"CIV",2008,127583.00663839097049767,56759966.205760833981843
"CMR",2008,35140.90827723009571971,19660730.386794921647224
"COD",2008,404912.23805370495291657,239932531.978987279150254
"COG",2008,17375.02787250354353290,9156535.900935100923373
"COL",2008,231748.07901956597980303,129398741.4819770340139715
"COM",2008,34.95359877595323568,18955.583136773132613
"CPV",2008,0.29629073655273442,0.0
"CRI",2008,21890.96048668951204480,11392305.119132337694488
"CUB",2008,17083.66458440172919815,6854509.8930765475858303
"CUW",2008,5.4925180681391056,1489.61464594794364
"CYM",2008,32.34618677929361761,11095.583379307005357
"CYP",2008,94.79670437978517750,20344.5000687468351990
"CZE",2008,16873.305426064699373187,7796971.733656190702876
"DEU",2008,61693.490978183900053405,31021040.288825574650433
"DMA",2008,93.37368369661084392,51088.741583351059842
"DNK",2008,6060.808106283102272943,1841569.1767638127683214
"DOM",2008,21612.13359525883978939,9526299.249543537574681
"DZA",2008,7971.157749300108104074,1568409.7462706370559475
"ECU",2008,51939.84543173311685885,32594431.5977842899778355
"EGY",2008,81.46682983915689237,42363.573119223598278
"ESP",2008,44287.974162119952239530,17028547.172568216179713
"EST",2008,18296.634988720736012705,4938091.397583374883426
"ETH",2008,24008.62800586983451988,11043744.208627832170016
"FIN",2008,200191.999163051212405051,41895876.9256968517018624
"FJI",2008,2387.25711059956875992,1235196.977269657750945
"FRA",2008,86955.399925394930873477,41347558.8151200807406915
"GAB",2008,17367.16598726378958363,10294837.072017575087762
"GBR",2008,12503.932985473376809135,5322013.968302468842310
"GEO",2008,745.617969513215868573,271625.288515411531639
"GGY",2008,0.50408935039062504,154.77719473888250
"GHA",2008,37826.67255468841611907,17434199.6235954642289375
"GIN",2008,21481.21062405949517413,8467980.531917119345707
"GLP",2008,134.85936135622832698,58475.094481157642946
"GMB",2008,297.21283617773449733,79231.535980148716586
"GNB",2008,3248.51267963005199008,1195738.630653801590989
"GNQ",2008,4821.44523027302362740,3039033.556180411497668
"GRC",2008,21198.266762120263805765,4267992.3989602629398716
"GRD",2008,64.18114656382975012,37783.120425311749978
"GTM",2008,77146.55774639717824081,37052237.7995089807715465
"GUF",2008,5223.39538207912188257,3940807.128934759168473
"GUY",2008,9459.83784549611954237,6298389.076946700586730
"HND",2008,43299.34545581152928342,20508941.035006061457008
"HRV",2008,3890.690569055706405353,1587478.7734835854457841
"HTI",2008,2191.69479805241856474,889921.503847688416155
"HUN",2008,8911.031050297146291971,3401448.686643914685237
"IDN",2008,1396246.29842618202163863,1040636991.3330528874054510
"IND",2008,78640.77739285865837097,42130949.8990089336917605
"IRL",2008,6924.228602798259071494,3334958.122817715688305
"IRN",2008,374.201338121288928018,93002.1477088107916805
"IRQ",2008,17.80291335387803767,5227.241835256573666
"ISR",2008,65.05592308377386598,18173.286880621797606
"ITA",2008,15149.302496407100885310,4648024.5525068578325961
"JAM",2008,2026.92094824551838457,1113141.1220462216873625
"JEY",2008,4.15206704295138932,1360.20319804080861
"JPN",2008,40838.810029265602991091,17486439.5990214628266043
"KAZ",2008,4548.577746346255166647,982615.4304703586870393
"KEN",2008,19223.97798268839104295,8813138.794077131455903
"KGZ",2008,106.68695432008248397,22705.0105557331079687
"KHM",2008,83510.46442518007977490,50002804.225965759455013
"KNA",2008,22.80816580664930593,11130.067184723595453
"KOR",2008,14022.464842158624801079,4409450.9624185341966523
"LAO",2008,80584.03222633800609409,44418670.240143094036236
"LBN",2008,393.79677018281909409,104846.528016713767031
"LBR",2008,36172.53767217808618031,18926272.901374368466542
"LBY",2008,5.71957711508246676,1188.19328235414422
"LCA",2008,56.11256767193902872,30428.741792471466333
"LIE",2008,8.220267682050781390,4580.062820959133775
"LKA",2008,6499.64210426147960598,2794673.561129345322736
"LSO",2008,5.78641284762044337,1871.676477043955364
"LTU",2008,15203.279650843622507036,4693188.335088842809256
"LUX",2008,983.528108090982936804,525042.483178570937244
"LVA",2008,29308.397916637077772816,8673999.4466318134293845
"MAF",2008,2.92932806488389606,825.484811407106853
"MAR",2008,3409.46599735978424187,944643.1080811820058735
"MDA",2008,135.053631864329433236,40983.8750511081398537
"MDG",2008,123502.19400537669930754,58941754.732645330186871
"MDV",2008,6.65292515358968164,97.684310091271687
"MEX",2008,184333.94566468259728574,69105607.8389805701820192
"MKD",2008,3960.40256133143264622,1391335.953812277995587
"MLI",2008,105.64487599689291409,38008.191478082996732
"MLT",2008,0.9392073522656250,208.00872064785234
"MMR",2008,119216.56090174641853247,67000571.0610154533878986
"MNE",2008,1429.190371314708972780,653039.027341525695018
"MNG",2008,56001.76435971554233920,8119485.6700899214286320
"MOZ",2008,204779.84994677825624855,69693582.851429753947556
"MSR",2008,6.56391104961805633,3501.47041141314223
"MTQ",2008,278.12291535140298474,140686.783091460727783
"MUS",2008,188.63573474119682990,100605.751352930455100
"MWI",2008,9728.04343265250526549,4006806.031166674242424
"MYS",2008,368259.83638791397262585,249523250.8285302350884834
"MYT",2008,42.79123389549912179,23418.974703460492101
"NAM",2008,33.72920035495768520,7065.691346994825663
"NCL",2008,521.78020264025066972,229113.511941496749898
"NGA",2008,27470.58229318519661580,11774463.398318429958615
"NIC",2008,53793.49153875442839119,28725031.4052427926023260
"NLD",2008,1150.703209829798459178,478748.8759352609965113
"NOR",2008,33815.516683910215836095,8321457.28288235703462623
"NPL",2008,2991.81297331052719669,1752618.898200125826905
"NZL",2008,61372.307101543211694355,33418476.364020563362811
"OMN",2008,0.0692374569813368,20.61790596217556
"PAK",2008,995.03152047170909841,312934.196653348585742
"PAN",2008,39955.71244479957110464,22312630.708288139885712
"PER",2008,126648.99882241448510315,84179030.7336423450682923
"PHL",2008,38702.77646807087168712,23724553.694748743521732
"PLW",2008,64.54485364530816482,48723.247834069908493
"PNG",2008,71045.28710056232340874,53152009.7884915132622945
"POL",2008,47940.818657414048780448,16925794.8480535054598673
"PRI",2008,1215.50516190981530100,624378.141899408566509
"PRK",2008,18782.048483434658897270,5411612.3176117908097654
"PRT",2008,33614.779509589257832656,11950672.294086797101310
"PRY",2008,376296.07250598098978137,85881378.110239689405476
"PSE",2008,2.546264557271051,963.9151159573314
"REU",2008,15.1003562754437915,7506.1590337910151
"ROU",2008,17535.894726435038121569,8069907.111991549995710
"RUS",2008,3047987.664805596271039570,506956245.00529684514402995
"RWA",2008,1100.55371885931989486,560294.259238227435585
"SDN",2008,55.47708850872070451,16475.190392418004671
"SEN",2008,285.26992019948297477,90325.262135579435292
"SGP",2008,35.45650921459620585,13322.087717200762747
"SLB",2008,8171.17203105556572177,5973751.139596589262562
"SLE",2008,20924.78507319912844750,9968793.356197617180109
"SLV",2008,3324.66179785622324229,1468420.455441455214289
"SMR",2008,0.39037321034939243,89.87095966099541
"SOM",2008,250.20504744421877825,53269.229500469912379
"SRB",2008,3260.221614775186663105,1403491.197790447861262
"SSD",2008,9009.21257953658644615,2516101.529329732226283
"SUR",2008,7510.57718588067047220,5565450.737490146373531
"SVK",2008,13465.189253886710308616,6309194.136758942312689
"SVN",2008,1853.843750556889822185,945283.980177926147333
"SWE",2008,293724.063586128859080837,67200839.1144670354559403
"SWZ",2008,4582.32798178305396464,3118395.018238013964518
"SXM",2008,1.61125397890299480,556.632314102373954
"SYR",2008,834.15774239651478581,181054.069263507590956
"TCA",2008,61.23841442164605382,14836.92227141829220
"TCD",2008,3402.11148471742619158,946946.942458983575223
"TGO",2008,1171.87684886247763320,417736.481039695361028
"THA",2008,80119.75380092702065742,45892046.1183737478778595
"TJK",2008,32.868210734954429316,9585.8354524732681466
"TKM",2008,74.74021833385416056,22054.49395696028747
"TLS",2008,832.80521858500871408,484374.135506624526360
"TTO",2008,1269.89814536695784510,691205.590453966676829
"TUN",2008,718.406462444519865210,175481.202972534742833
"TUR",2008,28891.373876399055932898,7043477.8941828860489571
"TWN",2008,2311.26756428610242233,1305778.298297906032346
"TZA",2008,164248.22264067853651910,53623452.164162905559659
"UGA",2008,36925.97909246150197378,16194700.675420877041264
"UKR",2008,53015.602414098139536259,19299001.2549164308446844
"URY",2008,23686.82161341360712346,9782928.461465831472879
"USA",2008,2213710.039646728660441066,872489682.9955321146011183
"UZB",2008,43.52042789555555714,12313.491762447067975
"VCT",2008,41.89964469269749107,22913.882710393357775
"VEN",2008,120585.59490963330476578,50645980.384691561627726
"VGB",2008,7.01528945753363672,2839.85433681005467
"VIR",2008,40.01919435114041081,16973.87292186522373
"VNM",2008,108304.62305329291216767,66523666.922645162516997
"VUT",2008,194.05837125901204358,110761.145306681410305
"XAD",2008,2.79354728482638878,836.25250033455132
"XKO",2008,1143.046485289078271175,504814.108849469115440
"Z01",2008,267.02504430468642339,128535.2056382778661626
"Z06",2008,59.27043463412325781,17483.203970651720645
"Z07",2008,7044.95273403428933954,4074677.300057703502058
"ZAF",2008,81375.56016135116501666,54729857.325558746712125
"ZMB",2008,66101.69643631036181492,22635573.971335532073546
"ZNC",2008,40.36793268192272835,10445.86775634919770
"ZWE",2008,5427.48952563396776492,1994472.717551442631408
"ABW",2009,0.37579783816460507,105.367894435034148
"AFG",2009,70.40549692405382981,13778.831053918691382
"AGO",2009,165903.41087283433235845,53731021.325964568895948
"AIA",2009,1.9024675801540801,457.71177096777118
"ALA",2009,675.746188019686585810,153902.668942390037710
"ALB",2009,1336.925904509687783194,588617.231251808307540
"AND",2009,2.853299605214844,1249.17409125545463
"ARG",2009,309853.641248659302453377,70116286.5116761941540276
"ARM",2009,202.733517452042168319,61146.696654361318597
"ATG",2009,61.53009481933485877,23565.128683417425886
"AUS",2009,203709.600426892257377884,61106442.7470124025967965
"AUT",2009,15893.424833940884750233,7816090.136086481780492
"AZE",2009,371.834047451176231217,109953.463593813190645
"BDI",2009,882.77601845160241275,332420.981857814348687
"BEL",2009,5176.362958543154787271,2673404.2412074834375165
"BEN",2009,4920.32502133790909965,1581156.186663974494165
"BES",2009,0.95614435155815980,19.861003365036098
"BFA",2009,4.53171442904893643,5189.005111116291959
"BGD",2009,5624.76773898496699383,3077047.911828828293258
"BGR",2009,6099.585675575222275855,2370291.810270493500467
"BHS",2009,823.97196244436356802,215840.201998118231170
"BIH",2009,1296.33477499619906401,585932.629872244796159
"BLR",2009,35542.726699277306736229,11874895.993710538118827
"BLZ",2009,10296.63363073037332182,4706921.522918608654323
"BMU",2009,0.45706411255859375,211.99832092181154
"BOL",2009,225345.92426266158764583,96069852.569459533095737
"BRA",2009,1817715.11229197713617287,930771045.179147230667598
"BRB",2009,13.26493627910753091,4371.60263214875147
"BRN",2009,2169.39725017146493602,1416205.571181916187107
"BTN",2009,1175.39090584560222124,689714.5357884307754245
"BWA",2009,41.32463148358724224,8778.413388879824017
"CAF",2009,48252.90322140529014041,23356652.544277149350846
"CAN",2009,1550370.861128693900911324,502148821.1358078999480570
"CHE",2009,2273.222130563819366785,1159444.0216700431235675
"CHL",2009,88558.755040253394576778,32340832.4970659182346250
"CHN",2009,599709.961067231945290840,276343454.7019284573460648
"CIV",2009,108886.89487057907632438,52563735.518356501111533
"CMR",2009,36072.01143842584189409,21801316.584325183903631
"COD",2009,635435.95837221810594257,391730437.236897957423763
"COG",2009,19073.23680416829494127,10243937.874740366420010
"COL",2009,237718.05220455571772081,129013454.442150584033492
"COM",2009,112.20632873138346814,57775.788878264318360
"CPV",2009,15.9143745273133678,0.0
"CRI",2009,22427.42860713505767192,12282858.531763588556016
"CUB",2009,16259.82941949967848577,5702384.718089500090022
"CUW",2009,4.66494984662977449,1195.469897961743667
"CYM",2009,29.88331568068250144,10385.362570112840275
"CYP",2009,56.43821076921440546,14361.3467443173629836
"CZE",2009,13515.576022752503191087,6428210.750557506209635
"DEU",2009,28761.774966250398301066,14413346.983552819626223
"DMA",2009,73.78040032252820952,41735.144706853605805
"DNK",2009,6645.678949661105775393,2063753.9660513214217165
"DOM",2009,13966.76962716509163651,6077477.720066033949076
"DZA",2009,10465.784346599586523449,2226730.5451657920545122
"ECU",2009,57714.19494844510610114,34794261.782193372281309
"EGY",2009,59.56834375042102163,18922.436942962806837
"ESP",2009,67544.719358624141594735,24310689.390747226503351
"EST",2009,18822.906190684426687169,5116065.9225073139774091
"ETH",2009,29279.02030635406887959,13591064.284305561873409
"FIN",2009,176320.215504527947195610,35461266.2142229533197456
"FJI",2009,1790.73982408515172883,939440.212168896368869
"FRA",2009,67053.599175993195670509,29454493.227577481277109
"GAB",2009,18252.22194231392299906,11436583.831047869536582
"GBR",2009,37716.595439108323707142,14912455.621511012134484
"GEO",2009,448.366380858064265146,152462.992642324416336
"GGY",2009,1.61227687947482643,495.69061621814361
"GHA",2009,38255.04160522494697901,18690011.804174655966562
"GIN",2009,23388.00516893765921056,9572065.295214648761131
"GLP",2009,118.32368389433318512,51743.183014801796206
"GMB",2009,8.99177808664387982,3738.754083855469146
"GNB",2009,7963.97350442810621574,2887102.8025373407695055
"GNQ",2009,5684.84463050666361349,3611583.736455172486770
"GRC",2009,6564.564916578891442980,1701950.1898526483139402
"GRD",2009,93.76963414145562089,55959.53170097443918
"GTM",2009,86979.73799104488110459,42037752.980357667007123
"GUF",2009,2861.95399668145458269,2181258.979042304702820
"GUY",2009,8267.02679704091721922,5330374.784878620798766
"HND",2009,51514.57410180925176807,26284279.193916149855714
"HRV",2009,2902.369022177135491206,1223838.8097954342431416
"HTI",2009,2464.67131535087098228,1066506.361867074755772
"HUN",2009,10070.571040471749367337,3888323.639025141307990
"IDN",2009,1944957.34422383990367527,1422248487.0237884632474320
"IMN",2009,94.2372747002300371,30361.181572412331066
"IND",2009,74155.04325193387006300,39859469.6414861200278808
"IRL",2009,7223.571355850972824027,3445080.6117165494696512
"IRN",2009,191.287619243028413281,43772.124602439238679
"IRQ",2009,15.79663199298068902,4297.47691606001427
"ISR",2009,93.09575980332140291,25198.9490611408797516
"ITA",2009,14791.634903580433708659,4651509.311655557594677
"JAM",2009,3538.28177720722563197,1916490.600092589235425
"JEY",2009,2.53087140453559047,987.59884767504189
"JPN",2009,40894.679061990597087369,17687750.9533923567475736
"KAZ",2009,6432.647497601034703643,1678596.8798458541634179
"KEN",2009,17696.35663009880698382,7443695.599451433855477
"KGZ",2009,200.92763630408206528,46535.8248597855127877
"KHM",2009,121049.90351465439593957,70152271.561208795440126
"KNA",2009,33.76806495034938975,15701.69756935389324
"KOR",2009,16415.967695270472013034,5094752.6952073548313909
"LAO",2009,145558.83065858630399992,80214177.278379305964690
"LBN",2009,340.44679870227222850,102999.7311707654887895
"LBR",2009,75136.04782429279964196,39438237.149653813284289
"LBY",2009,5.52310519517795254,1072.668300859493065
"LCA",2009,54.92288419986437110,29446.539917404689986
"LIE",2009,4.21445921202690965,2318.89973873267795
"LKA",2009,13974.00786134740324510,5022982.987488203234961
"LSO",2009,4.28770221745659693,1420.780511735145334
"LTU",2009,14407.674063985241174830,4517292.196394713385309
"LUX",2009,216.400108913355060064,118009.023584597484018
"LVA",2009,34916.182233482722081319,10782735.588583660759723
"MAF",2009,0.65909474755859373,265.299627516544526
"MAR",2009,1197.39758728637489216,322808.5403153669780776
"MDA",2009,187.712269190859386115,58320.050358406071553
"MDG",2009,136536.84638276398780538,68459705.819028457069090
"MDV",2009,5.12517064116394087,224.42711169518470
"MEX",2009,281120.23038416320468682,103039944.0787537865445841
"MKD",2009,4300.855167790768272406,1728695.537241260920047
"MLI",2009,157.69520958571185844,52592.956171956814216
"MLT",2009,1.56450450268880215,403.97092049657999
"MMR",2009,216305.72023118498465703,122125856.0166682237479754
"MNE",2009,565.169934177639103006,264640.342325032794143
"MNG",2009,81792.048433338352875428,10528079.5210478991049442
"MOZ",2009,217510.17473348185327967,74705776.369996129396756
"MSR",2009,4.86755067192165824,2648.29346604695540
"MTQ",2009,199.24540572888512545,104161.004637620610051
"MUS",2009,241.85718060652215842,124118.70606886147403
"MWI",2009,4034.53313322777128580,1572099.870722609996733
"MYS",2009,623092.73742779254727426,454938196.935902133107236
"MYT",2009,5.70466428454752669,3048.421205861294996
"NAM",2009,86.03695499177298600,18474.234980160590984
"NCL",2009,975.86237901427272420,419899.923883940758006
"NGA",2009,25289.74205926540477899,10934805.865627884004668
"NIC",2009,83078.34813957359330234,46031099.911106724336367
"NLD",2009,1559.085973292391454607,650955.802666040016710
"NOR",2009,23316.629292362765235272,5886204.8337733594571746
"NPL",2009,5524.06959076128353645,2941702.9178294745642995
"NZL",2009,59613.747039241615327384,33833912.814454415630078
"PAK",2009,878.93167556915228474,218915.4881513328402671
"PAN",2009,37043.23733850633505816,20703304.858579847666031
"PER",2009,177910.88670441331371638,114352175.441544372564593
"PHL",2009,60889.77551774325983677,36750504.5158883188052975
"PLW",2009,30.21298275067409808,22768.681739378633856
"PNG",2009,49210.51683239729042238,36285219.3286225455382016
"POL",2009,46925.505842480268544757,16651189.539357495946700
"PRI",2009,952.68119189527354923,496744.958350148701054
"PRK",2009,13112.960358927706804525,3751911.388632438581016
"PRT",2009,39860.010519727124472415,13756169.0659209266399099
"PRY",2009,353171.61197115321769188,79339495.401083080591849
"PSE",2009,1.24483022400173611,314.55544939555437
"REU",2009,187.25891074539276209,103812.765373671577974
"ROU",2009,16176.936127330880740014,7425719.184611356212317
"RUS",2009,2111642.467869683108520196,416266679.98759695882518045
"RWA",2009,1381.96545714518677698,730637.090755189129187
"SAU",2009,0.0,7.711173686669344
"SDN",2009,81.320707543633344,23552.426490701962522
"SEN",2009,160.87326793595802857,58056.989334001761733
"SGP",2009,176.97040242736022917,75385.810910975382190
"SLB",2009,6034.53830722379867402,4285456.438656195956292
"SLE",2009,30546.33283240488431998,14453208.945399580434779
"SLV",2009,4283.93129924267398622,1948440.873309599931043
"SMR",2009,0.11155956986111112,23.285803006516656
"SOM",2009,307.11474573678554286,70036.627091825135581
"SRB",2009,2507.239255766927040882,1159023.204632186537284
"SSD",2009,8057.62590222419549954,2350662.211451418709113
"SUR",2009,7362.01559098901411270,5174467.760906794309066
"SVK",2009,11237.721272305374789449,5240114.6111080130055836
"SVN",2009,1948.166792503223013987,1042703.408991386064601
"SWE",2009,208258.232409843807478894,49709530.086072866667756
"SWZ",2009,10654.13566010310964834,7639859.744336178743138
"SXM",2009,2.9297104382269969,1033.89655750326083
"SYC",2009,0.15181999224012588,21.49719648192095
"SYR",2009,130.90677743737845506,34492.266900351982972
"TCA",2009,105.59492121393666051,18682.667524748678776
"TCD",2009,1065.52305455016932273,308916.482144848028841
"TGO",2009,5576.07870535965287768,1927093.588846754239787
"THA",2009,132624.66713187088867379,76164790.1724806949457335
"TJK",2009,34.041026136148007255,10529.710411205522131
"TKM",2009,12.98584265088541583,3399.038337213804037
"TLS",2009,2633.88800827095055694,1542919.966263764932761
"TTO",2009,1377.15590209895885885,753659.043754768444382
"TUN",2009,982.064405201579446566,280321.194959254553921
"TUR",2009,28108.253609552100817166,7658614.6092599212667454
"TWN",2009,8161.88753906368723978,4710740.930171432201326
"TZA",2009,143354.23006870693331703,47350385.881582908921023
"UGA",2009,23294.15386154924696531,10133008.782647805480135
"UKR",2009,48322.369760866101328168,17525338.4014429154404571
"UMI",2009,0.07309467170789931,0.0
"URY",2009,19312.09135902013347206,8558776.707218919863140
"USA",2009,1608982.101824487995166895,630619181.0273898213589047
"UZB",2009,96.40260708689238616,26623.039414119337592
"VCT",2009,29.89848461060601165,16113.406793376891181
"VEN",2009,142452.61954838652786960,60335856.255822386381238
"VGB",2009,5.1886632473578563,2460.26047863055216
"VIR",2009,86.32896580820417747,35360.638361274421733
"VNM",2009,137761.45216278405042697,87014815.502610092231770
"VUT",2009,1096.26694562590207298,596060.362023334051156
"XAD",2009,5.97357121018229263,1927.68865404005989
"XKO",2009,777.011211874882122175,391757.1461719495933898
"Z01",2009,249.09998161956921947,116022.7345916642339933
"Z06",2009,41.83301670909179696,12126.50636018908259
"Z07",2009,4798.78355845538332756,2653571.061113232007565
"ZAF",2009,67278.57924489356071894,44650406.710794854211003
"ZMB",2009,117625.71101632685973267,44200923.309826985823641
"ZNC",2009,42.26215739027777741,11132.115219851990851
"ZWE",2009,19396.00279665278128028,7897019.696871119567087
"AFG",2010,87.72845280641601000,13779.580738095123316
"AGO",2010,159799.61957383319572574,53362065.742705659731423
"AIA",2010,0.43901786148111987,106.21400781030852
"ALA",2010,633.778946004889167484,152818.227284191365761
"ALB",2010,653.072489159437964190,287044.209606106885025
"AND",2010,1.08372213858072927,633.229193195578721
"ARG",2010,413246.020456575547558456,95353373.1446205167808888
"ARM",2010,162.172624326069918900,57662.770125659615841
"ATF",2010,6.33406908907010167,0.0
"ATG",2010,19.13647801196397852,7055.646898627305276
"AUS",2010,290725.257448105300953930,49032059.96492426535802658
"AUT",2010,16723.601217075464198481,8052752.6003195330625797
"AZE",2010,549.600088443598102041,163045.350371172338113
"BDI",2010,1904.58793084704838599,764190.568547732427177
"BEL",2010,10908.972083185391436755,5675384.5160991151018776
"BEN",2010,529.23882175629529236,169769.328464056007887
"BES",2010,2.42248729275716160,21.836095461593423
"BFA",2010,6.88171021297254725,19865.227307598420072
"BGD",2010,4667.73180246455833177,2470269.011049393093603
"BGR",2010,3569.147813181132128099,1482068.0079573322684976
"BHS",2010,400.64399277914798323,112415.501104471673337
"BIH",2010,910.63770566116941162,457031.841752634643088
"BLM",2010,0.29320283725368925,85.936544235748455
"BLR",2010,35754.015338931277155361,12236557.464617050933068
"BLZ",2010,9840.02410178305133228,4620258.740382407167706
"BMU",2010,0.9141074805826824,395.3674761695672
"BOL",2010,451722.28809285636947029,177535931.520194966024116
"BRA",2010,2688727.17333379180414681,1337904984.620162468044148
"BRB",2010,17.46198449290961387,6040.002416530654762
"BRN",2010,966.98652007059927073,687134.495369718101244
"BTN",2010,4353.62165380082487093,2471315.7241758075062069
"BWA",2010,30.49984232319230418,7013.820479935672471
"CAF",2010,48554.22427972521938860,24267926.749281742867839
"CAN",2010,2104877.373032779380776442,749339143.5929776030314173
"CHE",2010,1737.893332090723011484,911051.1777563066757871
"CHL",2010,91495.169299999609764095,33750868.8765951250502560
"CHN",2010,627855.249393610584936176,283614092.336926893115489
"CIV",2010,92519.11688145562778248,44109404.228614878079308
"CMR",2010,57992.24950438598139745,32837725.310176650831241
"COD",2010,811874.30926027038110788,489287866.598152257491134
"COG",2010,44665.23340456933932671,25722416.006402848945958
"COL",2010,196988.46894622410489196,112294346.834862023485521
"COM",2010,92.29998245941791120,49679.295569597966136
"CPV",2010,1.784332851374783,0.0
"CRI",2010,13178.47846945093402428,7111751.939770054792198
"CUB",2010,8608.08925523647953269,3257042.808045308696732
"CUW",2010,1.7298512752289498,444.66794879810716
"CYM",2010,39.79336772254449409,13122.184573489599037
"CYP",2010,63.95480701526042032,16664.006912067012611
"CZE",2010,15439.062418746111841740,7418286.071044603025095
"DEU",2010,75677.771276064893622875,39374520.605637606108795
"DMA",2010,92.12036731055664162,51879.34544536456584
"DNK",2010,4427.852454244860337798,1422680.3089453996022325
"DOM",2010,14102.96760814833941637,6347364.560752511680091
"DZA",2010,2605.190028429643830411,630060.672622791642298
"ECU",2010,33821.80753423951841484,22064132.604227841227303
"EGY",2010,98.18230588488713965,28123.54122349302755
"ESP",2010,56093.482860562857115055,21497044.927950544605489
"EST",2010,21496.500296268591351449,6077519.717743762065899
"ETH",2010,20184.15651780206207946,9778092.193039299321449
"FIN",2010,167507.246899118614290943,36438512.5674291961712245
"FJI",2010,2346.76431816514497407,1257273.521133988834293
"FRA",2010,143265.159512224107937015,62997849.215178831394104
"FSM",2010,76.66233752435867192,53246.515145873654184
"GAB",2010,10674.18385778185893416,6633499.174086573462532
"GBR",2010,28469.662214221244230588,12390704.143926263309505
"GEO",2010,818.591827355069226076,300733.9038690127386976
"GGY",2010,0.30234806429687503,97.826820317460147
"GHA",2010,19475.57203249479494555,9234737.008507093014162
"GIN",2010,16045.58986952979560495,6408866.004334405815124
"GLP",2010,127.38589694605089723,56790.826063488650305
"GMB",2010,23.82726273591525677,7150.209042496340938
"GNB",2010,4900.40665550617380202,1852814.913740956335520
"GNQ",2010,6593.01923800626891915,3985195.378060790650935
"GRC",2010,7787.965613519712921244,1808604.1348536148168993
"GRD",2010,159.55607142810929209,93439.773112463886416
"GTM",2010,59533.01608183923118083,29504892.719042014838720
"GUF",2010,3205.55823287235306494,2451481.466842700400068
"GUY",2010,10098.65664677590513505,6472100.806662816185721
"HND",2010,46084.66044552572513320,23572524.666843858529352
"HRV",2010,3499.302748433106458420,1563173.937503901612315
"HTI",2010,2084.36117709579536826,906884.012391684563389
"HUN",2010,11258.434315584297425226,4422544.260970993586125
"IDN",2010,1279328.21254292780793504,1041673447.035610999520697
"IMN",2010,99.91279284703995037,35421.883534502329305
"IND",2010,47441.78702203464283902,26027577.4174557189751906
"IRL",2010,3852.554952158452233251,1847842.1788329574417545
"IRN",2010,195.790067607864592455,52070.3210102401123079
"IRQ",2010,13.41544111886067663,3875.551617166558487
"ISR",2010,89.07957604945634127,20200.967081444996387
"ITA",2010,15804.290976566658121021,5108640.6499229332837645
"JAM",2010,2364.94806674978278379,1281145.315343574437548
"JEY",2010,14.68084471052517389,5848.572480514875374
"JOR",2010,0.06530639208333333,16.279222586073416
"JPN",2010,35745.198207914992412315,15729379.6573986518995054
"KAZ",2010,3108.915856366748645628,980421.8240417908634606
"KEN",2010,22692.39459009970280457,11051646.348160116115587
"KGZ",2010,260.97381578618719959,76475.507723540133605
"KHM",2010,237974.54154735159987144,137098764.6348365757779755
"KNA",2010,18.53841190994900216,9207.549915254276824
"KOR",2010,14429.425148731962155025,4978254.4427817019053655
"LAO",2010,167098.12850039858261070,93521344.992865807795257
"LBN",2010,115.18064020309354549,34533.951279442182260
"LBR",2010,20357.58946819765542265,11042049.572520678848942
"LBY",2010,9.41428543328124805,2412.766866946270614
"LCA",2010,99.84201267662543810,53292.149961409575847
"LIE",2010,2.791921383331163305,1680.864316277848646
"LKA",2010,7230.90870553151462900,2720994.249762440336131
"LSO",2010,3.77271354007812535,1278.733500555291916
"LTU",2010,21666.847444003402754012,6960272.6017834771872346
"LUX",2010,880.534569287686480952,493504.178766691640880
"LVA",2010,48507.194290839010273403,15293788.972552578213753
"MAF",2010,0.51261701515190971,216.191547927565376
"MAR",2010,988.07706697948139114,279925.8825627694839291
"MDA",2010,176.751080897191855820,54487.867593779098330
"MDG",2010,107218.89158343021478234,51081691.528248821299811
"MDV",2010,3.13572614566270648,112.107405055049473
"MEX",2010,166828.96182979238227078,66209363.6185844718394175
"MKD",2010,2223.157002075692171745,948962.718524315107989
"MLI",2010,53.89056148901909953,19558.546818306794345
"MLT",2010,0.62600223333333344,142.37740842364674
"MMR",2010,169912.75555434641126328,96950862.6364228501387107
"MNE",2010,210.939333957269974514,104967.153250794103235
"MNG",2010,8764.254044617303552612,1488184.3990332449886503
"MOZ",2010,194550.08290452731028389,69667138.736104660330595
"MSR",2010,109.30204099190008077,53510.714964074990970
"MTQ",2010,75.36671357431857440,40559.07002307210418
"MUS",2010,23.2674688370366752,12787.69567137424383
"MWI",2010,3991.28771981746220836,1574266.148026858553791
"MYS",2010,430950.69572097713252268,269788108.934686766029363
"MYT",2010,31.90512951202637132,16403.802646016451874
"NAM",2010,27.11246887378472505,6519.409458843431545
"NCL",2010,550.42164223682080948,227463.046224175426871
"NGA",2010,32782.06424321336174182,15222622.458742638806689
"NIC",2010,212481.73737195537993327,116482992.401653516130564
"NLD",2010,3403.389896823354024132,1410546.937389802492930
"NOR",2010,40129.062843860965908924,10075818.5507827037994519
"NPL",2010,2347.69860064375727546,1336414.4641712089378663
"NZL",2010,56121.872153315341758447,32341806.486136823987509
"PAK",2010,690.44019563410858181,174206.993831905110971
"PAN",2010,15435.48606452405551251,9096379.588645047715986
"PER",2010,142293.83821602925637253,92833721.541588178605347
"PHL",2010,102649.42944981858642059,61507389.198027649806121
"PLW",2010,32.72961263830593632,24167.680449256505915
"PNG",2010,68760.73607329275220079,51889884.296775097572810
"POL",2010,71834.941534492136950874,26355063.703776115813851
"PRI",2010,595.27982619751292838,322659.380774515754454
"PRK",2010,19015.050124400381497289,5974756.6557428832060762
"PRT",2010,48400.980641582935771864,16000772.215975913824171
"PRY",2010,442278.15617231067005575,103589322.469199985788109
"PSE",2010,1.31065981177951393,320.02406877652684
"REU",2010,223.43873798592113048,120325.39677671572549
"ROU",2010,17781.761807456224316013,8341959.460534707670348
"RUS",2010,1859545.506051194407517991,419105115.1234238919925232
"RWA",2010,2450.38372834136251485,1235342.827883947919038
"SDN",2010,41.83875764753961515,13478.5421533118300965
"SEN",2010,153.82539324719939907,57563.7792583523961795
"SGP",2010,43.91568924047403782,18227.057597752115601
"SLB",2010,6418.09400273932689058,4636181.872818969882518
"SLE",2010,8782.21451403749880086,4211310.351603074128376
"SLV",2010,2873.01788869238362645,1277263.390278980456529
"SOM",2010,139.64642920485095652,34906.446477298912420
"SRB",2010,2461.868685246808007196,1127904.507970685053124
"SSD",2010,3879.41041022562913292,1299019.658344551490868
"SUR",2010,6999.86100801242921531,5232041.543968779819868
"SVK",2010,17100.061087965208245894,8312314.293641581245652
"SVN",2010,1428.89069783749100750,751774.178415129382269
"SWE",2010,263646.267450858396100559,62434497.2836448133817451
"SWZ",2010,6660.40843081088246871,4250070.949017864740051
"SXM",2010,0.21973067132703994,81.743102642475216
"SYR",2010,240.53296655365077058,52211.9967548458669015
"TCA",2010,38.41868880473635854,10221.668251968035878
"TCD",2010,254.65247386251077131,72594.360453967401215
"TGO",2010,511.50600790212038390,200772.708072697191454
"THA",2010,134876.16006956396200342,78751701.1584700402035625
"TJK",2010,10.857889648209634825,3338.293205644275370
"TKM",2010,8.873221635605467519,2662.840109434624629
"TLS",2010,648.85888865572926102,388297.843679036870830
"TTO",2010,3406.83339102134249627,1891234.453239875798721
"TUN",2010,398.473425612897003674,108418.568353253346271
"TUR",2010,17007.965143317401273724,4883784.8218917947374955
"TWN",2010,2459.82198896150935851,1440877.843971937022273
"TZA",2010,138482.22438363846411861,48452886.923955572259767
"UGA",2010,34149.34219171544747117,17093809.797276386467353
"UKR",2010,52440.798762545441243928,20211058.9847565301566530
"URY",2010,17840.59921595419216619,8964977.943479779201288
"USA",2010,2167603.379629433833689468,761785155.4716310955075786
"UZB",2010,31.92424279353515850,8065.3972514988823063
"VCT",2010,65.79194186812827727,35937.91000693196137
"VEN",2010,101296.61768571619067559,45358994.9515756028449385
"VGB",2010,3.9462251163910592,1865.61863483504247
"VIR",2010,21.34495411414280344,8639.966596713497796
"VNM",2010,174282.13865956957824482,109622300.9000299505886345
"VUT",2010,307.62891165359855661,166333.487496529565670
"XAD",2010,0.2542266705729167,89.35348268600605
"XKO",2010,468.277228589372780086,226970.356764014506059
"Z01",2010,288.22115307276294497,131674.509587383583105
"Z06",2010,29.78066257459744380,9290.637161386114705
"Z07",2010,3587.30976732134606664,2004384.488180395837086
"ZAF",2010,61758.75100797883584313,41182788.092230217615507
"ZMB",2010,172815.84048673649128473,67045144.711260159745291
"ZNC",2010,19.5468466247743056,6320.35245840219617
"ZWE",2010,6628.36732197769751433,2435096.834562186748506
"AFG",2011,113.07815802064234410,19743.347996463194989
"AGO",2011,182909.71748731808870492,58093240.911073528503863
"AIA",2011,1.024562784061415,228.53621002217395
"ALA",2011,465.82244312337659370,114471.537037192081580
"ALB",2011,1186.34586433436545492,357543.8438884754314620
"AND",2011,0.9132576060937500,471.82324213976656
"ARG",2011,499194.743753613774778060,109718858.6628013058438899
"ARM",2011,173.98857449857666911,62839.2582770477541505
"ATG",2011,25.83647597351996459,9404.908556147177426
"AUS",2011,121316.133871790854497269,44322792.11254627127823607
"AUT",2011,18099.219092144624954539,9353109.066309081015348
"AZE",2011,147.45568862606337448,43075.624572549857966
"BDI",2011,960.58653051645967827,402439.786893435058833
"BEL",2011,5016.268618971314793022,2701124.034385879369519
"BEN",2011,654.66752562132719126,237804.828197629898039
"BES",2011,8.80900175149956571,82.089222402145822
"BFA",2011,14.94099409663194515,8423.259381253152787
"BGD",2011,4181.08103221040696714,2278772.931508555817886
"BGR",2011,3331.690642235093652029,1399266.5356764111748956
"BHS",2011,624.79385251944285512,132493.182668202883779
"BIH",2011,970.559919871792788065,437797.8094016177912655
"BLR",2011,45366.687411265884900728,16012531.053968186904989
"BLZ",2011,26391.39511643060888170,11808341.753203803393645
"BMU",2011,0.13045129684678822,54.68581025664663
"BOL",2011,330357.77966159648615353,131536165.958833354633290
"BRA",2011,1923161.10231732702434816,989479016.342625692739102
"BRB",2011,18.13697372804144965,7276.461647996873439
"BRN",2011,2620.36323487654631513,1960882.251195676715997
"BTN",2011,1090.92441559792112164,585371.102775723016644
"BWA",2011,21.43335792786567022,4419.486788043400454
"CAF",2011,49140.23137842113528311,23425295.199766458920303
"CAN",2011,2160701.475889080361874019,870144032.7151015449684252
"CHE",2011,1939.485960367560835533,1069614.895645264204456
"CHL",2011,99323.348547752538716810,36076675.425470326809438
"CHN",2011,598619.820248600567928685,287568914.2135602492924662
"CIV",2011,124736.39439490923374258,60388710.261716842209103
"CMR",2011,27651.74549966779167438,16076357.259436658717155
"COD",2011,429465.03134152435407374,258809091.0870539263670635
"COG",2011,28374.42118448140396163,16477829.575393190053810
"COL",2011,189801.62296273355361165,108520229.926902406894932
"COM",2011,122.61209920006570329,63769.20847547481084
"CPV",2011,32.81888692471897145,0.0
"CRI",2011,10504.41312028085928382,5742388.319240373907839
"CUB",2011,16312.75170921029173546,5810423.7792134407118635
"CUW",2011,1.35466196401150193,519.28472314841168
"CYM",2011,39.77471242454965523,13756.475950396865388
"CYP",2011,118.52639279954849947,29529.0697762080218645
"CZE",2011,21855.307692510295267472,10383990.171539159044247
"DEU",2011,34271.129427534757646964,16971516.106674936177166
"DMA",2011,44.46318314962891283,25107.431473312332480
"DNK",2011,3132.382286943073350383,1027472.1671871991688543
"DOM",2011,12960.42199431122626675,5774535.907195585366464
"DZA",2011,8342.413256205622854860,1914290.6125784344790737
"ECU",2011,43672.17902867031470619,29650826.4745640895973695
"EGY",2011,102.62333657771158523,37588.77126550451925
"ESP",2011,39325.332835066088196912,15554105.328087070066319
"EST",2011,27198.968997114763898650,7849791.472565629393499
"ETH",2011,15462.73447562598292700,7644870.9882741215877535
"FIN",2011,159354.736701801570227282,34137241.5975404217867794
"FJI",2011,552.80239266247400690,290206.886118849818769
"FRA",2011,64074.316863003191203265,30463732.231412678092066
"GAB",2011,18160.57828669729520710,11054217.456647868645221
"GBR",2011,22663.311288844024223420,10522757.0536059728392090
"GEO",2011,539.714363789644277443,179642.964207566353479
"GGY",2011,1.00841802322048616,434.1647187627914
"GHA",2011,36202.53044529227515733,17905715.809303890380613
"GIN",2011,27637.96099240007960324,10574071.707556384735470
"GLP",2011,73.90693008629068138,34731.980262819074664
"GMB",2011,30.42262699523003599,7868.059619078011937
"GNB",2011,4283.91116133350390250,1658843.976964959498769
"GNQ",2011,7706.21072880645037991,4890931.821999778782988
"GRC",2011,6200.518803332725523816,1505128.747019962314732
"GRD",2011,40.18600682174642510,24202.060550340949454
"GTM",2011,40533.52696451432781156,20756073.001665332881179
"GUF",2011,2708.79684456342447364,2064700.672014723897388
"GUY",2011,8363.06474658662528719,5685273.692156917141891
"HND",2011,52571.18021117537583770,26499280.775488347212468
"HRV",2011,2918.689847771727308364,1246923.7708258651078638
"HTI",2011,2564.21003283122834445,1073705.684351329348610
"HUN",2011,8224.643797565829486965,3262517.518000021624318
"IDN",2011,1543627.69393461466307446,1238960256.279021736587204
"IMN",2011,24.07892277016058785,8283.38370862414125
"IND",2011,83414.64797967517669998,44399308.4952135046733894
"IRL",2011,3100.672678619546044177,1551480.097667404230034
"IRN",2011,238.912150146539720545,57571.836085463697396
"IRQ",2011,3.2901355319466144,1020.026896398807935
"ISR",2011,1065.39235168479848978,224723.783155896372521
"ITA",2011,11446.736538361145811221,3655515.203771118811857
"JAM",2011,2385.22242001276528147,1319451.170032707341027
"JEY",2011,6.37744455104600825,2730.857775198439665
"JPN",2011,35955.324513467456528052,15980737.7654993243970785
"KAZ",2011,4852.338242946110714821,1700827.719064405401055
"KEN",2011,17299.60328900261199479,8474040.668137726368695
"KGZ",2011,111.98228054723522323,29892.695784648683757
"KHM",2011,192184.63190642584323424,123274405.610005770344129
"KNA",2011,12.35880575685546973,6122.938750915217406
"KOR",2011,11718.737801808671230242,4029461.8382774527052265
"LAO",2011,130901.87859200894517421,72408879.855376212715839
"LBN",2011,139.40904701794488648,44598.896848257853416
"LBR",2011,34444.33601962112725908,18468224.666333412518699
"LBY",2011,9.48761119699110344,2311.342725054709024
"LCA",2011,61.57842812023437865,33344.449339899783523
"LIE",2011,1.63250432755425360,1028.53237521341050
"LKA",2011,14736.92232562383764356,5379244.138300873924091
"LSO",2011,3.35407854460611990,1309.756457686869382
"LTU",2011,21735.110301129267013374,7427673.127588253476821
"LUX",2011,447.808671521241307054,256212.326909470671591
"LVA",2011,44737.519041134721695325,14541582.017798042425069
"MAF",2011,9.52015504183268028,3827.50395497459746
"MAR",2011,3392.46173780098505155,1006475.1808845540648620
"MDA",2011,186.864096512226598255,59005.116945295842310
"MDG",2011,162323.34108831308848908,84882411.834121775033241
"MDV",2011,10.56215889121843193,425.487086261127046
"MEX",2011,186827.66836103899510806,72132831.0336371454065585
"MKD",2011,2156.63267669626707591,936272.890536910488198
"MLI",2011,165.78566284810276602,55776.693618021871713
"MLT",2011,1.4388258726866320,330.60224270534116
"MMR",2011,135716.94086101886381403,77913760.535363427039429
"MNE",2011,494.315599968311492827,219337.158704282942853
"MNG",2011,3550.509212361450524801,1025642.3273657533825356
"MOZ",2011,150252.54249274194718020,50854975.248997480085440
"MSR",2011,6.34311255002821246,3423.198882878963584
"MTQ",2011,152.99273973812338074,80990.255228628424056
"MUS",2011,487.31949644179051018,225834.874081359475666
"MWI",2011,8270.34781796929257389,3750412.887325183159759
"MYS",2011,463150.19134596557503836,309732224.024210394037565
"MYT",2011,2.32729751365668387,1094.6901913773613
"NAM",2011,70.90416643323242963,14034.015966420117365
"NCL",2011,709.15686589401253325,318869.208082172133355
"NGA",2011,53891.41223592471693429,22934073.874651083727209
"NIC",2011,43279.93105930323864297,24705847.371220869887846
"NLD",2011,1155.291880511294735750,496206.064109110753772
"NOR",2011,32768.919544238582842788,8297263.3734975154355792
"NPL",2011,2816.45996995608692606,1658729.5681028355261320
"NZL",2011,59944.526162540216018081,35628871.4966817470902901
"PAK",2011,449.89019962438144560,128354.893276658391713
"PAN",2011,23130.61003364793917307,13635586.149337788930831
"PER",2011,125253.51748516457941176,81381727.747689983567319
"PHL",2011,33252.63439338699821592,21040252.404385251705696
"PLW",2011,30.66818104088189228,23032.882241675851459
"PNG",2011,53045.99926167023344693,40698284.646525257017758
"POL",2011,56650.142027971780218061,21449970.7687083771186442
"PRI",2011,1227.76250043877895762,638358.434987073603988
"PRK",2011,5421.525313090086697540,1421069.403718654984714
"PRT",2011,26673.755395531014644940,9736561.8877409207842994
"PRY",2011,457174.11734661842396515,109527791.3648012010607995
"PSE",2011,0.26135731809461805,67.792556232131446
"REU",2011,562.4162519911837486,272148.49097290516245
"ROU",2011,16927.847414646975082566,8108245.941256646842996
"RUS",2011,3021488.596315948894652830,556508304.0923701612317610
"RWA",2011,926.01149118821578804,540161.331188008197126
"SDN",2011,205.23965825655650565,58473.129641348877685
"SEN",2011,116.84204874571715052,40319.307555345484239
"SGP",2011,73.91115390353583267,30391.418630226403120
"SLB",2011,5860.47837624561891707,4185212.857850659466594
"SLE",2011,33929.46108345446563376,15942020.790813754730086
"SLV",2011,3241.99453293545699867,1491657.933233193767419
"SOM",2011,184.50804264629568712,43881.268353004319968
"SPM",2011,0.10605823106336806,0.0
"SRB",2011,2210.161611256542521616,1054871.989232306156030
"SSD",2011,9011.57475271381674568,3013153.795635857156066
"SUR",2011,5696.75454984640728547,4396110.767674446103271
"SVK",2011,11543.638861848505295285,5488008.1676106165157584
"SVN",2011,1430.385232648510897838,761422.918450975704631
"SWE",2011,205321.261634294496914874,51676867.3297287676591366
"SWZ",2011,2621.92453533219843435,1537519.906375060148952
"SXM",2011,2.56352342344184012,928.019975557277743
"SYR",2011,155.77309749591036850,46720.6935862334127195
"TCA",2011,14.59910542796766899,4245.061229624761481
"TCD",2011,920.00017879787610440,257878.234729816747767
"TGO",2011,1243.43121111195621431,539224.247790188920237
"THA",2011,94521.75661436408850104,53946402.212631657858245
"TJK",2011,20.078610675755212814,5969.614893774635584
"TKM",2011,16.51523347601996674,4512.148861509533664
"TLS",2011,1463.47666710663568196,816332.255219220734253
"TTO",2011,374.71947972307107244,216923.063112938301909
"TUN",2011,2205.189804069924906580,482095.5045041909190038
"TUR",2011,23887.932760150973246912,6796273.0027403452615356
"TWN",2011,1461.48699616059125419,864908.460653625409768
"TZA",2011,137795.82477372487909981,47775829.587202325843540
"UGA",2011,65067.47155214485170484,30711466.557608517224130
"UKR",2011,60355.768611526065056809,23970886.182471215761104
"UMI",2011,0.14619762580729168,0.0
"URY",2011,28006.21881084859124217,14615634.664868872285009
"USA",2011,1663676.380763576556613830,694916520.7112975789641685
"UZB",2011,33.41626008138455089,10034.7870528060448133
"VCT",2011,30.42107747917154545,16089.354129853262503
"VEN",2011,74406.71485399028832854,33564280.376437259752016
"VGB",2011,15.34673509677409195,6640.068048926579705
"VIR",2011,50.06436353002710657,22621.240742519389585
"VNM",2011,130810.67157434312254378,90211513.873390202916556
"VUT",2011,607.10441730042768782,331442.499866996082215
"XAD",2011,2.16166763512586834,911.096695634595764
"XKO",2011,802.003887874244918432,353737.234585325121311
"Z01",2011,80.47261154264649565,34290.54803640949743
"Z06",2011,13.49424338953342285,3796.879948246109854
"Z07",2011,4965.09036454198442523,2833612.670560111250931
"ZAF",2011,69616.86187357007521934,48164026.042191435391549
"ZMB",2011,60114.85574915213582720,24204359.467409920526062
"ZNC",2011,28.13529450601562614,9061.130890157959687
"ZWE",2011,9032.66499668130322385,4258267.391895076500773
"ABW",2012,0.15032492318467883,26.254147710868935
"AFG",2012,39.307615656053605356,9337.449789437854120
"AGO",2012,180747.12371899829911627,59464119.192452649797992
"AIA",2012,1.90261415862413204,481.95268496942527
"ALA",2012,654.72864963467399593,160158.173917433477853
"ALB",2012,5395.474288789087263093,2171738.9360439749361166
"AND",2012,7.697719637322049726,3748.29167555304027
"ARE",2012,0.0,7.844773933512796
"ARG",2012,478179.610453244647426100,113857153.0124755974541916
"ARM",2012,197.678176409158166167,66899.6414534783801590
"ATG",2012,33.34539066599501855,11326.132280042215494
"AUS",2012,139802.938679561489393172,46782221.2037741241401908
"AUT",2012,11165.759237464445280116,5718172.080263761859441
"AZE",2012,597.631968693340449870,174781.679123022384982
"BDI",2012,871.16292040770289100,340546.391023148397886
"BEL",2012,5635.018792521475567738,3090067.5265763707287965
"BEN",2012,2857.79893317739178932,1062644.595768044164065
"BES",2012,3.22207849079535600,734.053018734125910
"BFA",2012,0.30217610648980034,4636.189787134669270
"BGD",2012,5359.45828566119905903,3085806.524276701000607
"BGR",2012,9977.505698843291412369,3962712.0742977092967466
"BHS",2012,370.59397257443886366,119081.854876674117723
"BIH",2012,2433.647220558192400639,969455.642370559617605
"BLM",2012,0.14661330794162328,46.40069693636424
"BLR",2012,39591.092045891424468548,14166028.5713125028919739
"BLZ",2012,11585.53399077804785384,5428104.899848932798317
"BMU",2012,0.5877053031608074,234.2727169443903
"BOL",2012,273561.63901629499910021,120352345.299384414699293
"BRA",2012,2918559.51728191251603305,1458966082.283831262112998
"BRB",2012,116.54373804803816690,49200.26558832324386
"BRN",2012,1836.85950878259678747,1278920.051084778398956
"BTN",2012,766.34953753010742997,442244.9594219120461600
"BWA",2012,15.78723676305555550,3438.408315582032429
"CAF",2012,57314.11963625804495399,27153096.054108418535409
"CAN",2012,2545494.374125562605725318,1077949577.2656846256580512
"CHE",2012,1517.165861491499674762,826214.3695827009308223
"CHL",2012,174788.499047656002290697,57335713.2654983518370322
"CHN",2012,605034.296372228627289276,287055410.3013440373477121
"CIV",2012,96138.39143202181069799,48164713.048949662822640
"CMR",2012,51267.67919087295902573,29484620.068884271261633
"COD",2012,632081.88657955494311788,382546097.111409197664539
"COG",2012,32143.38695785869871444,18974573.811518728149559
"COL",2012,227584.17308030313319375,127857789.4396449085288735
"COM",2012,127.29285184634000912,61719.138606564803670
"CPV",2012,17.98607391268229422,0.0
"CRI",2012,10388.47329274361117236,5840989.783127144629710
"CUB",2012,10344.97798773362741375,4226681.5745719785229245
"CUW",2012,7.37549863180555475,2489.469151241310882
"CYM",2012,9.22767176284505257,4025.057684002009124
"CYP",2012,54.30803393566625012,10285.5252093838947721
"CZE",2012,14006.685434218199040828,6876790.129837897502262
"DEU",2012,26007.248144364301479953,13218412.3802945016107837
"DMA",2012,144.72383572316842596,83665.090470005838924
"DNK",2012,4451.952352689336607778,1505580.7860545940439571
"DOM",2012,17905.35132560992214166,8081679.4153174734008031
"DZA",2012,10907.904656082245817059,2145387.7413017031123925
"ECU",2012,74304.12006742206329860,46891184.6696353009348595
"EGY",2012,438.85342805083236417,123758.58547623888004
"ERI",2012,0.0,1035.425367726295395
"ESP",2012,80495.772187631178592619,24573076.6855782120018493
"EST",2012,17685.152688754865014124,5230291.712147793016446
"ETH",2012,41631.93539087012384935,20228479.990774461511133
"FIN",2012,160310.409293344846082564,35411757.6285514630640801
"FJI",2012,1219.76655060908748093,628330.197705855720358
"FRA",2012,67302.668662870363263054,32353429.727562490818099
"GAB",2012,17475.92873989286180570,10767664.078666445656987
"GBR",2012,35664.475555919790066016,15032752.361787446640432
"GEO",2012,472.998931995581565610,176575.817325350195192
"GGY",2012,1.20937758854166673,419.07426908910266
"GHA",2012,36631.09340361196037711,19059230.281372100317171
"GIB",2012,0.12483585946614585,32.627227930816794
"GIN",2012,24485.64444939589725722,10752384.866290948948408
"GLP",2012,294.82241365661130694,121915.177834345162310
"GMB",2012,40.69027206510850059,11420.133553008068982
"GNB",2012,3511.44947592676038888,1349451.347208417682919
"GNQ",2012,4952.66406660882103817,3149918.544702508604533
"GRC",2012,13242.143652819069626856,2654763.0401531100733828
"GRD",2012,39.73595788202311562,24337.26222688647002
"GTM",2012,84026.95066423416723185,42521200.168927535721777
"GUF",2012,9772.79144532000923872,7400578.200241083734473
"GUY",2012,13112.05761058172553314,8630541.939424837367966
"HND",2012,32305.64280432073972567,15859892.397643270388020
"HRV",2012,5004.428537303010713806,2166232.907483617220455
"HTI",2012,4272.89269925891517037,1883210.998497536068917
"HUN",2012,11919.639340113851625426,4728811.6047603496281735
"IDN",2012,2260257.89505443043540624,1785096764.230707814281513
"IMN",2012,62.60607741938802296,22466.58822317120108
"IND",2012,88012.04682725532897119,47538973.989128444589094
"IRL",2012,5829.057742590910527897,2905928.0407437871922779
"IRN",2012,407.39127389371521092,107082.943044141270528
"IRQ",2012,9.13202487241970583,2642.913801498892217
"ISR",2012,49.23018969847438614,13704.3699862678076304
"ITA",2012,21486.630274890687469220,6514145.3753446063849014
"JAM",2012,2603.68579339076282705,1480319.479543138471663
"JEY",2012,13.36327917023437508,5113.867824206172505
"JOR",2012,0.13055328269422745,35.409889363103002
"JPN",2012,45671.874088180888826232,20445015.4688508696205598
"KAZ",2012,3741.514267643560826890,1134107.1933042158985627
"KEN",2012,17898.90609367575622758,9240489.133719122285829
"KGZ",2012,84.65660715926865023,18699.9921176759022319
"KHM",2012,195568.90409303755658210,122034812.080903119288542
"KNA",2012,10.74117123527343766,5240.802749409674576
"KOR",2012,15941.959244857668324235,5611612.8881376555564994
"LAO",2012,147532.79559964040840094,80126089.912454108595844
"LBN",2012,169.94172041821613878,52639.032649883784161
"LBR",2012,72114.09319352755871812,39280553.560283881366523
"LBY",2012,4.93464658054687495,1141.0328501026275864
"LCA",2012,67.10805567304144848,37388.722108166748301
"LIE",2012,3.79319481106336806,2107.004510582360561
"LKA",2012,14427.70872213922334491,5633243.002401410926303
"LSO",2012,3.30016147288194461,1144.234230338393479
"LTU",2012,17602.900557840172814344,5913355.909712018082100
"LUX",2012,444.289455326575322944,255850.175678327766239
"LVA",2012,34285.415921709019102556,11167959.6566645302997953
"MAF",2012,3.44178225188151051,1334.190668504407024
"MAR",2012,1689.89017090582359867,428220.0262819371570602
"MDA",2012,1771.584435717743662468,540833.539013743666931
"MDG",2012,128468.09040143575000861,63268486.5501316953624586
"MDV",2012,2.45074320133460154,87.709343654847687
"MEX",2012,174712.80978627146216745,70418741.8321920440346682
"MKD",2012,2940.644597642138614905,1165630.1581854254205877
"MLI",2012,78.9212509487027471,28559.091114543740172
"MLT",2012,0.31300136191189238,72.116193191952008
"MMR",2012,225188.42900826113547843,128894644.6282168660865485
"MNE",2012,1258.602534795844648780,519912.2404029558166278
"MNG",2012,34640.341139671102452942,5640001.5000012370957330
"MOZ",2012,139952.40871319797690596,51031524.500611885385643
"MRT",2012,0.0,3.2958836314460322
"MSR",2012,2.21233216459852428,1080.52931215147071
"MTQ",2012,308.42506400738657245,160301.418932802039413
"MUS",2012,152.47020560564668338,82757.22643953856720
"MWI",2012,12175.10258163727669455,5891544.135481248836462
"MYS",2012,628383.28018911826963563,420433502.158444785885802
"MYT",2012,131.05118074522433146,66081.124004388400345
"NAM",2012,25.97355100622179350,5375.464938715452863
"NCL",2012,838.32798702397669230,379957.890638158177522
"NER",2012,0.07476342613009983,0.0
"NGA",2012,34970.91954364169430730,16683899.663707248368839
"NIC",2012,33691.84477753160385419,18453625.383954255530095
"NLD",2012,946.708692140264794886,426148.052004796021001
"NOR",2012,29947.125947306147670658,7747250.7433315347132980
"NPL",2012,5045.04521503283230523,3004683.570182405054111
"NZL",2012,69499.067619761162878123,41634017.830672108026969
"PAK",2012,223.22592050414603130,76324.4639602651049753
"PAN",2012,17094.54308509317494875,9947972.190578262828800
"PER",2012,275417.42370627916729498,174955316.4282230536006317
"PHL",2012,59587.14724159527205466,36942260.5933943485732006
"PLW",2012,28.00163729726183050,20999.24174029010693
"PNG",2012,73333.85155677667800988,57983378.752421098505466
"POL",2012,54895.927484073175673744,20758949.0229012669608295
"PRI",2012,653.75539435802295180,352597.266321910310438
"PRK",2012,16679.890150861556042558,5502188.7084755563069838
"PRT",2012,58236.242100930059133365,17649668.799345783681503
"PRY",2012,510213.10386167520207328,126140699.055435376593185
"PSE",2012,0.457779036858724,88.90935555917139
"REU",2012,852.6125562126445373,396056.0928992076273
"ROU",2012,30649.281823629798891651,14218449.2736340349518427
"RUS",2012,5391243.469713060219883714,916106215.25753665655602176
"RWA",2012,1090.91317506105969254,611261.766108105545919
"SDN",2012,13.20474978755099894,4060.123400434039145
"SEN",2012,84.50333117818360535,29142.636827370189254
"SGP",2012,92.13825498833895103,38871.469481479800773
"SLB",2012,8806.57579265924376497,6418840.534508124041396
"SLE",2012,16356.21566301590720130,7652795.993221705744096
"SLV",2012,2535.67142338622738278,1162124.976513196211605
"SMR",2012,0.44593499398871533,147.66927672246985
"SOM",2012,194.90066518408241231,39361.401381252926200
"SRB",2012,3478.064729485688888028,1548303.5761084946752298
"SSD",2012,6707.21640121378843317,2181994.147693538774909
"SUR",2012,19502.01937470648653537,14522071.416516552351876
"SVK",2012,9169.734657888790493027,4596424.083013393141462
"SVN",2012,904.14024776450501357,444338.636585229312264
"SWE",2012,234882.539184550911285367,58598395.2860397896233953
"SWZ",2012,3527.10006830213670849,2171283.659962548565330
"SXM",2012,0.29298024883680559,98.969208547945603
"SYC",2012,0.60739748259006080,370.825735331995613
"SYR",2012,5370.64272121703095747,1017338.5038016576960095
"TCA",2012,7.65647290180664194,2185.186835086617277
"TCD",2012,2491.10958136475720790,707551.909891336936861
"TGO",2012,1738.52899869643397749,670283.501294817162674
"THA",2012,114478.89216108834110467,64065249.4636975911635564
"TJK",2012,26.04127895288411642,7470.9097404291371333
"TKM",2012,8.98690864581380271,2408.304065469141345
"TLS",2012,1887.30657039262975844,1135055.284521877955823
"TTO",2012,713.53939811133744689,409627.063736205577455
"TUN",2012,1418.989141277990760177,327040.8111915407540376
"TUR",2012,28467.090273551835720179,7782225.9211519279121615
"TWN",2012,1460.09860079756420920,814108.218641148165355
"TZA",2012,154429.70370437398026565,53402768.107687063072778
"UGA",2012,29141.22866394821858138,13868494.732797070460616
"UKR",2012,55521.160744609772405896,22332570.7623022465062639
"UMI",2012,10.45293944240993962,0.0
"URY",2012,31403.12112193875054128,17087213.6447942394565276
"USA",2012,1964078.156107635883919133,801872731.18230845116403898
"UZB",2012,55.3762050759461838,14603.0545390843551294
"VCT",2012,24.65449282997666937,13643.517109908295566
"VEN",2012,105952.16642954681557885,47494739.402235415335121
"VGB",2012,0.87706446404296875,409.09642202683155
"VIR",2012,26.62460833558267818,11575.017655013712043
"VNM",2012,181275.72177738134897634,128710936.4389379553170946
"VUT",2012,198.26048712759495029,112299.737992678928126
"XAD",2012,3.55957388568576535,1902.5082842461541
"XKO",2012,1736.620844712818606519,711351.0660094669644699
"Z01",2012,399.39995675262479606,208870.771245497164740
"Z06",2012,15.61101973299587497,5641.430882014897588
"Z07",2012,6657.04116804838844701,3767006.316860059447451
"ZAF",2012,84896.51524891090654117,61445473.0090332749961132
"ZMB",2012,128442.22691025929722992,52173181.937839792425219
"ZNC",2012,11.4711056480512163,3355.38655951749464
"ZWE",2012,13790.44390190297586530,6044058.308520968249404
"AFG",2013,1.45184122524522590,310.2008430211073429
"AGO",2013,168837.12476075723729639,57602651.399286199977125
"AIA",2013,1.3171679605685766,359.99728763535402
"ALA",2013,509.692407979976042007,127885.5193629506927398
"ALB",2013,2569.967981802836646708,891428.7101864217208476
"AND",2013,3.36418664112196151,1771.804348736722757
"ARG",2013,376746.290387459157103118,87423807.4649739755033757
"ARM",2013,41.841262193765189145,14415.7793346139585657
"ATG",2013,21.34523197619791697,6822.391098783961207
"AUS",2013,260093.733630968693487929,73837998.8337142370772329
"AUT",2013,7655.331442349511308595,3860429.253878787376905
"AZE",2013,149.07599370587674145,43803.800135050685538
"BDI",2013,1405.56937660389110661,563120.166786939816784
"BEL",2013,3314.999739024617271536,1841304.8169467791415446
"BEN",2013,1310.15875613328125065,503975.352407427422894
"BES",2013,4.36023698318305153,1415.126426062514346
"BFA",2013,0.22648428664767795,8312.625825850331216
"BGD",2013,6021.99799492234886400,3418204.166808073916303
"BGR",2013,3692.761544636331135591,1568487.691358539188871
"BHS",2013,1572.70768040758852161,404609.914757119303069
"BIH",2013,2573.897644907124845211,1049019.2527348630899310
"BLM",2013,0.36651387559787327,128.153230729340207
"BLR",2013,28084.740951029135985612,10028054.7016584927687482
"BLZ",2013,16403.45483215613484714,7861522.286682790052324
"BMU",2013,1.436534731482205,595.2750404676875
"BOL",2013,179793.75931905209831799,77542862.150116550966934
"BRA",2013,1945477.87052269095184032,988672288.165793659919962
"BRB",2013,5.32159267021864203,1984.695377196260711
"BRN",2013,888.32536562950549871,600224.586646954006035
"BTN",2013,485.35241575326282540,254860.600569364462601
"BWA",2013,14.12186351847656298,3809.386438880952451
"CAF",2013,44182.76397561371585906,18930435.560754222137350
"CAN",2013,2807335.549641883051866033,1035903765.4627429017621255
"CHE",2013,793.36040163371522201,409520.291667514024863
"CHL",2013,102242.650622838363352789,41483744.0416146709398219
"CHN",2013,441336.225011826859929801,208191236.4815371956509398
"CIV",2013,175824.06242314665893076,88629028.775249775384460
"CMR",2013,84612.03204399035017587,50274555.019844832197977
"COD",2013,920749.62436889407711734,593979607.724404031607816
"COG",2013,54641.64600089480727644,31542739.096882893986256
"COL",2013,138866.04936341112444534,80070604.859183571516487
"COM",2013,1729.72621943889300375,742009.768496687467717
"CPV",2013,19.5416778663400605,0.0
"CRI",2013,7789.43058437074407379,4477778.749470658349879
"CUB",2013,6071.55863103295718764,2225262.832054438772190
"CUW",2013,6.24501854069118799,1929.54066803967137
"CYM",2013,18.10549301802191319,8095.575583760807658
"CYP",2013,13.50459562138020842,3239.1531624870930676
"CZE",2013,7658.991178609579489388,3636287.4490424288659646
"DEU",2013,15498.954568101432587184,7438777.7971144690756049
"DMA",2013,22.11861062986274148,12041.19626994263698
"DNK",2013,2015.366626496423702147,668877.6859446781821837
"DOM",2013,12703.35945238007565720,4952582.948919625389189
"DZA",2013,6925.784681049459680116,1543295.1411744099589043
"ECU",2013,48418.07181655523790403,30322770.820309048698377
"EGY",2013,96.99929436334853108,23775.494237266104486
"ERI",2013,0.0,12.4884379524940747
"ESP",2013,63956.044948010645566997,23926447.0069357930189850
"EST",2013,17088.743403418454594550,5029800.6243127748913200
"ETH",2013,30851.23115281139175615,14507650.343924559230141
"FIN",2013,148660.970604260118086373,32187761.3370193347855844
"FJI",2013,2699.40729211518836021,1454337.584056185468426
"FRA",2013,30351.841961727727094834,14733505.5080849524031380
"GAB",2013,44448.92834656204318395,27060194.867088720203511
"GBR",2013,28589.559701343208050564,12124385.0007452276459471
"GEO",2013,252.250083657063817959,94298.8597804630970053
"GGY",2013,0.2014728606423611,70.25928561682291
"GHA",2013,81202.91272085498109660,43322416.065838630032856
"GIN",2013,146184.87447289222138046,62188474.503603013687366
"GLP",2013,169.93876361572369667,66373.198835939670012
"GMB",2013,12.21674230277886212,8564.641204252146287
"GNB",2013,20704.22718588789757305,8042930.816304647135649
"GNQ",2013,7289.62996601891398144,4506209.590714180341223
"GRC",2013,5906.555994044010593938,1083655.1287333498647955
"GRD",2013,25.35640135323567603,13434.362501199151445
"GTM",2013,55176.99747517155496754,27345495.555400350651789
"GUF",2013,2967.79719188384877529,2197953.096492050301594
"GUY",2013,7117.38221484748686927,4412763.172098371806459
"HND",2013,43632.28878360917054730,21817035.427607661281356
"HRV",2013,2997.752682718138643079,1374089.020170321747631
"HTI",2013,3181.21137310370423785,1286255.0792670836743525
"HUN",2013,8947.138544248564228436,3532344.5009584881629928
"IDN",2013,1139299.82358581269174626,872301040.6725318126956895
"IMN",2013,33.66465501414063313,11215.801058451819543
"IND",2013,75407.13937760254434767,41229628.5746499858568204
"IRL",2013,4778.083301211790182479,2245163.5669475090811500
"IRN",2013,72.230931497178835635,18022.9888438994604753
"IRQ",2013,2.53190204338324684,742.048572103103539
"ISR",2013,45.73070819496853112,13636.1133346959462864
"ITA",2013,15522.546078757094340795,4738770.3371145059211068
"JAM",2013,1327.66903049206736685,678493.677011744812604
"JEY",2013,1.01290186087673609,376.04279815467398
"JPN",2013,23234.270544128201161361,10495608.1469997231677003
"KAZ",2013,2863.638875451310931870,745910.6291402741913558
"KEN",2013,13563.99690551830205900,6625250.772350791987039
"KGZ",2013,26.81397913183158986,4122.2282514264857550
"KHM",2013,190115.60900090771711679,126084800.970248901796244
"KNA",2013,5.14764972722547806,2591.282373095328535
"KOR",2013,9477.218349353238050172,2972739.987483506578456
"LAO",2013,205602.93875851658203473,109515508.282609623537322
"LBN",2013,159.95373940760090644,46194.5407739100814403
"LBR",2013,155535.61788418791059509,86071028.255617143810639
"LBY",2013,81.29858731194987082,11275.4806406111773764
"LCA",2013,36.09373117106770883,18395.353686164013955
"LIE",2013,1.94911704907769077,1118.585014283442434
"LKA",2013,7953.30153198137023354,2770786.154307454175622
"LSO",2013,7.33891847152994779,2185.231079110368655
"LTU",2013,13922.776643099450442347,4716198.8434007077395058
"LUX",2013,347.887556332786511185,198657.9253956616436544
"LVA",2013,27766.438976924821210631,9097616.0618671366211101
"MAF",2013,1.83077027372287337,573.760260811563514
"MAR",2013,835.83799447142419485,260716.9557616540926346
"MDA",2013,167.345344164711374436,52946.8635698867252518
"MDG",2013,299350.32439256869871632,158721232.369261701769360
"MDV",2013,3.97583069801432319,109.49785189988430
"MEX",2013,218915.52931192393087234,88672504.7284723356156570
"MKD",2013,1149.19072881148214128,469045.523425156806076
"MLI",2013,409.78117161428115515,141937.955363924363544
"MLT",2013,0.25046223364149309,75.15465059731265
"MMR",2013,248185.78208644447562842,142907838.227451311538079
"MNE",2013,2401.456623394889665066,1029285.847547685791224
"MNG",2013,628.798874444683195130,125773.0912248122663090
"MOZ",2013,162673.28971289500835311,57685721.153589959210335
"MRT",2013,0.0,92.887971133991933
"MSR",2013,0.88513326729058169,417.99531596503259
"MTQ",2013,146.35940119910919629,61823.812227655543866
"MUS",2013,219.27038329757925360,91934.38668215935410
"MWI",2013,10561.61188720283135355,4546899.314989947648393
"MYS",2013,333361.56748553928380242,196802652.017672226027787
"MYT",2013,327.56571695029348409,159532.473387908805431
"NAM",2013,2.48415521166558158,667.2558185241467657
"NCL",2013,2281.63473537520574298,888121.570488854372889
"NGA",2013,43434.89739662001292888,22565196.854384023055620
"NIC",2013,44030.27417111707161413,24738453.8604694153537214
"NLD",2013,514.177020358554684739,227048.732169413216082
"NOR",2013,33069.442384786023749808,8396521.78180673243701855
"NPL",2013,835.46925114800272056,451580.2919742416546485
"NZL",2013,77541.739941436614979871,46779187.6118286825761583
"PAK",2013,58.02100167342880259,23283.621768973526308
"PAN",2013,14060.88524917928945632,8184595.827272342563307
"PER",2013,209321.75542307532562740,135890694.2599373617042275
"PHL",2013,58871.21441255253238894,36719427.582375967477351
"PLW",2013,21.29418574324544374,13679.812208642656385
"PNG",2013,56667.88234785637824644,44452082.346408439753145
"POL",2013,35014.683778796736669375,13130702.757762550110360
"PRI",2013,701.64156511597979253,329353.810224982897567
"PRK",2013,5022.933246663356400469,1518695.420469145656201
"PRT",2013,51884.670521389898728560,15803648.535537122185366
"PRY",2013,318514.86388128869500954,77850583.0577537911106131
"PSE",2013,0.39444337769748265,98.66422703025080
"REU",2013,1653.22917110001821538,695005.59562380594322
"ROU",2013,12945.933867720829043218,5917402.352182200920065
"RUS",2013,4965536.915205374559677830,836566177.76672538926017216
"RWA",2013,2472.77868470220111598,1450536.715109909967526
"SAU",2013,0.0,7.324921111591603
"SDN",2013,9.4037425973470045,2902.868598496607961
"SEN",2013,374.73767225882104940,183403.093210825710272
"SGP",2013,25.91848119803887166,11710.169616332597961
"SLB",2013,9470.91264969952919630,6828954.573010895751675
"SLE",2013,170276.97178556011155850,77127588.296120999008682
"SLV",2013,2053.56340122393759890,863074.6209665203052325
"SMR",2013,0.16727187123046877,33.22592010232015
"SOM",2013,315.84219041051189638,64277.42946673923848474
"SPM",2013,9.01239348898871478,16.488178614054043
"SRB",2013,2798.271821830755479639,1225742.390449882819366
"SSD",2013,4931.54169497154058296,1635284.184097504888903
"SUR",2013,10203.19423168605354263,6917462.128094069926991
"SVK",2013,5076.263647272721291030,2587919.5285985252179815
"SVN",2013,636.385693589186201064,327818.629321720386224
"SWE",2013,197658.274144815560443006,49557256.69883368205652815
"SWZ",2013,3126.10874376286211144,1723526.157855553244100
"SXM",2013,2.56347179030381896,762.85763783323520
"SYC",2013,1.21474887631076405,419.871118340683435
"SYR",2013,1270.55912460519132983,266899.5767326987685235
"TCA",2013,10.51631800355685950,3239.975599487879259
"TCD",2013,2895.24709254611637376,881547.987441010521739
"TGO",2013,2914.28639000484786248,1328271.808584480197403
"THA",2013,84738.05684661371022098,50751594.185603685861853
"TJK",2013,1.31903625597873259,417.9712616288469186
"TKM",2013,0.37151217790798613,87.0566111223379123
"TLS",2013,463.01226989966090445,233253.113294747076766
"TTO",2013,759.22765100593309611,425364.624844550877256
"TUN",2013,1300.706233016011601840,223401.5164987033884183
"TUR",2013,22542.895050826322291934,6273062.0655629493806117
"TWN",2013,953.16288722402544237,490043.4278380301638207
"TZA",2013,181508.83072590400862665,61164914.884773993118360
"UGA",2013,47749.80520395861143754,20117016.809655441145755
"UKR",2013,37711.923007504456204544,14941262.4983595232907640
"URY",2013,19244.68013445309559627,13026626.4508478735964573
"USA",2013,1736444.895292327542878428,688910098.90400211862050522
"UZB",2013,24.68649925001087691,4272.0103119683801769
"VCT",2013,13.41511603571723079,6755.861902918292476
"VEN",2013,64489.28747611407273027,28825624.670123016848259
"VGB",2013,2.77700066284505236,974.473698032047500
"VIR",2013,27.33988538385850298,11642.566360480156437
"VNM",2013,132424.92034167873242854,93722647.201460015996911
"VUT",2013,1111.05961755906715105,551971.589337740888057
"XAD",2013,2.03443544296440967,780.852124189589027
"XKO",2013,767.625867978171251384,312648.988951303514917
"Z01",2013,27.93393329112088198,12863.110353240625316
"Z06",2013,1.98949787772569462,772.561123578384953
"Z07",2013,5430.73406438513251299,2885739.5603635421037355
"ZAF",2013,56368.99849528764293045,35464043.4026628558055856
"ZMB",2013,84673.27709873710629973,30254449.806094339863555
"ZNC",2013,32.2764724252821141,9131.812323095872457
"ZWE",2013,9607.81603920948144211,4699597.6868471853164504
"AFG",2014,2.71929047096788159,659.748433828018445
"AGO",2014,212656.08955995548848124,73779151.121633768247264
"AIA",2014,0.36583298022135419,102.824552492733094
"ALA",2014,550.060530721987573310,137437.881671174831357
"ALB",2014,1051.648631766386806285,456856.0919213253234343
"AND",2014,1.36826045550347225,630.20162218888546
"ARG",2014,241118.44050083234025618,61539540.3443960287269850
"ARM",2014,38.127581905802952675,14332.3515299845415823
"ATG",2014,24.87565215661241499,7789.043618693058197
"AUS",2014,281740.671590412440854402,81045841.8577624309492755
"AUT",2014,9876.061030476361257057,4980971.660097981351502
"AZE",2014,328.246022802263327524,64767.956235648831378
"BDI",2014,2047.31699381555792397,887937.071545774326375
"BEL",2014,4239.217020371109288793,2341941.0596101659172135
"BEN",2014,1355.29547750728304653,599702.676341004020061
"BES",2014,1.71035733122450119,343.891476171069857
"BFA",2014,0.0,10479.354791022295423
"BGD",2014,12060.90408394815636230,6833398.208733541296699
"BGR",2014,6688.450735814879498026,2971751.848877275961728
"BHS",2014,902.30649207903032673,248041.347267991029387
"BIH",2014,1789.544495100919927164,926892.796395586496586
"BLM",2014,0.21991134931423612,83.66784388812204
"BLR",2014,33626.396834005273349140,12209439.2649812084641047
"BLZ",2014,16508.63675960509919729,7770840.0954898288848395
"BMU",2014,0.8488385957725696,339.87116963377576
"BOL",2014,256527.60527703981740911,114524481.538400985907528
"BRA",2014,2692910.39004474861151938,1422902204.561017834466935
"BRB",2014,2.17354931738226986,723.08807294467760
"BRN",2014,2224.70589751910269861,1441070.647209553081425
"BTN",2014,1229.22014419461710564,708688.302252177388368
"BWA",2014,15.52435010564670159,4052.6752738710409848
"CAF",2014,57852.35889182826118793,24890702.693537674615453
"CAN",2014,2643608.861961215043337123,1028644199.8488982383784645
"CHE",2014,1502.547147330160744805,789109.6570840071614722
"CHL",2014,119329.610787913987945661,53896324.489978602885175
"CHN",2014,531701.60904966543863291,253834119.1925440923228641
"CIV",2014,346899.26476590263909180,180970854.764934986402832
"CMR",2014,181851.00438964492472127,110422008.826852525104488
"COD",2014,1338360.69904089798915817,837306830.874480660228603
"COG",2014,72891.15373633813151898,42506474.485094297506742
"COL",2014,202029.03435086004097169,114836400.008521976852872
"COM",2014,1473.86207744544528082,690898.535445428739204
"CPV",2014,8.1575762512858077,0.0
"CRI",2014,10909.81015886472497800,6260518.050729295802610
"CUB",2014,5861.46836156249804002,2155096.752611340507785
"CUW",2014,2.333078604797091,966.0361319213066
"CYM",2014,7.70538520408637220,2606.712553368195735
"CYP",2014,33.30200692320094993,7917.4509281613152630
"CZE",2014,13942.742751630176818272,6808779.4918841712843944
"DEU",2014,21169.143186645038153066,10349394.574481151359033
"DMA",2014,12.24495792096354091,6696.579656540438332
"DNK",2014,5320.770494625855251309,1819471.0141327369177192
"DOM",2014,13678.21258534293330707,5635974.660580010226287
"DZA",2014,9522.726894998671232390,1811470.8606435730095801
"ECU",2014,30934.04778973164423323,18988115.329533133822084
"EGY",2014,115.0030750622689089,28317.79899704392341
"ERI",2014,0.0,6.573572474956396
"ESP",2014,74226.432203445479967870,29646749.1172756861785750
"EST",2014,23576.608825551290859364,7098193.263053664697830
"ETH",2014,32725.07263347249182951,14899690.618059429847377
"FIN",2014,186629.014123027245419212,40577350.3823412567806368
"FJI",2014,3688.94137584865693017,1842814.537901421593009
"FRA",2014,44359.113183975492578274,22078221.2228064406557648
"GAB",2014,48752.34078366541111395,30542397.081136594562308
"GBR",2014,30369.567300922856873128,13279327.0390940025028235
"GEO",2014,113.741013190713984124,40018.3091878854493102
"GGY",2014,0.20103253261718751,89.858166674827036
"GHA",2014,120205.46322005233229982,66551133.6247025365211115
"GIN",2014,132716.27431198636965599,57831462.362622590445515
"GLP",2014,198.11759453083460543,73268.954843108664869
"GMB",2014,17.463359957087681,8323.662129366910911
"GNB",2014,12858.62698535400692497,5113440.510606201829037
"GNQ",2014,19211.71451981610516314,12412029.496710222229531
"GRC",2014,3803.211728953801751714,972025.8145509767221543
"GRD",2014,83.83836114644640941,43122.405793916480568
"GTM",2014,61883.47110172886107395,30464532.311807167983689
"GUF",2014,4195.61710761457810902,3057233.726323694093533
"GUY",2014,12154.00353475314289773,7836202.859726651438377
"HND",2014,57482.88436255964479846,28920762.877816082617237
"HRV",2014,4559.485734246148178991,2205497.172679162678832
"HTI",2014,3858.86579151854227401,1618026.595329248455329
"HUN",2014,15135.418650694292457980,5965586.6820116602935867
"IDN",2014,1894358.95902102568660137,1417302238.3260153717930405
"IMN",2014,86.05011443989149722,30823.054703549852259
"IND",2014,132071.85656563284901226,71455358.5569849589513458
"IRL",2014,5719.062912221159624699,2757995.2611370822138180
"IRN",2014,77.58861401030381965,18728.7149906378707814
"IRQ",2014,1.494315228210720645,414.887458015186354
"ISR",2014,122.08486946058042697,34776.6741000618924685
"ITA",2014,19831.910179315618806844,6693415.8960635599231370
"JAM",2014,2837.97718984787570821,1438351.415967404854838
"JEY",2014,0.6077478121614583,165.031759083674940
"JOR",2014,0.84782063878906245,144.39329154596530
"JPN",2014,28175.541386495951615069,12851942.6372251769354765
"KAZ",2014,595.715817997326486169,204401.9669903583006262
"KEN",2014,15356.83925976292049723,7520894.665751165323443
"KGZ",2014,13.50969179257161378,1723.3839389355704835
"KHM",2014,161841.65693291073557989,104128187.071632525688852
"KNA",2014,3.97250066096245698,2045.478359556381628
"KOR",2014,13426.409608846850752760,4455621.3725444023983660
"LAO",2014,243826.33572169250991949,126268709.898205594420751
"LBN",2014,159.88442052195204440,47416.8525256820023255
"LBR",2014,164048.58221831456002786,91766577.170431601954441
"LBY",2014,4.41391384775173612,1077.383011362097864
"LCA",2014,41.09592468337131134,19869.330326696606506
"LIE",2014,2.89863166058593772,1553.89909348829108
"LKA",2014,12350.59718251161429572,4766748.486854277985381
"LSO",2014,12.47074464811306467,4175.239037475438378
"LTU",2014,15972.188404164952031445,5466679.8320122454219826
"LUX",2014,429.600982930069456369,256441.805463189954422
"LVA",2014,32203.164528099968273253,10610873.7721340485985176
"MAF",2014,1.24491801987738735,581.47432305127146
"MAR",2014,1682.30794966869976948,512866.811116898285524
"MDA",2014,363.133211568385418338,120546.1953041609101370
"MDG",2014,416681.96935276347231297,202775893.832490114041091
"MDV",2014,3.13358241356011296,33.886249459358871
"MEX",2014,170605.85458719711211733,73627784.5826848354099675
"MKD",2014,1815.566311025828762473,799493.2623754218075716
"MLI",2014,270.33774791043131937,98250.456150131163517
"MMR",2014,331444.81376864917283502,185304911.539897029814051
"MNE",2014,1437.890896589494382103,777427.176369638459397
"MNG",2014,522.674249762365362060,122454.3434826602142636
"MOZ",2014,200517.49933484555759919,73260431.388102927417472
"MSR",2014,0.29503028970811632,169.047750236176270
"MTQ",2014,156.71776232461102064,66129.323236060603341
"MUS",2014,531.75197548469704966,232572.444817196540963
"MWI",2014,18594.16036210385413685,8545838.315078570594358
"MYS",2014,646026.95448926657554005,381476839.022577406022796
"MYT",2014,1150.41332038266890445,541803.293354308758375
"NAM",2014,4.62370750142361158,1364.291179371119058
"NCL",2014,2050.20134823931931173,785839.125504331594608
"NGA",2014,68637.27480485876995103,37271324.040266670475496
"NIC",2014,75549.80909719953992745,42259963.805192707674368
"NLD",2014,875.261492539997752932,388899.023272618441766
"NOR",2014,39148.962182187586846762,10114062.5176540514216646
"NPL",2014,1161.81134214258137122,647227.957349915467930
"NZL",2014,79409.913663548651403508,48463330.119042446261335
"OMN",2014,0.0,3.209846409120224
"PAK",2014,34.82787293223198486,15038.451740047332568
"PAN",2014,14086.01586943427894439,8156682.782170503952560
"PER",2014,205417.54904548005766018,130652799.936721344984281
"PHL",2014,102456.03463050251490420,62610381.345419931973995
"PLW",2014,93.85025781338432990,68165.150964791968609
"PNG",2014,105662.81982441343300454,80523354.814257276050058
"POL",2014,56279.525168334036992311,21696375.3351832491663693
"PRI",2014,871.41695121237066535,400849.742671620411493
"PRK",2014,10941.274987944664969535,3153732.300756235034793
"PRT",2014,60259.20772994698628352,21319224.255470496601929
"PRY",2014,345737.46521583505399731,90203679.9656348017853841
"PSE",2014,1.17994385501953135,335.73812129882264
"REU",2014,674.9838295004072404,303734.4608854884455
"ROU",2014,19481.500647861323490320,9278621.0991330307691965
"RUS",2014,4489888.744478262231236338,666007114.8567972128108391
"RWA",2014,2889.66629898740675851,1909621.210050417949468
"SDN",2014,5.6173984021500658,1747.734638266335225
"SEN",2014,326.71520470969316345,130064.1887692339829265
"SGP",2014,191.35197143343696803,81623.607584115167171
"SLB",2014,16939.46334454174575194,12230372.919321317442922
"SLE",2014,161512.88403718687837033,74355287.883075861382569
"SLV",2014,2319.72696400503149090,964139.109466004586215
"SMR",2014,0.16733727529296877,50.585292822481506
"SOM",2014,123.05745672545598446,25729.328763059113405
"SPM",2014,1.1652690544314235,0.0
"SRB",2014,4387.909462667266370474,2183015.000400891334913
"SSD",2014,6750.71541138541630765,2401776.017203057928785
"SUR",2014,14747.81610845635856365,10955314.371840218629369
"SVK",2014,17366.173988905780978709,8628068.369317436415847
"SVN",2014,5385.639058474749022898,3052206.0557753714561604
"SWE",2014,242522.785719181802433636,61127423.5381097716179730
"SWZ",2014,4961.09484488973996725,3050929.466243973120887
"SXM",2014,0.21972204252278647,95.061191756615393
"SYC",2014,2.04983297647026927,1123.310260514614644
"SYR",2014,958.29433611947040583,230314.1623059590934736
"TCA",2014,31.33730649768986390,8717.680416108754549
"TCD",2014,3000.66587315444557733,919141.826674360669626
"TGO",2014,2513.19679790372418462,1178373.618747826342345
"THA",2014,137591.96889053882573554,84774833.300065999986570
"TJK",2014,0.78304298862847229,222.277393673650999
"TKM",2014,0.90408410385416676,137.60165598518009
"TLS",2014,1883.17035169669115926,953903.544980646419259
"TTO",2014,1569.45645896798390354,870928.572760959327653
"TUN",2014,2385.558622995057818670,450921.7687100365852684
"TUR",2014,22005.441487395410932556,6394866.1693291146264145
"TWN",2014,1054.21148798205725238,592492.0682695652929397
"TZA",2014,198220.56307520302926430,68599700.911829175354182
"UGA",2014,54913.27884998397959623,23543919.006424923235816
"UKR",2014,47187.210455651414345930,19162032.8771728658760145
"URY",2014,25659.90280062024605745,19026376.7343352677274285
"USA",2014,1736528.880767841271617643,788433907.62890976428377363
"UZB",2014,83.12890887847013404,11315.0064452697570813
"VCT",2014,10.79353193937771237,5346.217484769520020
"VEN",2014,100940.30571405115346386,45434419.777440918223590
"VGB",2014,0.51146872552083339,172.219816195381726
"VIR",2014,21.4717159721006983,8794.8203168394156
"VNM",2014,217325.17239199238078232,144034999.691542325961080
"VUT",2014,634.42455552457792544,339518.290780196046007
"XAD",2014,2.4157201845269100,908.47418493601188
"XKO",2014,760.625678403576425716,393864.351226329785015
"Z01",2014,41.12442164225802932,18425.423002482753952
"Z06",2014,3.78670255087999116,1442.128556492360985
"Z07",2014,7024.63287879126579395,3739976.741614933566896
"ZAF",2014,69666.60405778614928538,46389524.9998284267774997
"ZMB",2014,114809.73856389087621134,41572132.566177480394965
"ZNC",2014,55.2050299679427814,15731.19522279485806
"ZWE",2014,9614.01590702873849403,4509449.799401920344096
"AGO",2015,161710.75581126535381038,57495257.719660107623556
"ALA",2015,567.233041799463498044,146921.431624862109694
"ALB",2015,283.574737103897523084,120041.7970284253534170
"AND",2015,2.16778333332465288,1031.417297561724773
"ARG",2015,180227.81351488457100969,44936972.3907042407878891
"ARM",2015,1.99011539360894099,756.948275514365518
"ATG",2015,8.90747070089626654,2894.399447447731508
"AUS",2015,261574.289381586226966653,70507932.5795448033951739
"AUT",2015,7941.067144586750142606,4201961.271015696120318
"AZE",2015,26.74519296005208652,5169.396405715152209
"BDI",2015,1458.37852041732457196,672451.878545251739101
"BEL",2015,3420.273924438819929692,1898961.100198897696315
"BEN",2015,598.62283681594154973,271150.589714916125534
"BFA",2015,0.0,3276.142782472945012
"BGD",2015,12603.40871337122479320,7242215.593250438670639
"BGR",2015,7293.066851601213052998,3325134.630774737716462
"BHS",2015,1089.01311180571551974,232549.367967413150512
"BIH",2015,580.504892322404581985,300505.466706159322473
"BLM",2015,0.07330418610134548,22.333433006236458
"BLR",2015,33899.292105422227211128,12237392.2633534932699896
"BLZ",2015,12302.56329622293257182,5854013.583570857804451
"BOL",2015,166250.90333105431031415,71376215.038929773921328
"BRA",2015,2222653.78140336225206047,1244682472.446243231609826
"BRB",2015,1.94870042457139748,928.718013674185626
"BRN",2015,1761.04061905869598974,1094464.433406681671591
"BTN",2015,746.52360821746741619,387131.679519301187747
"BWA",2015,0.0,51.403300619091994
"CAF",2015,27315.83103202538973954,12139191.052534240026497
"CAN",2015,2733434.834259989777240462,1173449691.8282856601716860
"CHE",2015,772.45878559303823700,418906.960848857306665
"CHL",2015,106109.010473426883947241,50123959.5942031348433815
"CHN",2015,490493.17254957637057399,238675075.9672333819089578
"CIV",2015,152453.51173208042267227,80526562.459145283697674
"CMR",2015,78969.96060448898090296,48524190.838983863313415
"COD",2015,928502.22906111409341090,597015751.705342278630509
"COG",2015,47823.04692185773520452,27471453.649349659435817
"COL",2015,140922.64836113448047532,80672621.769807625640119
"COM",2015,429.46171724415783930,216552.181647431213643
"CRI",2015,3301.72085913189469252,1929836.473315034905679
"CUB",2015,6725.97820244533564775,2455101.805036201357070
"CUW",2015,0.9029118816775174,431.49685547632965
"CYM",2015,0.07251709538845487,78.139974015861227
"CYP",2015,20.43445920637587728,7144.1094982715049235
"CZE",2015,8047.207404884134540546,4064735.5013848628350955
"DEU",2015,12929.494030687680252898,6791773.2962660670798708
"DMA",2015,1.85563171132921026,1177.091159112416349
"DNK",2015,2583.230425754637972558,898589.5488451226646097
"DOM",2015,15090.99980299760288010,6272660.310601792885506
"DZA",2015,5705.423440179106002233,1281104.0188340386765590
"ECU",2015,30121.21494786735807405,20418712.997801342403056
"EGY",2015,31.6431484988617595,7483.95742104894159
"ERI",2015,0.0,59.380356125412565
"ESP",2015,65413.694077449544614255,25876959.3680377378779863
"EST",2015,25420.290749612848684919,7784009.3827488580276722
"ETH",2015,10276.47094659400762096,4656428.2738433627591006
"FIN",2015,172639.580317575077364009,38513498.1987231207939557
"FJI",2015,1838.35267913538385405,1004959.531997467383700
"FRA",2015,37292.585590612518483686,18552066.0598279518234580
"GAB",2015,25472.55033900415836767,16585805.932352572214190
"GBR",2015,23996.893671415256921364,10621998.1630037571620445
"GEO",2015,42.85062239549479077,17527.156659586877044
"GHA",2015,57390.60138504851456010,32309895.890234742771323
"GIN",2015,161819.86557063464678411,73305182.481588437148416
"GLP",2015,71.39707072821941055,29331.73265685157479
"GMB",2015,10.04047817066731451,3838.651028215346128
"GNB",2015,12661.14172499909063284,5057911.844691800249081
"GNQ",2015,7468.75394114504253058,4923043.054432922474738
"GRC",2015,3840.12167256165427568,940257.6537002683339715
"GRD",2015,6.69800776481987887,3725.066019204406693
"GTM",2015,54234.32662031385823538,26826506.436534126040112
"GUF",2015,2867.50265188790394097,2086047.878547621083157
"GUY",2015,13084.33196108421263243,7990469.226898721771876
"HND",2015,50242.86003416317049568,24491333.663539614407526
"HRV",2015,2669.048069553404184432,1131959.8582242896883485
"HTI",2015,3087.56479569296809673,1296783.808836128496453
"HUN",2015,10717.816099716741372406,4285196.5986152885811243
"IDN",2015,1746464.32272709421859244,1269602921.0765809400173835
"IMN",2015,22.23253134836371903,7984.528353156746647
"IND",2015,109677.63578525593507714,60981147.6682276518808960
"IRL",2015,4484.214602160247574179,2160036.9958807711268941
"ISR",2015,51.33272802952800417,15342.8296256157595272
"ITA",2015,14124.305235410587306154,4770519.2407093748827266
"JAM",2015,2903.31488265450441668,1596144.899111041948377
"JEY",2015,0.20272486168402779,58.76187493150426
"JOR",2015,0.39158375156684027,79.23258349240157
"JPN",2015,31145.146519331403838432,14442891.6485981806609054
"KAZ",2015,181.162293676829386385,71759.8144397622515574
"KEN",2015,15615.42393174692340227,8345208.118046940448393
"KHM",2015,132857.45294665505575667,82696855.532484424541178
"KNA",2015,0.95667154614149306,579.0627400402309
"KOR",2015,17340.736699024916692874,5967720.0735670084006615
"LAO",2015,284935.14483813804602114,152394589.659913295066617
"LBN",2015,173.61729878412547047,56788.405723065107815
"LBR",2015,186010.12845404904355991,106393058.166230935764738
"LBY",2015,0.19478584988064239,43.017543161018103
"LCA",2015,7.17510660091471313,3670.19143255367839
"LIE",2015,1.317510179370659781,818.89231061577794
"LKA",2015,7403.01519846428778567,2884660.490802479085692
"LSO",2015,0.93445517565755218,526.204954672985852
"LTU",2015,15794.339392663919528978,5533778.9148588177895720
"LUX",2015,327.465311453554634072,196252.873420230238362
"LVA",2015,30829.686516238697874358,10322048.8239538780652960
"MAR",2015,951.99198590051850050,329242.6967304386580997
"MDA",2015,495.681670907144119792,168993.193716855835136
"MDG",2015,301788.66122449863859183,156797436.1995387189361584
"MEX",2015,197533.42181760215793766,84015941.8758312414800306
"MKD",2015,784.328061529121285335,360531.4138320439367545
"MLI",2015,204.15351593025063527,74072.546251518563093
"MMR",2015,293305.17515602390329657,164035699.455602534526534
"MNE",2015,180.96339953500653350,102865.602528441372170
"MNG",2015,7145.32720551941146712,950413.8201128562484531
"MOZ",2015,181404.75417451170287055,66896489.603890673955024
"MSR",2015,0.14748139192708334,100.88063415697539
"MTQ",2015,31.57205200342122427,14488.888171153262117
"MWI",2015,10793.02663652510597769,4845198.827527251423517
"MYS",2015,454490.82301311865695605,259971040.6443011679914955
"MYT",2015,18.08987840803277145,8519.033500771391365
"NAM",2015,6.01480415615017434,1633.199000762633448
"NCL",2015,486.10100285992730004,198370.177386522494804
"NGA",2015,40927.69901921678838618,23163655.045852167911956
"NIC",2015,35520.95409536408179841,20044662.5291013310099175
"NLD",2015,894.199683206688614691,415292.8878043323963995
"NOR",2015,36638.846185055881793546,9746641.5491343341118646
"NPL",2015,579.36620479625448788,306032.239512586195468
"NZL",2015,64002.905942321054432086,41712573.0650009144661942
"PAK",2015,2.41608826049479172,1075.438895264828362
"PAN",2015,10591.24318556574607054,6157007.125637508418542
"PER",2015,166449.30988682745054611,104988206.317759355072265
"PHL",2015,65895.72467313562474698,39042543.839523808566802
"PNG",2015,180806.79727651827126055,131126561.159327475670090
"POL",2015,42742.650945524557617182,16687585.702035939054214
"PRI",2015,722.22412547998500589,334933.477481139993381
"PRK",2015,10851.636498171453843662,2090802.249278391727644
"PRT",2015,46096.374452029788142840,16153237.4774831955416007
"PRY",2015,279304.28376332649136057,75504563.9854396621490055
"PSE",2015,0.13028041131293402,34.39322149056061
"REU",2015,8.56222899716037448,2935.147088532263245
"ROU",2015,10906.457073372697988210,5437695.282859984613459
"RUS",2015,2332110.880528426835288635,442670469.7576340587098327
"RWA",2015,2216.79813322272268106,1619677.961732364553321
"SDN",2015,8.05573739788953968,2416.173891803051365
"SEN",2015,293.57143339276071841,101313.284274791266136
"SGP",2015,155.05171350102453750,60081.0165507342106635
"SLB",2015,14969.81737391289256061,11058275.857070083061980
"SLE",2015,232761.73455490517162002,111084556.912423490769651
"SLV",2015,2388.83423208954330846,1086589.623779032061801
"SMR",2015,0.16727279608072917,49.77582998651491
"SOM",2015,65.91837287777766512,13774.981781608224624
"SRB",2015,2815.553182324304567159,1386104.267349144204071
"SSD",2015,2459.85267347979653258,937579.155833364833544
"SUR",2015,11921.11899465264837345,8629961.290788607164026
"SVK",2015,5282.637665465017197425,2714916.442721642646555
"SVN",2015,1023.409987927016106535,580839.345035805830760
"SWE",2015,216031.203833007128526828,56432378.9143325717249815
"SWZ",2015,3215.64274716867108911,2328607.506463985674973
"SYR",2015,2393.17116919880145051,612680.046595019640806
"TCA",2015,21.25021906216471073,6395.241375440701574
"TCD",2015,2591.36846149654540927,783613.989959704522467
"TGO",2015,935.64322382232993720,465026.662949236910687
"THA",2015,120750.33446018942635156,74918743.955260779924913
"TLS",2015,862.91000529834384722,429048.865962941751975
"TTO",2015,668.19364098069034668,393678.324812230760317
"TUN",2015,1880.146494351640936325,343252.3263341424944542
"TUR",2015,27734.979706306149460956,8791859.6225518349098623
"TWN",2015,942.64104255487759928,543916.269840006493347
"TZA",2015,111960.15492413845816062,39271417.699210416132259
"UGA",2015,54021.26520381982076953,23491013.057680105559134
"UKR",2015,48913.807425310104569023,19520570.0248296578207184
"URY",2015,17586.20347137029463139,15987071.981530540641128
"USA",2015,2289653.113389575896872382,782071350.1167245947459982
"VCT",2015,1.72356725350368945,924.60633335223996
"VEN",2015,61336.31437114776682160,28071778.087328127945785
"VIR",2015,0.2924751540169271,145.3848250432852
"VNM",2015,217883.25324113912713131,145570034.274656664030313
"VUT",2015,3476.16022819573199872,1817954.588714651772284
"XAD",2015,10.5501553577560829,5569.68894637005341
"XKO",2015,470.77986673415146744,245454.8582578685643025
"Z01",2015,1.2928700611447481,441.4187740618308
"Z07",2015,6629.75325271808970161,3606772.2917530137257617
"ZAF",2015,70157.20182231300013406,44379630.899765476021477
"ZMB",2015,87182.03650196872771114,31501756.641717773651799
"ZNC",2015,30.5649816536675344,9433.45956000526473
"ZWE",2015,12243.16522399926357662,6991506.663555984788585
"AGO",2016,229690.74624210715027997,81701512.244716063117517
"ALA",2016,672.659233779654037044,181155.6651685306509994
"ALB",2016,928.391161055958413756,334094.2397997929690104
"AND",2016,0.62751082862630214,252.960280667745818
"ARG",2016,230312.73650875787825561,59421003.7426193162714614
"ARM",2016,30.04757964458984475,11174.4873630184602845
"ATG",2016,14.42539973627495537,4191.656300116604102
"AUS",2016,430903.685525314339748048,123641462.0918329435165629
"AUT",2016,17218.05507528901720479,9321414.935927503415395
"AZE",2016,25.47520986746093913,8249.124453093497048
"BDI",2016,1575.87445005659558700,761954.537752679432402
"BEL",2016,4512.242798134465883475,2485458.4320859659755724
"BEN",2016,2010.49219854915925490,941805.721628965987850
"BFA",2016,0.0,1471.932342541822857
"BGD",2016,21196.36906496458162768,12336331.457360576732976
"BGR",2016,7394.709128121905850486,3509365.1529767273701200
"BHS",2016,3136.08465530682952942,610616.5506356954720660
"BIH",2016,2307.97952624853807478,1278595.354448359225068
"BLR",2016,90486.781113949713672330,33321011.0861478903867066
"BLZ",2016,20622.00170861508472600,10121502.410885836409077
"BOL",2016,470310.18685634327830218,192737880.880935616460551
"BRA",2016,5378610.27954842101351541,2631722303.930897640170193
"BRB",2016,14.31625898634656423,4980.981966323705130
"BRN",2016,2572.50746276335350445,1629001.447445305103801
"BTN",2016,1962.88365843909611373,1091975.195539124092495
"BWA",2016,0.7276476864485678,217.863539503386007
"CAF",2016,51151.91741327133258522,25461793.915195003654854
"CAN",2016,2084425.778413676506659884,839688890.0466145324155309
"CHE",2016,1679.041702827028981155,921378.862384889804637
"CHL",2016,113778.735871742398467217,57494925.0241795178047568
"CHN",2016,718775.12417065822979426,349197661.2414687128460807
"CIV",2016,221124.46675084760265421,118957273.223327905195583
"CMR",2016,116619.22980542616542892,72566304.628233145761495
"COD",2016,1381503.69438783123745219,903149588.375569851789224
"COG",2016,114303.64306561805222009,59853900.222022788718114
"COL",2016,290868.25525595035740849,168668686.7895200459621492
"COM",2016,124.36478813749130340,60853.197845808973738
"CRI",2016,13842.90738553458636797,7824316.177203365054485
"CUB",2016,74052.69806430403633729,38737786.3687079974906111
"CUW",2016,2.4078543102473957,1467.61901854709640
"CYM",2016,70.06050036108617038,19329.857946504127826
"CYP",2016,568.91539414057696179,79438.3608844055557230
"CZE",2016,22813.362239138125445815,12098178.556739561028638
"DEU",2016,26876.854041791962027819,14327675.6843914834382961
"DMA",2016,7.12397675602756117,3994.92267143981816
"DNK",2016,4656.340520046437863653,1626096.973057948904508
"DOM",2016,24907.91502003455329645,11267534.718778683188370
"DZA",2016,8011.360145269276372547,1558775.5891267737286137
"ECU",2016,44091.18972161666692756,28926910.268578611372833
"EGY",2016,36.72802966209092880,8533.59724054388574
"ERI",2016,0.0,15.887028979387146
"ESP",2016,107562.184375920994414467,42592105.2291664788390457
"EST",2016,36334.857226925246855089,11320273.2393080747950293
"ETH",2016,19581.64310748036286283,8795245.019696878187328
"FIN",2016,240428.463171600256581050,53042448.9913659344278869
"FJI",2016,8373.14087823585312257,4406957.424379389233624
"FRA",2016,60768.520207220858998597,29954100.6869184064463430
"GAB",2016,32150.61791553544302463,21135838.924772400593357
"GBR",2016,28805.528633534275991709,12894530.5353337862936705
"GEO",2016,523.421991056024492199,205492.8715244409515810
"GHA",2016,119243.18802523828256980,66984169.466084296919803
"GIN",2016,216012.56988878286823896,98343191.065323152918293
"GLP",2016,70.02423404489359825,27871.288265148072448
"GMB",2016,5.1705412422634566,1870.710185481311718
"GNB",2016,16120.29589289368298063,6760607.067848488342333
"GNQ",2016,9545.24157246942502961,6245858.387835725470379
"GRC",2016,6034.199903191730182278,1364974.7884458187252753
"GRD",2016,59.44976265754394909,32472.35787480449912
"GTM",2016,178532.10785089151562263,87537734.823073106552869
"GUF",2016,6127.21134166533066345,4456901.524933849238133
"GUY",2016,26512.36610154962477610,14052529.927921722019808
"HND",2016,188441.52687708181212652,87983637.230602319544559
"HRV",2016,5372.963121165213526340,2556669.0262260498066328
"HTI",2016,17266.93390706277655104,8834147.253259195075157
"HUN",2016,14018.768529787547694388,5579435.180354064708768
"IDN",2016,2422066.01003015980722459,1815773668.115820520741543
"IMN",2016,35.15682595964845184,13290.97928109815424
"IND",2016,164151.43744600407026749,92485127.974518953440983
"IRL",2016,9390.417908621736291278,4559714.8701635002320916
"IRN",2016,2.4079650067860241,610.7385270004920
"IRQ",2016,0.4917362710351563,131.19175629191943
"ISR",2016,64.87129809018880980,20135.344337707167155
"ITA",2016,24717.648570403147915864,8438808.4713553466079080
"JAM",2016,1991.53603095427380003,1048498.697102622072219
"JPN",2016,54993.593113633708348691,25543778.0748256041923625
"KAZ",2016,1288.550612204612095167,449113.6415099693784359
"KEN",2016,19048.53768581156199968,10379023.829149447443329
"KGZ",2016,11.524777086558156234,2801.562634792833008
"KHM",2016,182885.56911822070915094,110155312.926566207538045
"KNA",2016,8.38889596200520545,4983.12080935473717
"KOR",2016,22557.676790991059804159,7822461.0782551619860698
"LAO",2016,387635.12058193724448105,211360087.269688513138612
"LBN",2016,266.27434058727855083,84804.4799405751516933
"LBR",2016,168586.20027322790015755,98666281.320672692461309
"LBY",2016,0.519489630767144,133.81072489615084
"LCA",2016,107.17038489836425988,59152.893752939861291
"LIE",2016,4.32166223252821133,2657.7307901622770
"LKA",2016,17489.89708803594899503,6853302.170126227132593
"LSO",2016,15.27565188290364729,4538.708355834124736
"LTU",2016,25531.687123815489440616,8932877.972449759203156
"LUX",2016,520.779825470692240895,310576.8446249040349360
"LVA",2016,44945.417140954705970760,15165475.101642695643563
"MAR",2016,2041.20256722039050983,615330.1485059703596820
"MDA",2016,832.901403775822663145,278161.0669341655675357
"MDG",2016,383655.55238433104492483,205730401.616267579957143
"MEX",2016,273930.38997322303244496,122182586.249747665986901
"MKD",2016,1496.246433181820633525,692908.593307040846851
"MLI",2016,204.828311032083024,73938.413637901802062
"MMR",2016,362552.39113489622369772,205624010.455883906616941
"MNE",2016,1119.527122834036233836,637689.115770836559037
"MNG",2016,4142.11333017930558175,679621.3703445876861672
"MOZ",2016,250565.43399179847169353,92796024.081700155314259
"MSR",2016,6.26859342457573875,2887.51032914485495
"MTQ",2016,26.05926787527941419,12013.277050870178151
"MWI",2016,13529.99599562918077585,5823048.031576495845076
"MYS",2016,565553.11044824723099026,318033536.207975693777790
"MYT",2016,83.46931421060824456,40565.48770057885282
"NAM",2016,1.3206881883474393,356.65097483733271
"NCL",2016,1323.90859335315585075,445725.226374656445943
"NER",2016,0.0,3.5177536462755543
"NGA",2016,72189.61579178817940574,40953938.905308940903733
"NIC",2016,142379.30626406043861716,80780400.051195789373394
"NLD",2016,1406.590169168572549791,657423.5528787640155661
"NOR",2016,60081.686029667330672347,16284575.72517798132807283
"NPL",2016,998.51341691893138686,513328.331889569934119
"NZL",2016,80359.090741890509164840,51970828.7970108703993845
"PAN",2016,17378.39353603188616160,9523527.008263477816216
"PER",2016,230953.45026313690561053,144518021.094781883463428
"PHL",2016,129109.10682689801883814,76805890.149756550904839
"PNG",2016,177924.94011419178497003,119485524.693758474561480
"POL",2016,86510.723643151682804746,34674363.4593004994641860
"PRI",2016,599.27468304287000736,302291.945406101189258
"PRK",2016,11487.23497701891624981,3328725.901759251182182
"PRT",2016,94645.800976135647153080,30580443.0268191150392980
"PRY",2016,319793.17429244991631536,89171788.6435085523619195
"PSE",2016,0.0,6.1381515996176467
"REU",2016,7.40461717919596415,3554.98869478176743
"ROU",2016,23045.408908887125826566,11920183.101620194400420
"RUS",2016,5051685.620462661869024562,844185715.1731385706688037
"RWA",2016,2777.59499939311485791,2081850.520844153946304
"SDN",2016,26.6771069123795487,7554.927276661003342
"SEN",2016,254.40699072081998031,93343.889224350531874
"SGP",2016,154.43653726307523971,62549.184517378544039
"SLB",2016,17992.60317252857422186,13100637.842057071945407
"SLE",2016,177686.75716734377262702,84434248.023160311768565
"SLV",2016,5743.24181728657155060,3004919.899014794145302
"SOM",2016,86.37904766203377860,18833.001733434442361
"SRB",2016,4676.165999401830590957,2378941.894959506004325
"SSD",2016,4067.78188527623390062,1712416.142261367007941
"SUR",2016,16877.90266814829227210,11984480.075037517503978
"SVK",2016,16941.719311575541228511,9059954.6018157246278085
"SVN",2016,5389.24346313266352647,3149557.362178309996802
"SWE",2016,310348.135607177104240016,82009014.9622439357080966
"SWZ",2016,4801.90235291192611563,3458310.760889304132649
"SXM",2016,0.2929652295681424,104.304293923083005
"SYR",2016,1812.67370145569344098,419073.434666000996850
"TCA",2016,18.88706690998697921,6388.028588249065755
"TCD",2016,3165.96322905397497088,956528.075569785702355
"TGO",2016,3446.68072000199672024,1796734.974386256805443
"THA",2016,171583.85404278195891480,106550578.456042856815975
"TKM",2016,0.05944391225694445,0.0
"TLS",2016,1296.54328541759344607,642690.065137208269026
"TTO",2016,1351.19613656815166302,776853.101328526996440
"TUN",2016,1454.956105704309587581,273699.7363784671902924
"TUR",2016,25633.047734699297717118,8208235.1529012756144790
"TWN",2016,3322.02311029791504186,1874644.725270835925964
"TZA",2016,152852.55655233989447722,54340533.935958780719512
"UGA",2016,67486.12145197713686644,30039021.486413278152374
"UKR",2016,106760.562892108625616391,41284894.9907751892280325
"URY",2016,23859.53361870932675677,26022269.815582033942712
"USA",2016,2264071.526555874397469043,953799275.7728615430205368
"VCT",2016,16.03810071685492754,8306.84394231311303
"VEN",2016,207336.55016930248025797,82499088.2129041005352424
"VGB",2016,2.8502429745930992,1391.81806655412132
"VIR",2016,8.64897167993489716,3357.142322716778085
"VNM",2016,353430.51783130731768153,256123229.230505246178086
"VUT",2016,1340.67431192541698576,679326.352243122083094
"XAD",2016,17.28899873230470206,8175.94565935229151
"XKO",2016,912.231316598795643469,493018.1816241105736606
"Z01",2016,4.74770573537652065,2196.897398316248966
"Z07",2016,11206.30172439467907053,6352038.586766286906183
"ZAF",2016,73546.41163982927045153,50483920.763767785119503
"ZMB",2016,141400.60863488562997063,50645660.317468113996694
"ZNC",2016,43.94931134871525628,13354.59866229088699
"ZWE",2016,10925.90116786276284405,5884578.072574979050511
"AGO",2017,280422.01876747385563459,96868314.208693493059481
"AIA",2017,0.80504822438259562,327.86838644846786
"ALA",2017,735.14380036151057004,204553.066258549072237
"ALB",2017,1686.824073782149841280,448993.1733971032951247
"AND",2017,3.4221603947135417,1803.63371624454500
"ARG",2017,233945.098843816670384386,65046696.4968956532133468
"ARM",2017,41.747318015212685296,10846.137191171421285
"ATG",2017,71.89840979999025964,21964.831296445102982
"AUS",2017,236877.519675266740246850,88814156.6544918827610160
"AUT",2017,18402.47322119081859481,10003734.2397378974886985
"AZE",2017,80.10105221121529223,22638.4930576644219873
"BDI",2017,1775.19277727587235589,887930.601670980508206
"BEL",2017,4137.322685933485170089,2272094.3577442819827626
"BEN",2017,2234.71102042409333001,959187.368241005378975
"BFA",2017,0.0,2343.857422280756168
"BGD",2017,28377.11271268434114699,16716432.4930737405854795
"BGR",2017,7687.622621573023658791,3456948.9623672815309677
"BHS",2017,3703.93622655410354070,1375720.023408287959346
"BIH",2017,1339.314767504973739715,663281.4329880374259013
"BLM",2017,0.07330176779622397,27.841992489497816
"BLR",2017,78766.946608521927589721,29592553.8023310117924283
"BLZ",2017,16445.79696379786413184,7675442.894874239118528
"BOL",2017,462948.68641027048838533,198614294.844624414640588
"BRA",2017,4519545.89811411188359378,2334531067.912985351612448
"BRB",2017,15.81409674932780039,6210.869426923607741
"BRN",2017,944.63349794626326317,646543.964304212049020
"BTN",2017,1972.24437872116783009,993780.6637148728763115
"BWA",2017,1.15717965338975682,317.629584824086204
"CAF",2017,63910.10122448081528053,31027495.504671024082342
"CAN",2017,2559736.502580542552456548,1023707374.1758689174578322
"CHE",2017,2542.413156324303559395,1407143.857433625355104
"CHL",2017,214808.646975708284222952,94301183.5497707194751038
"CHN",2017,644430.79916273653265994,309889447.2800166929361262
"CIV",2017,357308.85845207635512114,196979391.246702653359938
"CMR",2017,187281.58783352471591108,111775355.394727413827915
"COD",2017,1468187.69905825881017299,950404008.896553514017916
"COG",2017,63874.85035791227909348,39196492.092300273749435
"COL",2017,424642.23918300570724701,242785699.6657303474985519
"COM",2017,307.94321504598269877,153244.678952081316156
"CRI",2017,22051.00225194130977639,12047415.107289053841836
"CUB",2017,76813.80059414976418649,39111790.961242092119376
"CUW",2017,0.82741025589301216,242.85517223569313
"CYM",2017,73.62158437148873476,21424.169171459671773
"CYP",2017,437.26965278383339988,70945.133317748994921
"CZE",2017,26518.115559072962551034,14424317.9050805012886345
"DEU",2017,32999.138146159609842911,17580030.9600905584052795
"DMA",2017,23290.91323707710474726,13097036.590351863453472
"DNK",2017,4360.353965592221978001,1548794.2164889213399924
"DOM",2017,27063.36265123987498681,13161753.292752958803065
"DZA",2017,45968.587822772231284811,7772718.2477713574064481
"ECU",2017,71258.13776083718858997,49368740.300125568081152
"EGY",2017,58.43038358912544116,13746.575525383199473
"ERI",2017,0.0,186.007882374841224
"ESP",2017,98458.688853884007796026,35445044.6263033012684511
"EST",2017,38856.693660687796056539,12312218.3004988876050550
"ETH",2017,35403.50582711625213877,17508418.968313232508796
"FIN",2017,336198.540592861730602600,75408327.57680157344734504
"FJI",2017,3091.61899762436729818,1650047.316465378906818
"FRA",2017,69249.043253463038565933,34258558.8546398571307805
"GAB",2017,38643.62480725168671459,25162557.153400517926954
"GBR",2017,23044.909006995224620296,10583281.839550878057085
"GEO",2017,207.898165376276066574,73941.806258416528068
"GHA",2017,115331.75851409397788436,67966047.836180541044749
"GIN",2017,231588.17311940964883263,109019965.941490179845066
"GLP",2017,60.45295035976834981,27590.020176871683821
"GMB",2017,8.09333774420301687,3625.036014270465511
"GNB",2017,16436.50458230718244295,7000085.186864881195027
"GNQ",2017,11937.86910180298124787,7925158.491752453679612
"GRC",2017,8909.197671390154612280,1891447.0735240722142232
"GRD",2017,28.15271755387695807,15241.32785156668330
"GTM",2017,79800.66123628208628393,40562678.944233554865012
"GUF",2017,4144.33696455739020293,3023276.610249947845272
"GUY",2017,19433.51092953189961806,12697121.110518531940681
"HND",2017,113473.43477883627519155,56726380.214853054897861
"HRV",2017,5846.645323484931622346,2694849.2032519886397384
"HTI",2017,5498.75803072597132222,2606865.702435862989711
"HUN",2017,14115.974491460048624005,5712504.123079307863802
"IDN",2017,1300718.37950938836012307,836976513.162194198746102
"IMN",2017,36.23436688272569322,13824.591509631387337
"IND",2017,179259.89255407240721129,102143019.902010169405594
"IRL",2017,6125.482285914552530093,2980624.2937904676538377
"IRN",2017,109.914075090373186256,34754.448754893789497
"IRQ",2017,0.9834451819618055,239.75957408486605
"ISR",2017,99.54904099372829814,26190.3364877909670313
"ITA",2017,34091.515669465741623617,10500600.5613729997139406
"JAM",2017,2200.05460055615369221,1175922.335168388738269
"JEY",2017,2.93662193473090307,1059.951869442770818
"JOR",2017,0.98052545507704003,183.768698721996428
"JPN",2017,47612.725014595985526327,22400537.1779116909994285
"KAZ",2017,975.176984581333004615,320666.9035006783778773
"KEN",2017,22163.23428463436968073,12495105.888368875694529
"KGZ",2017,55.752073407983951464,14403.2452923813291435
"KHM",2017,118467.98610819392168716,70679323.735888196677250
"KNA",2017,3.67844264515516523,1682.685942235682698
"KOR",2017,20757.056090920751084580,7324161.9649814879248185
"LAO",2017,349044.10297640685651960,182074754.870617961983685
"LBN",2017,288.20918854333448490,91017.2293256022237905
"LBR",2017,203292.57014324516068275,120732462.709359897964338
"LBY",2017,10.452949380375434,2870.6066455793439
"LCA",2017,83.55703969959853190,44167.998190602695716
"LIE",2017,4.05777523833116340,2395.14579316432762
"LKA",2017,13065.94496322985029769,5690784.624607498782614
"LSO",2017,7.8055546214507384,2302.372082608878296
"LTU",2017,25803.604190272057007889,9257946.6541739166930735
"LUX",2017,412.716564265698819874,244179.155607323631403
"LVA",2017,47085.306154818899554324,16206424.0172034045199485
"MAF",2017,4.17420893328775965,1259.741691186996143
"MAR",2017,2366.56711858697608965,683496.7173444831290424
"MDA",2017,1092.116612559579043540,368552.256188384812768
"MDG",2017,510357.07765255045848487,263131961.293743308356880
"MEX",2017,298634.38769721095049076,133184826.7447570252352905
"MKD",2017,1147.151517532569049325,495645.8674293576468212
"MLI",2017,331.98500583250404872,122185.5826129431705925
"MLT",2017,0.12519266251085070,33.581229204871180
"MMR",2017,341843.90385980354440140,193263008.9646720743225921
"MNE",2017,1268.97161963207888044,403812.081556004786193
"MNG",2017,25238.08942958458757050,3598131.4827633393924193
"MOZ",2017,359023.14794612533988027,132615755.283841336439467
"MSR",2017,0.14751483680555558,92.631755306047429
"MTQ",2017,115.69333389234866378,52696.424362269309410
"MWI",2017,15351.02639709923352918,6499458.891755512442373
"MYS",2017,483499.20786615357074859,255983918.171182944066911
"MYT",2017,44.36385521609318430,22979.566852781107681
"NAM",2017,2.12744568006510408,1022.020970684194832
"NCL",2017,1159.78056947203434742,455165.948466410650730
"NGA",2017,171045.52341545596068153,99251086.994006814722124
"NIC",2017,211698.47992181922994602,117528222.937917401865991
"NLD",2017,1333.202915522730298775,612878.0059775374912790
"NOR",2017,57916.639649338551849031,15924512.8797430303663081
"NPL",2017,2394.08393241938839395,1301776.329912664515706
"NZL",2017,74883.640465027909903572,51531679.777310590491492
"PAK",2017,186.36409514577046294,36267.550130971012674
"PAN",2017,30970.05497749992222913,18050716.919495094734393
"PER",2017,303216.79366880835330551,182944602.655140998531485
"PHL",2017,114280.31377704294383155,69090879.546766488399828
"PNG",2017,117508.79802494305613386,89136119.440544311764019
"POL",2017,96251.121675315003146904,39194002.9746049071219362
"PRI",2017,56205.71666167966365856,32910164.896224092456876
"PRK",2017,8520.854667518377603842,2634250.243351452934218
"PRT",2017,173894.261730888720441776,40813488.5053452346700152
"PRY",2017,360073.37744380280120931,100403431.6010362459857916
"PSE",2017,1.70296878078016499,476.698117500848665
"ROU",2017,19187.291055080582670182,9967165.259799297833658
"RUS",2017,5288940.621115584589338099,993387227.9176218649915374
"RWA",2017,2731.12546874516511085,2030917.799994948865594
"SDN",2017,74.647332174659358,20704.2638074104210
"SEN",2017,391.79548266343768763,147740.504988397719545
"SGP",2017,262.65034720572877327,112248.781519965505760
"SLB",2017,19761.53861861985390157,14663083.735550827651599
"SLE",2017,232752.59575916387912989,115633850.088593695103187
"SLV",2017,4745.18551727510562545,2377586.248657050894273
"SMR",2017,0.05572152468098959,12.540996547356482
"SOM",2017,304.89673329013727871,67291.853346218526891
"SRB",2017,3570.585906969310000621,1767371.511578767247432
"SSD",2017,6856.15022777226497702,2943053.136858136475449
"SUR",2017,18018.09235634426441685,13381562.045086091694623
"SVK",2017,14212.033054504204884094,7672599.8660389633925540
"SVN",2017,4888.343302570041103196,2890812.117780267768980
"SWE",2017,331217.290512784428119067,89263753.7514474202623374
"SWZ",2017,6376.64179823002813263,3977929.331520933878298
"SXM",2017,4.54094752444770032,1411.326205956930805
"SYR",2017,2146.56960350230907047,544845.2548423062262470
"TCA",2017,32.83492385395290767,9674.297472113797902
"TCD",2017,6765.21493014080322546,2046016.365150920047271
"TGO",2017,7107.01408327023680770,3956670.645064738158295
"THA",2017,196352.84616360523491158,127926805.386861147791865
"TJK",2017,0.121153871890190975,27.909439576145180
"TKM",2017,0.061047255041232644,8.156620660066883
"TLS",2017,1713.47123931018215602,885130.434651692497638
"TTO",2017,739.11102977876735877,444944.816426060277940
"TUN",2017,8533.949301313359290448,1497559.7142548896968530
"TUR",2017,33901.001345002453907565,11102146.126307346707604
"TWN",2017,2584.12053630934950883,1489677.087857399752290
"TZA",2017,194869.32014424332110073,69627981.922124475041797
"UGA",2017,116903.45408021525248749,51726916.765568743790358
"UKR",2017,85860.909029801431406341,34963905.709482287614079
"URY",2017,21902.22130237980681180,26646042.277004881679329
"USA",2017,2311359.169842043278636392,1043530606.7977174794817095
"UZB",2017,1.6941330467187499,467.07284104120085
"VCT",2017,30.79834999634818420,17544.884835873894834
"VEN",2017,166997.72796326985236418,81294074.2638413350006595
"VGB",2017,229.36256174673604095,107314.687990830758395
"VIR",2017,1126.42514876554311604,594994.145848252282994
"VNM",2017,286999.88898031564399624,223236801.398741668481521
"VUT",2017,436.09194112168102868,212494.851254705878975
"XAD",2017,2.6696409058029525,1335.2342005816381
"XKO",2017,623.824789098027429012,339283.1969700808806144
"Z01",2017,65.38839868039712714,40376.535426026144614
"Z06",2017,3.8826460134895837,1167.83088780105244
"Z07",2017,10095.61688582002057052,5537858.730724258975311
"ZAF",2017,94055.71786230876645936,58266071.660972546811118
"ZMB",2017,162432.26653059457144545,58988275.549776037524486
"ZNC",2017,55.315656545850700,16237.6248044159050055
"ZWE",2017,25913.69026559231378870,14462426.719132973215045
"ABW",2018,0.30063088600857207,253.161733943580831
"AFG",2018,25.7058452539019268,4893.054193943659973
"AGO",2018,242522.37313511721107222,89321456.587167629570640
"AIA",2018,0.2194748151323785,84.02995717261251
"ALA",2018,619.706688772781262106,181186.474575373166458
"ALB",2018,2048.293201690133974150,724334.7511106631707440
"AND",2018,14.88821363372612834,8204.00547571411832
"ARG",2018,172964.43658742024365056,45966267.3781837316733044
"ARM",2018,5.90252185319227512,2182.757415359505463
"ATG",2018,162.81460598863819743,57812.187962408767404
"AUS",2018,250753.711392615718348512,76876858.9990090360315739
"AUT",2018,26335.066923810204257515,14985243.7049918099329685
"AZE",2018,75.32863975567063658,23997.44740903082850
"BDI",2018,2874.57519478758793106,1500951.950112138201958
"BEL",2018,4630.804507176121224830,2596944.3469964261729005
"BEN",2018,1820.56369868422249527,803020.718591351299253
"BES",2018,0.44077927154405383,196.60853280577524
"BFA",2018,0.0,1098.812714830048756
"BGD",2018,19342.80015086307134597,11266516.342772923601945
"BGR",2018,9753.921477833724025208,4703440.252816658618606
"BHS",2018,913.74907637080794280,301288.449976087557922
"BIH",2018,2673.232016901243088996,1475387.3125587258329238
"BLR",2018,87446.285678601950835272,33405609.3551183214904767
"BLZ",2018,11162.54226851821919488,5290178.012286237932646
"BOL",2018,301917.65164359441621642,133084363.300542252232568
"BRA",2018,2948392.52884155921524002,1718707377.649165859981227
"BRB",2018,22.63424414733722500,8663.802310122664508
"BRN",2018,806.55774531457363949,526336.414134955920655
"BTN",2018,1240.06448959203709609,589311.076634460707071
"BWA",2018,2.6249438728114152,685.773905668572598
"CAF",2018,40913.14626204209212947,18946201.630888778409735
"CAN",2018,2142936.812963148981269869,821762301.3666602949407194
"CHE",2018,3134.439616724524525006,1806993.223681521989073
"CHL",2018,76893.377242162128305089,40647828.6655205801918175
"CHN",2018,569767.259462945412752341,278978305.5295184237884637
"CIV",2018,324680.77854971289221677,183512420.658687580855631
"CMR",2018,120813.73525862563612045,76051378.434424021819203
"COD",2018,1373826.56604103603567144,896668809.501215861426796
"COG",2018,62697.82920092167896984,38769983.297932709754255
"COL",2018,352219.12797348909517014,206571303.055982426542485
"COM",2018,218.15903529950509728,114537.228714687733840
"CPV",2018,21.7135806070062892,0.0
"CRI",2018,12334.40910492579159425,7151823.116771806576513
"CUB",2018,14955.10306669445876708,6517245.8022037109554870
"CUW",2018,0.75222388673773867,274.31278129870515
"CYM",2018,42.38853785286677973,12785.398504587584769
"CYP",2018,32.45037143414713308,6831.36855997777756
"CZE",2018,39194.873835705719158185,21678435.2375016773126565
"DEU",2018,52238.957968991989801678,30081492.2368146489632331
"DMA",2018,778.56520479542248913,412654.41870018029396
"DNK",2018,3161.625253422650536612,1144395.872225304371307
"DOM",2018,13970.35656141529560182,6689360.662150485798438
"DZA",2018,5761.367891192527359020,1459887.414975901061414
"ECU",2018,38747.92180841487514378,26726439.740303783210284
"EGY",2018,62.73815149738499738,14888.73108305349853
"ESP",2018,119648.839104224421226129,51934863.7561605122987853
"EST",2018,40037.877212862133505304,12862517.2750221472371315
"ETH",2018,18894.24322274953192222,9448142.220790067518829
"FIN",2018,269954.625923517334048517,62035044.6531307598817264
"FJI",2018,1366.93536312733363690,728859.823632155408838
"FRA",2018,69201.663429386088138465,35858263.382014660898224
"GAB",2018,26787.90257798484779340,17286908.278332772319784
"GBR",2018,26250.320682858043733541,12129956.6428913413040225
"GEO",2018,300.049159958877979536,111175.247350068114108
"GGY",2018,0.20145048737847224,78.80721180145521
"GHA",2018,151530.49019063327099609,90729066.594730453440934
"GIN",2018,182895.05287649551327475,84613788.042290253870599
"GLP",2018,100.89858279946664886,47255.601106163288980
"GMB",2018,6.14594194131239181,1698.117893040701296
"GNB",2018,14394.17075915072864443,6262938.420782113280301
"GNQ",2018,7824.05225485987922222,5120837.208797339488384
"GRC",2018,7122.668737333893328019,1836920.154795480100246
"GRD",2018,109.80815758138185912,66358.630727713251949
"GTM",2018,71129.17704417856316674,36563690.196912317476637
"GUF",2018,3738.63434819543220704,2789029.373342172392950
"GUY",2018,11761.05242713646407364,7480555.298199604989162
"HND",2018,76254.84923377157017909,39899653.253763222064204
"HRV",2018,8285.340237986675404667,4248874.593754395726487
"HTI",2018,4131.55180499139649651,2004453.561358843305240
"HUN",2018,13808.831790283190114487,5672404.370556481766936
"IDN",2018,1218733.12768500119790668,770821761.767867870348115
"IMN",2018,23.6730372366189203,8805.4208506928480
"IND",2018,125295.26807157559294943,69336585.186455360096764
"IRL",2018,8381.487118725918990837,4203367.2977823000568494
"IRN",2018,67.989587893654503285,13061.5012586878990815
"ISR",2018,39.65515358359267108,11004.028326737793283
"ITA",2018,38839.619788522425876404,13913073.0831968736708114
"JAM",2018,2232.63611540212037007,1226352.555504414933978
"JEY",2018,0.10123078691840279,67.66494206395297
"JPN",2018,50506.69038959370695369,24065460.627909623520003
"KAZ",2018,1138.887814857113129176,374695.6567090697674826
"KEN",2018,15908.26164030239822453,8235162.678701274934335
"KGZ",2018,17.37103547119140437,1156.904472567556725
"KHM",2018,113205.48582976523195145,66041994.954540930857914
"KNA",2018,4.85461569453993048,2598.857206100252353
"KOR",2018,21848.378332811198774440,7761302.221929364201834
"LAO",2018,294657.80019348865771619,152541906.575110548851750
"LBN",2018,255.74116844648765778,82020.0407312826846701
"LBR",2018,204932.16293762231026737,122247108.643273976506794
"LBY",2018,2.92231886577473934,856.47543113849958
"LCA",2018,33.78015339789496799,18076.864704006894285
"LIE",2018,6.11404858589409763,3034.684737571712129
"LKA",2018,13160.78491125228861764,5413744.805975136728888
"LSO",2018,7.72213771004340126,2339.500737480491219
"LTU",2018,19749.844356467175459936,7284185.5724017211993405
"LUX",2018,457.782299683658892434,278007.899712250661424
"LVA",2018,46923.521359871382864118,16674912.0922573612667615
"MAR",2018,2078.01749857905668014,721348.5350486434922675
"MDA",2018,861.219109267732324095,307405.2893719620468342
"MDG",2018,366620.01320705172448981,190826035.867284016468045
"MEX",2018,267178.47703236324499101,119791170.8026484297141913
"MKD",2018,1542.93131280336392865,673083.4263178228445826
"MLI",2018,298.79918577201930068,101060.027235314170757
"MMR",2018,278708.43853388661080559,155852359.318612132271591
"MNE",2018,1652.242790739477361098,742758.463938336649496
"MNG",2018,9224.329045354853481695,1392699.0904628250140670
"MOZ",2018,172404.61919047002926565,63516073.985982568850079
"MRT",2018,0.0,289.635515773559446
"MSR",2018,9.4428053701996509,4920.199379652437925
"MTQ",2018,51.24024817145399868,24599.869114881071667
"MWI",2018,15519.46143611538356546,6459130.243819962891208
"MYS",2018,438009.45506251953555139,223530772.898366812379094
"MYT",2018,72.58350490233125104,39771.34145112984979
"NAM",2018,7.93315108103733345,2280.744572154862705
"NCL",2018,3069.44107184365116790,987113.325457851322482
"NGA",2018,119823.06801515976665097,69733180.823319724217959
"NIC",2018,71360.74012094166338653,41439522.480681870582133
"NLD",2018,1271.179917872526676832,592598.034974060807833
"NOR",2018,59219.471229697963235481,16709749.3323666867809943
"NPL",2018,1672.11661051246133790,940721.644042296674658
"NZL",2018,79228.114259537210006638,56251888.6368731476528715
"PAK",2018,73.647835268479803,23189.345055564602367
"PAN",2018,28013.26025935758279444,16436281.395946802128713
"PER",2018,211643.25036817371988094,134805945.686187824599753
"PHL",2018,70533.19669475200138530,42765494.158528201599622
"PLW",2018,3.89126619202826634,2687.365366745817050
"PNG",2018,117934.87364562520140302,90788466.270825394996473
"POL",2018,96846.195291840451387537,39951389.0907596326039700
"PRI",2018,1227.87992786876525612,658634.7904209602081275
"PRK",2018,7691.72181341191851675,2341776.694960181514559
"PRT",2018,97437.236060027363413314,31349871.3834446602917107
"PRY",2018,258769.27780851115619424,64399448.679705033723118
"PSE",2018,2.02768764523546048,548.934669748669736
"ROU",2018,18974.387463229499622147,10346542.2196317912044055
"RUS",2018,5560431.581131933598035592,1109955370.9112055831308339
"RWA",2018,4291.07537441494473673,3486762.972412707068512
"SDN",2018,16.1157628217578149,4801.50731337839958
"SEN",2018,300.94409676495813113,98756.618063686330550
"SGP",2018,289.02683051019646144,125550.817720253484489
"SLB",2018,17824.77894856256041470,13381405.742285434505155
"SLE",2018,188217.97130127406253080,95499974.370611644377302
"SLV",2018,2703.34751938074985089,1370746.645787486996325
"SMR",2018,0.22314501609375,61.193928470229814
"SOM",2018,43.96594224073670553,10053.886054031328817
"SPM",2018,0.42455700738715274,0.0
"SRB",2018,3966.381087852912180778,2091187.2185481787385055
"SSD",2018,2640.93805290876228883,1121064.797365926769256
"SUR",2018,19000.90114784523381108,14259182.938120621877019
"SVK",2018,17697.583252592935239499,9969838.0383714027368905
"SVN",2018,8215.194085072721092864,4893792.351285541416160
"SWE",2018,290151.347718357148958587,79388794.9345931670031903
"SWZ",2018,1919.84958659882860965,1361641.834781240493918
"SYR",2018,903.42889385926538167,253948.833676332752466
"TCA",2018,36.12955168661892637,9428.653636028832730
"TCD",2018,6931.78333732772335688,2099097.160193784798027
"TGO",2018,6762.41939020876450855,3746605.190914986489254
"THA",2018,133517.48639988677637739,88417208.894635938980479
"TJK",2018,0.1800544646527778,19.137934553848055
"TLS",2018,1243.67484914857296436,646722.135749830924096
"TTO",2018,947.23956202933481884,560806.772398007859176
"TUN",2018,905.028145204758364250,229436.4365900955426745
"TUR",2018,35668.330839898936289236,12782283.667076443033423
"TWN",2018,1901.45037543690360444,1121429.2018087796957795
"TZA",2018,171703.42479406291907360,60818654.283600354803496
"UGA",2018,86229.99575000547020396,38936952.968580355080161
"UKR",2018,74423.767856468023907067,31385362.9195248973332656
"URY",2018,19531.28667686900005550,19035707.744885128287474
"USA",2018,2092360.695626055832650573,938668183.27734360103650926
"UZB",2018,0.466104254073350725,194.8950534853339261
"VCT",2018,17.01207724403702716,11398.349700235718424
"VEN",2018,112166.26414638459373880,54184763.949372607994172
"VGB",2018,6.21236764107638959,2513.886441583228348
"VIR",2018,45.39200020479275469,17544.839422691628747
"VNM",2018,225177.05356055465661031,184037071.528430240292229
"VUT",2018,1031.35033539518757798,682790.994881933924125
"XAD",2018,1.65273739651041673,683.85729349257349
"XKO",2018,593.894051194053671294,336127.0162999235630722
"Z01",2018,71.95398580370225966,44084.063107969330416
"Z06",2018,1.9138539644053824,800.58160076273972
"Z07",2018,6865.77263752848819328,3847834.662109425822862
"ZAF",2018,63666.82299717245551293,43120900.081889020421922
"ZMB",2018,143920.34077531810246742,52760127.418135450753129
"ZNC",2018,35.10801199195747633,12081.334693669193252
"ZWE",2018,6541.81211360565051198,3463903.473995778903817
"AFG",2019,17.11506675814453158,3708.0610558993485844
"AGO",2019,175076.52078336946544577,63088355.646063171267552
"ALA",2019,2361.25091757453990359,720707.076302748497495
"ALB",2019,1073.50034872593828458,429556.4802896499667615
"AND",2019,8.03998279296007157,3717.86045691514686
"ARG",2019,145459.389704971991974148,41087635.4920360547991480
"ARM",2019,0.706427593621961835,269.259488605251099
"ATG",2019,23.41031010710397212,7235.744483048477436
"AUS",2019,1661547.111942415146914598,330570924.2572672344491078
"AUT",2019,33659.510352965250720162,18607137.582216626344524
"AZE",2019,11.94976342916666671,4112.82706479062955
"BDI",2019,2386.17622536835857125,1279432.943429421477908
"BEL",2019,5577.118212720532363616,3124913.7920820557578417
"BEN",2019,773.15092047922103526,339925.223818764720300
"BES",2019,1.5425652265896273,603.9251296848123
"BFA",2019,0.0,995.235605993654550
"BGD",2019,22078.75883191462603599,12778276.750479031600585
"BGR",2019,4125.018881264945690418,2005998.5109776200636915
"BHS",2019,1557.77356329313591822,480331.8339596219609615
"BIH",2019,1232.21039705544485595,716583.369218503913052
"BLR",2019,75048.525075755369419730,29058113.4435550753820070
"BLZ",2019,18437.34927058429026898,8598565.579511775866830
"BOL",2019,853555.96891391672854775,246068782.335957196387279
"BRA",2019,2696542.17879501420725976,1532889288.326393946605931
"BRB",2019,53.66338849330902260,23198.969676017991293
"BRN",2019,1168.45755000401413498,706138.140258656610060
"BTN",2019,819.65376990096357857,433791.383400966047293
"BWA",2019,0.07219066732530383,18.258135188165614
"CAF",2019,49026.61679440043244387,23953345.367622016148764
"CAN",2019,2175716.167516531186349208,890763284.8406994106388063
"CHE",2019,3518.02068678395737332,1951944.311411714586602
"CHL",2019,78733.740838194644812121,39960797.4315309751913605
"CHN",2019,497026.879117842176562716,232481909.3230484432950810
"CIV",2019,242201.77111878232660776,139766168.150107621406743
"CMR",2019,121799.82096113592421748,74319769.191592309246437
"COD",2019,1220241.16529112833831530,818547753.757416277875853
"COG",2019,73758.07861714314612115,45800153.757517134185159
"COL",2019,268476.52853669843551396,153890965.030096066790415
"COM",2019,280.49728503887199989,151008.989014745989218
"CPV",2019,0.1486707659309896,0.0
"CRI",2019,11488.96239748972009210,6701089.761842198002581
"CUB",2019,7463.60839057388562764,3040992.727090497722630
"CUW",2019,2.1818032075661886,735.3592552065368
"CYM",2019,10.76036729791232776,8679.515996605787464
"CYP",2019,43.45628981809461352,13263.559843429152835
"CZE",2019,73288.680232863372235060,40245426.9266532995543325
"DEU",2019,108232.909744620681491112,62183840.7932595004762905
"DMA",2019,58.70914486738768900,34423.63959878645887
"DNK",2019,9180.333627167243919484,3353305.4812689779384455
"DOM",2019,14930.91128902381949399,6983512.381039097433072
"DZA",2019,6289.924955111391131380,1387406.1768980736987484
"ECU",2019,35715.29204678774643185,25122138.042750241187758
"EGY",2019,20.9040568093956143,5595.09605548831222
"ESP",2019,71021.864828331274005105,32162285.1527338749786031
"EST",2019,45917.245814342063242272,14970494.962926328029562
"ETH",2019,25582.39838615167004221,13547222.055769321132413
"FIN",2019,289910.433963487088835893,66503282.3682254090817385
"FJI",2019,1455.84047928457279465,825424.910968660317299
"FRA",2019,81304.447682624967531071,43655938.398654724393547
"GAB",2019,28561.01882431762698796,18661703.193634492379963
"GBR",2019,28392.882897568525794032,13322194.511571197541271
"GEO",2019,166.18634399653213148,83378.419133698005729
"GGY",2019,0.3008211251041667,111.31726380792624
"GHA",2019,88265.36798248115388564,54294187.193112725899937
"GIN",2019,193689.93216448558055143,89322501.457168459631458
"GLP",2019,70.26019322572591571,30690.027329465820034
"GMB",2019,20.085571262491331,6314.10448615384856
"GNB",2019,15622.72825428658271016,6905164.511599463022818
"GNQ",2019,9526.09500578094734625,6413663.308014467001940
"GRC",2019,7604.94720107425979768,2099362.1623691042390110
"GRD",2019,21.06297714314399120,11275.71273933794708
"GTM",2019,90261.35709486284140144,45208450.986094351102835
"GUF",2019,3297.92582579197811215,2518639.691782979910306
"GUY",2019,22324.19466286762776750,12327989.323445041191805
"HND",2019,81415.85952949338950050,42087863.549983442304343
"HRV",2019,5977.626809427684561883,3093827.595939778664570
"HTI",2019,4395.44081062647071042,2043374.521137470960849
"HUN",2019,14401.012381995810551135,5969100.1853628593401205
"IDN",2019,1176883.45165677361274829,747939655.8302624575849255
"IMN",2019,39.41001702511286262,15072.233504751038358
"IND",2019,115903.91004132516633243,64725101.788720083215254
"IRL",2019,10354.220143685037573755,5091082.8623663271221150
"IRN",2019,144.05646496422310016,30666.101172175007730
"IRQ",2019,0.06209721399739584,22.73801260951708
"ISR",2019,54.35792290111432419,17402.747987056522473
"ITA",2019,59702.146532816730298027,25075059.3581228463531935
"JAM",2019,2292.15580609812701890,1240007.436553607361061
"JOR",2019,0.58736446819769972,111.32056955259523
"JPN",2019,51380.500391523354106456,24943646.675934853377369
"KAZ",2019,1281.725583989125407420,464773.7717370140750783
"KEN",2019,15950.47570762959294578,7273652.627233101840952
"KGZ",2019,15.7267664275303852,2173.79852729041568
"KHM",2019,143345.33390736596863866,82383749.427924326840968
"KNA",2019,8.90336391154730937,4499.29658402143456
"KOR",2019,20730.84338074518456002,6957975.305726523057035
"LAO",2019,364695.13496435019872412,188105479.066426451189379
"LBN",2019,389.80778729658752799,122909.0157530640901365
"LBR",2019,171765.61797923302875807,105663840.283178051153669
"LBY",2019,2.14434264185112854,636.479823706462033
"LCA",2019,21.89532865355577442,12329.161847723482878
"LIE",2019,11.544410222528209516,6863.648075815857358
"LKA",2019,10307.14289287238533752,4327782.070598454541085
"LSO",2019,10.20990833923719773,3400.325835697325544
"LTU",2019,24565.204584139421282639,9080626.6291015921219905
"LUX",2019,509.19765510358730566,312916.386846354694229
"LVA",2019,57402.930579995171105655,20568947.4125035927331505
"MAF",2019,0.5126036865505642,151.29555708785517
"MAR",2019,1250.01748588564982857,371842.4041239739848780
"MDA",2019,817.159428098630757834,292724.9520312780768954
"MDG",2019,254242.66519554070854463,126073030.9548825231978054
"MEX",2019,327305.42728557835612064,148745104.254983355550297
"MKD",2019,1790.296992155973954713,850217.591046992027225
"MLI",2019,210.75723679909060305,69141.887064839805095
"MMR",2019,309418.45824321870934824,172006636.670782311861472
"MNE",2019,647.23663328046645458,374365.111480997209736
"MNG",2019,2815.422969558709746915,892379.2428135318660725
"MOZ",2019,235664.24820953356586696,88987860.8423597201453815
"MRT",2019,0.0,95.650974916713643
"MSR",2019,4.64687765316948763,2402.083720861673966
"MTQ",2019,60.54677782825303329,28379.276959900890756
"MWI",2019,12149.38506320338818425,5247946.396509454592939
"MYS",2019,395404.58431471140918863,197318258.785442188625336
"MYT",2019,34.90639031589899503,17864.669400586902326
"NAM",2019,1.96699585995551214,358.82225266508120
"NCL",2019,811.97016784848382645,284710.583824200926972
"NGA",2019,86895.12476145216776495,48616791.696396726786487
"NIC",2019,77828.93451551601358851,45165033.162501588130919
"NLD",2019,2481.473998876966769712,1189560.3383150354419025
"NOR",2019,64784.172063588047933585,18562722.3900686918302474
"NPL",2019,2086.96085386084783044,1202604.246482368758641
"NZL",2019,71430.761969325576142827,52222951.439405862857166
"PAK",2019,78.28540945318579608,30426.8764443638696367
"PAN",2019,34034.10982776145747654,19888906.316727382191126
"PER",2019,231172.95714825110824573,149312949.592432380149312
"PHL",2019,64038.08109387344510814,39020197.970096493254289
"PLW",2019,8.69836226629638619,6893.78284582885328
"PNG",2019,95134.67482187431961031,72748148.859871376554535
"POL",2019,76721.074240562327090526,33064328.622912618784884
"PRI",2019,695.02114087957019664,331692.742716387089604
"PRK",2019,27491.952771013723338035,6453298.787621393244738
"PRT",2019,36885.657364763711068506,13441808.3451669653014144
"PRY",2019,312985.83175547755221230,75677522.457465495637012
"PSE",2019,0.2624685463943142,95.65179888579192
"ROU",2019,12266.127869953109428514,6624842.4343587197835955
"RUS",2019,3686557.281675801627416033,599855141.3301187298225574
"RWA",2019,2516.13981508587864102,2154477.122724790283593
"SDN",2019,56.3958682404302352,17909.02535244048976
"SEN",2019,277.64000257541922152,80135.813776141509785
"SGP",2019,287.95075812156078582,138964.140410881661738
"SLB",2019,16550.67233884764130972,12272075.892026582272188
"SLE",2019,175466.68836596324940903,91245672.113761316532981
"SLV",2019,2249.15876579755788026,1128877.109114777663894
"SMR",2019,0.501878941686198,151.0366199824383
"SOM",2019,374.13892427585130069,81082.651324965206550
"SPM",2019,0.6368403754774307,0.0
"SRB",2019,3962.211902648626386005,2052586.7840866954887400
"SSD",2019,3753.36179750321166152,1635126.092334708147018
"SUR",2019,18454.11214424599881795,13775264.891433726527005
"SVK",2019,10331.958200613207585520,6113176.670878052987745
"SVN",2019,3444.440936633756792614,2012790.663622793294125
"SWE",2019,332890.804261405059105826,93099560.5586973948478236
"SWZ",2019,4116.62952577534932335,2378269.9243116713868595
"SYC",2019,0.8351447150564237,773.17634144549227
"SYR",2019,1176.52027477614229158,307805.961703967740478
"TCA",2019,17.24336371313584796,5244.089455792799392
"TCD",2019,5058.9267387286368765,1484152.789006569661802
"TGO",2019,5187.66425017166376478,3060905.632115160783689
"THA",2019,129770.76351443515713760,83822586.866311757428593
"TJK",2019,0.059565943791232645,24.44788437123789
"TLS",2019,1501.46983487714269591,771958.917285215787002
"TTO",2019,658.35834211459086700,392723.891310898643130
"TUN",2019,573.516909584069241576,161715.892991032312295
"TUR",2019,39117.934327150237222759,13714904.2709156803492227
"TWN",2019,1426.27423970394513909,857662.831511396078316
"TZA",2019,142771.01357221259337640,51708241.665796574051370
"UGA",2019,63267.53282701135837222,29669798.465540492632152
"UKR",2019,45143.775820619753560921,19056657.6310750213716807
"URY",2019,14521.90103738390307380,10294249.2314442721891473
"USA",2019,2109922.026010733247398425,905511061.1512248779140162
"UZB",2019,17.6389015158984344,6714.7831416787224682
"VCT",2019,11.61693048892795313,7245.22746494582440
"VEN",2019,140698.91803586613726749,62126796.484118736024136
"VGB",2019,0.87699208941080737,350.530276030482518
"VIR",2019,19.58205995306641034,7769.597480987758906
"VNM",2019,216776.91393863607588186,168050215.987823215065246
"VUT",2019,251.57034171083492551,129464.226889998641449
"XAD",2019,1.3986241717925350,416.20210620949311
"XKO",2019,697.39945428252583588,392194.978073160803967
"Z01",2019,25.90482638726996946,15096.241410361198667
"Z06",2019,2.95767513256076396,969.167363825832739
"Z07",2019,5224.69299186992583156,2899180.599565387016885
"ZAF",2019,76139.96713459632999456,45498434.677890687270824
"ZMB",2019,124579.73697520781026581,45680278.311649331960453
"ZNC",2019,25.1274156027734353,8763.640705785854728
"ZWE",2019,11514.47862500640898793,6226192.482300130242752
"AFG",2020,36.58230789240671689,11409.236816046647264
"AGO",2020,247979.44341863601200328,86151528.612071716797869
"AIA",2020,0.14632985609049481,47.48156422402951
"ALA",2020,673.41128750938703048,206427.499708936283779
"ALB",2020,1116.970242067361590360,427420.4550687948532115
"AND",2020,27.49449198667968530,15127.835646112322336
"ARG",2020,197404.200989013426527336,51442894.9919606278102123
"ARM",2020,18.54296916338759027,7710.098101896106095
"ATG",2020,15.23599393617404188,5580.325020302746640
"AUS",2020,2356517.983653612959194985,563980104.6561007104138848
"AUT",2020,25940.408163143583113348,14782590.8225662986582826
"AZE",2020,22.774961494372836075,7822.708075389058629
"BDI",2020,1856.85177499982084796,1101856.698472467269804
"BEL",2020,5408.582106970413602516,3119755.6907455403984662
"BEN",2020,1603.04791630123536937,815003.929086378768228
"BES",2020,9.69795470649197093,4126.921343623419156
"BFA",2020,0.0,7470.072909759612295
"BGD",2020,21475.59137844705500558,12428756.646885983552760
"BGR",2020,4795.214784004511876240,2304899.3216800540529965
"BHS",2020,2696.17849708248312387,916960.494435264622368
"BIH",2020,1842.180257719705190743,948579.946686416171011
"BLR",2020,68932.175516464010112952,27661105.8311852460138176
"BLZ",2020,26721.58744571537008824,11858142.284515611125083
"BOL",2020,428902.86426320538892337,158918667.790028222702586
"BRA",2020,3290644.63117095967742717,1680953959.346622353077836
"BRB",2020,22.10970874015734049,7876.044015244088532
"BRN",2020,1166.42756850767152213,737966.661368956594500
"BTN",2020,1288.37448758953063190,705977.1890009689952495
"BWA",2020,1.81525809188368078,444.822903272026401
"CAF",2020,55136.83110016810488309,28600048.061660846121036
"CAN",2020,1195271.063623761955163869,370210212.2865110711307852
"CHE",2020,3927.99457476122195340,2433594.095269822508511
"CHL",2020,70568.259845053702563894,33738336.292488043000986
"CHN",2020,422361.069291498596698476,203155586.3443704946245200
"CIV",2020,248549.65606758043310686,148785173.120820513874564
"CMR",2020,202795.51540921707115266,133509584.640417352420003
"COD",2020,1310238.09473405445248682,862753803.509281440184210
"COG",2020,64540.48509085227014346,40526607.825846117348280
"COL",2020,324203.09775475912923938,193430580.099628189573970
"COM",2020,265.51162030653224504,139247.98608326356912
"CPV",2020,6.5394375064735244,0.0
"CRI",2020,8248.60491812551471059,5009544.584473287595966
"CUB",2020,12618.45341911080997416,5006595.0828570310488684
"CUW",2020,1.95612769982530369,610.60510249021313
"CYM",2020,8.57770746025173399,4805.443408038588498
"CYP",2020,33.19479004149955891,7943.064876723699368
"CZE",2020,100267.371244678090532158,56532061.342292549745664
"DEU",2020,186938.861286665884393308,113173336.2452712026127060
"DMA",2020,65.61122506442002121,38101.106050026022575
"DNK",2020,3193.593482203414408892,1218756.2979186377865500
"DOM",2020,21441.30738443467027882,9978196.196488906278835
"DZA",2020,13072.357037419769731862,2389010.5647473880315498
"ECU",2020,48963.23868776016676787,35469372.890769520849507
"EGY",2020,18.13907616891276139,4397.185499025176982
"ESP",2020,101988.176393417496000073,46460003.7439273444215743
"EST",2020,36805.569045306604504595,12182001.207872063221390
"ETH",2020,17980.78234328901709701,9312937.947945873161101
"FIN",2020,254472.600298344508463919,58874898.4233113891074895
"FJI",2020,2066.83206738261518333,1163673.724813572290255
"FRA",2020,77745.737139422096271571,43946716.822229318119824
"GAB",2020,22022.19705051162214544,14335606.995546073642855
"GBR",2020,22836.270154015512095081,10654447.9995757453810426
"GEO",2020,222.15377600150388582,99417.032554190227291
"GGY",2020,0.2014560815060764,65.61830819889053
"GHA",2020,136613.33537539587061688,85783180.180624968031902
"GIN",2020,178406.70874928507127483,87079177.078447725642076
"GLP",2020,51.92330283529623350,23212.045838992831830
"GMB",2020,9.8925714362065984,2528.871577760068006
"GNB",2020,17107.80284895021677021,7760600.959539993252787
"GNQ",2020,4870.64700301007330896,3372249.845157109290718
"GRC",2020,5427.825421510588908089,1504814.4903567819197768
"GRD",2020,18.43700219297905901,9759.231231079747428
"GTM",2020,98561.32396590574970184,45710976.187327303573659
"GUF",2020,4289.37669249657785709,3274344.334553674379264
"GUY",2020,15769.97951732442418057,9942764.068509721891910
"HND",2020,93648.79185482429325091,49242101.363783705030447
"HRV",2020,6051.722610220719723830,3144794.858432252279312
"HTI",2020,3802.05673911145314928,1797955.808435592636542
"HUN",2020,12016.303963450474259506,5029365.104232028321433
"IDN",2020,961584.79717963051778709,599003233.612464028824281
"IMN",2020,14.25881806646701581,5249.361756178241242
"IND",2020,130854.60339082316621176,72810172.002217523976940
"IRL",2020,6212.890538965919890038,3141978.403759538579553
"IRN",2020,20.19200928916015219,7289.116149308092661
"ISR",2020,46.46654973852538846,15218.4645283173812755
"ITA",2020,28245.356767884452361832,11102502.0185475071435894
"JAM",2020,2169.74570218075956292,1180523.380004511907565
"JEY",2020,0.30383212113715280,124.948486574380635
"JOR",2020,0.19579483644531252,52.566938546683875
"JPN",2020,48058.221412997910734672,23641550.2133517447173799
"KAZ",2020,1853.267679175212233405,718880.9068823462826282
"KEN",2020,19045.37283900203178342,9396596.858079852892587
"KGZ",2020,11.898140121510417382,1828.4118107433301167
"KHM",2020,143528.98846973182545833,83345068.256683826581108
"KNA",2020,10.14993487445637951,4690.191392581703190
"KOR",2020,20122.304110373535170255,6744730.002092301890518
"LAO",2020,357519.43862173180140641,188131420.481120019087685
"LBN",2020,473.08464572179392826,149398.9478619175641335
"LBR",2020,220121.97838960644938022,137617574.056897711861213
"LBY",2020,0.7809010561621094,94.976821681556357
"LCA",2020,40.73259010682671514,23024.037973245476431
"LIE",2020,3.21449726384765614,1980.39702429481307
"LKA",2020,11215.99147357759054092,4610847.797612819654882
"LSO",2020,16.13182196853623970,5432.686165148498042
"LTU",2020,22970.527799865064868086,8719238.028759531273945
"LUX",2020,654.51918871101126333,415268.328780895350304
"LVA",2020,50462.783828106702239754,18508131.037177982599314
"MAF",2020,1.61110014099717890,740.83722906880279
"MAR",2020,3620.77965439201660649,801899.9626469073050935
"MDA",2020,1413.315172163183650944,507660.0454308595952613
"MDG",2020,241112.00477303664788009,128027745.628109621331990
"MEX",2020,299298.44958654712898967,131413311.4272737798577344
"MKD",2020,1856.13740564901924628,878788.4610791018127677
"MLI",2020,148.84741201595269241,57473.558400174861174
"MMR",2020,310005.38153156874044949,173605902.616694688791721
"MNE",2020,983.183855986670223464,542812.820041174924631
"MNG",2020,464.617516136349767586,173175.7937151301328925
"MOZ",2020,232523.84531724314427695,87019896.652043060910709
"MRT",2020,0.0,463.807283114073773
"MSR",2020,2.21254263953559047,1005.296229200176761
"MTQ",2020,65.09517640956979253,33447.971076961576277
"MWI",2020,16070.14046082542626722,6867151.570050056108407
"MYS",2020,268775.04833566062575254,130144264.135404788580050
"MYT",2020,166.78849063975102751,88267.382739253121359
"NAM",2020,1.46098344458441847,346.891974969248428
"NCL",2020,4065.97549624897256814,1340971.845091093233668
"NGA",2020,99199.51603081963916265,60291219.553491639851515
"NIC",2020,111296.12941590395262779,60111312.852625408412859
"NLD",2020,1921.808177094026148222,937146.407026384236037
"NOR",2020,68362.848221985161443843,19587954.2263884153826658
"NPL",2020,2232.81156351152801649,1244148.661034987906243
"NZL",2020,60924.632569294176996265,45414453.2283493502701484
"PAK",2020,66.93545053930771945,24752.420012394682160
"PAN",2020,27379.02438371941077032,16046863.489014624345408
"PER",2020,278604.09826143233036725,178523779.561424136312479
"PHL",2020,63727.29573765028899606,38981726.002340434067442
"PLW",2020,16.25437658344238506,10537.283017311789963
"PNG",2020,78439.73413638654232422,59460034.624521446098595
"POL",2020,74958.855156036366645893,32938218.7064682676832431
"PRI",2020,680.78000166393784645,358061.115544547388074
"PRK",2020,14775.417513406478577814,4361991.1585595325168595
"PRT",2020,62043.513095106767545549,22621372.342457292033636
"PRY",2020,243326.26433875730689566,69170793.108505019072707
"PSE",2020,0.26138486053819446,84.101909755101314
"ROU",2020,27445.451195268409473102,15394682.3582733332817915
"RUS",2020,5442086.246369266158013177,821908870.4678776078122425
"RWA",2020,3187.39401529724268240,2607036.278209027054704
"SDN",2020,66.80291179048830566,21448.306996799109596
"SEN",2020,758.45816100406521033,225621.090551792091775
"SGP",2020,165.12609479173388042,90595.260711360370683
"SLB",2020,14598.97770127088190526,11023280.411772013023595
"SLE",2020,154640.74448345093620457,80918308.145266670260710
"SLV",2020,2208.12560440713435495,1150670.380440745334875
"SOM",2020,154.51877993220295661,36185.373940382116674
"SPM",2020,1.4859383276866316,0.0
"SRB",2020,4987.053400959844373229,2666263.977818882882568
"SSD",2020,2326.22676357332561738,1095199.357359180789115
"SUR",2020,15095.85336916831873638,11310641.677565281571053
"SVK",2020,11947.850559567848436069,6993845.982492789604351
"SVN",2020,3874.40940942001987635,2334210.014817129243442
"SWE",2020,339968.339891257514619414,97195333.7560548158602146
"SWZ",2020,2684.09113614353122878,1722603.159579381138758
"SYR",2020,3037.67036048139189043,638190.109164091295938
"TCA",2020,34.41261375366969476,10978.694995032048467
"TCD",2020,3433.48961585372801790,1074544.915531648159954
"TGO",2020,5446.29695028422229605,3168297.846337259070728
"THA",2020,119391.72305411407229167,78590911.918627340722548
"TJK",2020,0.4276713535351563,127.2529363480884835
"TLS",2020,1459.02023857232235035,757622.164515901854245
"TTO",2020,859.98702567581500221,504939.412564709061802
"TUN",2020,1062.227097201835737724,210175.339267601310641
"TUR",2020,45348.463610691258023820,15988571.091888889828285
"TWN",2020,1461.49965451779007082,870365.757182138308302
"TZA",2020,186208.95467037344570030,69947244.997324690747738
"UGA",2020,73601.53457729756604441,35904963.894033234980644
"UKR",2020,79461.177611406860494886,28980871.895102247018917
"URY",2020,12732.70047145084438756,8799085.837385863417354
"USA",2020,1966726.693712247954137072,932685423.9405754787037098
"UZB",2020,3.18195054995442692,1119.595231356859112
"VCT",2020,7.1195963574213337,4531.74919079435227
"VEN",2020,139221.40839570024968791,67291721.371996820294599
"VGB",2020,0.07308887034722222,27.72435187783638
"VIR",2020,14.00582780646592955,5558.242762619320760
"VNM",2020,207647.83186279583272049,157081750.239350168401376
"VUT",2020,3935.03410784822126373,2479161.54099859288844
"XAD",2020,1.144118643576389,654.0796203670368
"XKO",2020,970.674474934084188036,535346.2099931126247175
"Z01",2020,41.27344476414822184,27941.85808804175853
"Z06",2020,2.26615802366970497,682.121854656286221
"Z07",2020,6819.31678247422259826,3701697.619995329924200
"ZAF",2020,62247.23386544654051865,40495036.702908115268733
"ZMB",2020,162801.58944267601013274,60708721.051884361929612
"ZNC",2020,12.3702511420486128,2194.86829280203446
"ZWE",2020,6200.71249399640962460,3456851.594247171916031
"AFG",2021,26.48246160191733306,6772.0752140944778442
"AGO",2021,298261.68435422081299144,119823558.576557849502806
"AIA",2021,1.68278169644097235,554.380974433959562
"ALA",2021,1355.481820779997669935,422422.305837106238675
"ALB",2021,1685.677235689262084411,506228.3011663939964001
"AND",2021,2.22471297738064249,1301.95877069567634
"ARG",2021,201896.344452604923370781,63898345.8462068215860934
"ARM",2021,4.96472232192057265,2185.500616137832774
"ATG",2021,39.15892521036023980,14621.138413003672692
"AUS",2021,261044.955942218460296837,97868017.5354489859590252
"AUT",2021,16650.64793145475596897,9316885.1897549461782105
"AZE",2021,85.22633726126298407,36247.277528746949578
"BDI",2021,2272.25175327985331367,1449769.326034755877562
"BEL",2021,9142.949797379093540766,5404048.817465642191282
"BEN",2021,1699.54014162905334169,1606323.838288706044136
"BES",2021,0.22568747203938805,76.42685268721695
"BFA",2021,0.0,43859.007129542769157
"BGD",2021,17587.28243270613033076,10535020.702165643646590
"BGR",2021,6684.012024956952160956,3281640.7573971297193334
"BHS",2021,1548.74388476882593307,455373.539283801939991
"BIH",2021,1018.740783485178066936,567773.052085380570070
"BLR",2021,63478.932386615288891706,26159879.446000922655845
"BLZ",2021,9310.73375697314772723,4499449.119837235507121
"BOL",2021,559588.66506382051209957,196891092.156008976716365
"BRA",2021,2990028.76131567061857109,1868490742.521473925333548
"BRB",2021,17.23879269510959197,7506.246946525421130
"BRN",2021,952.93058214787803007,634880.993075440421039
"BTN",2021,1278.57589323634439045,694377.753077376182553
"BWA",2021,1.42478080287760433,572.159867236835701
"CAF",2021,67180.99665510713281123,36009852.584658811865262
"CAN",2021,2524984.969306084380620090,1022235434.8428894940015758
"CHE",2021,3454.853211812606271745,2100877.7690109538733846
"CHL",2021,71609.984379257671896823,50659161.8070871010025643
"CHN",2021,536772.366491661134870093,277590420.4588070353360685
"CIV",2021,183272.23436631585159708,114081427.588697853370434
"CMR",2021,168797.41740747865520942,106351349.080393221750193
"COD",2021,1248060.48472706412717138,828353837.443374319782839
"COG",2021,58192.92151258513943928,36591674.865721300733571
"COL",2021,265160.66955185574742971,162187001.983124857934765
"COM",2021,164.53768411434628221,86426.065361247236870
"CRI",2021,7850.73668311729621504,4857101.619759094840068
"CUB",2021,9720.83331947196082306,4329397.721230486065379
"CUW",2021,4.06381176150499173,1282.976691341749575
"CYM",2021,10.10522126454427138,5864.164245931602650
"CYP",2021,642.87003442237581789,91879.169737210889526
"CZE",2021,56298.102724837039149733,31955605.999054153487033
"DEU",2021,202277.204429519395499885,122302286.687167153780553
"DMA",2021,30.35926319274468156,19327.63996911117919
"DNK",2021,4795.048927643727981714,1965759.6893142944106295
"DOM",2021,14182.34201178285914641,7152392.351429404816525
"DZA",2021,20471.652534532594845889,3527427.7695765890797290
"ECU",2021,30367.76456221182729855,22562909.141882198718575
"EGY",2021,17.8120813064040789,4381.557614465632482
"ERI",2021,0.0,53.043470135138906
"ESP",2021,85791.957416141341989879,38435665.8172755351429986
"EST",2021,34004.181033504088975718,11644175.782842488469587
"ETH",2021,19751.43827758899015215,11075691.154286339968791
"FIN",2021,266899.154358797059763625,63588010.4236874207014799
"FJI",2021,7198.68557758031397317,4212392.367926379469569
"FRA",2021,112885.768951208205272427,66514860.582682002066718
"GAB",2021,18317.62964507300966233,12246690.148276489355339
"GBR",2021,26216.317962058570845774,12823395.954249230382516
"GEO",2021,420.262445849194873846,196829.091300141736703
"GGY",2021,1.10826138006944444,435.38041330845016
"GHA",2021,101414.08485857476762152,66999217.755689223141955
"GIN",2021,167376.67003997815417083,82115086.669564349701399
"GLP",2021,67.73279766907387836,29787.663891299831956
"GMB",2021,19.03735950195854299,9599.671319256906560
"GNB",2021,13684.85411847591098546,6438012.588998309462595
"GNQ",2021,8905.52715633372796152,6114017.085291775543506
"GRC",2021,49038.519036178950425341,8741793.5912389809207266
"GRD",2021,15.95471225753634844,9113.085637620172835
"GTM",2021,49898.31212181119143911,26782154.389368417660369
"GUF",2021,2205.03299824686544409,1712091.281268303036443
"GUY",2021,9536.76713339113473069,6555708.605546886250232
"HND",2021,69498.32169403489890756,37499705.208399406214993
"HRV",2021,5264.326696804362381189,2799195.081092707124301
"HTI",2021,2413.74453287675812352,1167891.943604689205978
"HUN",2021,13757.123536229150054902,6093601.755187681429427
"IDN",2021,841390.16131598934059948,514506680.790339446562925
"IMN",2021,27.96447584641928091,11394.490799223659782
"IND",2021,125753.22883265900421639,72534775.949936260523326
"IRL",2021,8779.289064123878867491,4654123.0145951576907445
"IRN",2021,20.998456522460944255,9684.138828225431962
"ISR",2021,28.61547411162543756,9215.847666753197306
"ITA",2021,28263.216555394215561868,10221952.2905952470273517
"JAM",2021,1485.24723965635425351,800911.290535324736828
"JEY",2021,3.24072188023437515,1306.585635272468972
"JPN",2021,48455.130205260751663369,24341974.509171693885557
"KAZ",2021,718.409062407000997985,255225.8172071616925447
"KEN",2021,7564.30353703219268192,3758592.099059524670024
"KGZ",2021,17.535345973652351270,2650.7911026414703321
"KHM",2021,144262.64338879267038895,86233906.363691695201503
"KNA",2021,9.41626906362521699,4726.860605926826975
"KOR",2021,17342.127881665776613915,6056834.432906288428244
"LAO",2021,317562.59400856886037261,167574983.838802952537589
"LBN",2021,672.61767208680922063,154280.2569881584622154
"LBR",2021,129838.01097076565523027,80606320.911839650491662
"LBY",2021,0.5196089612489150,126.83275201543763
"LCA",2021,34.60395206810437517,20427.06665076557690
"LIE",2021,0.632270560839843774,359.218621601142454
"LKA",2021,13296.08742554541768222,5358619.623222034305186
"LSO",2021,16.91761747763888955,6702.660098000707668
"LTU",2021,22633.628914351055436720,8935933.346883420698040
"LUX",2021,1054.629058322799234981,686832.784222360385799
"LVA",2021,48422.148732552794833367,18356211.004669296128909
"MAF",2021,2.1235823210525175,918.34642222158826
"MAR",2021,1538.46211751804475646,626315.043366479226734
"MDA",2021,1130.887987131410808948,412840.738532899719299
"MDG",2021,234879.82064764929376870,121091730.032298360427209
"MEX",2021,189046.40207507318341119,85418725.2595560455834384
"MKD",2021,2304.283069036994089665,825312.1696322126850393
"MLI",2021,130.30924230515132176,166941.005699377658759
"MMR",2021,304151.45531416772424949,174593722.042741089152586
"MNE",2021,507.759413625527361514,268175.913750228746227
"MNG",2021,186.689692578834549670,41914.774045248494057
"MOZ",2021,278084.37292224072039974,107718211.789209798631735
"MRT",2021,0.0,2006.294234228617803
"MSR",2021,2.50734279155164936,1337.524559713494345
"MTQ",2021,43.55235253291613756,21616.887226992098751
"MWI",2021,16582.62200617771256255,7023754.062337750870079
"MYS",2021,277597.31450350848232649,134722963.068219096451435
"MYT",2021,63.72506181654562014,33068.573940594333068
"NAM",2021,5.03323263665907119,3368.440229267204307
"NCL",2021,656.28992337712054576,258562.767675373822086
"NER",2021,0.0,69.545314882399015
"NGA",2021,97193.20236319167944429,65091478.516156308721599
"NIC",2021,91835.34072655827015020,51700076.203173846054152
"NLD",2021,2456.722221562805672601,1270255.3628968740938615
"NOR",2021,63937.474521455621411760,18896798.6947679629627217
"NPL",2021,2752.51013305627064636,1590215.574298532627089
"NZL",2021,66243.067947619121212388,53035809.265336962823702
"PAK",2021,57.2933673451226271,20097.756131810378550
"PAN",2021,24431.46188523030620107,14558128.906547467809354
"PER",2021,225105.75051461585364400,145564258.581214666665475
"PHL",2021,48882.82469788232392772,30304519.420888467033872
"PLW",2021,3.28079689110975483,2622.471376002397561
"PNG",2021,76611.95401154620347676,58533194.277449614723155
"POL",2021,77567.841885871815475202,34978716.6476022449637655
"PRI",2021,690.97244845043943568,378006.816244101662301
"PRK",2021,13742.21320200726786335,4603274.881550075247067
"PRT",2021,37224.040511981828583340,15991336.105751028235825
"PRY",2021,276715.96883818055347001,80151342.402696350842320
"ROU",2021,14699.910013726610384901,8111700.727696868177227
"RUS",2021,6518851.437173673160636574,884287029.4191431168974311
"RWA",2021,2922.36228820050639957,2755178.099458560726711
"SDN",2021,50.3201208656255693,16494.768075255141549
"SEN",2021,176.62630635852295099,90194.151223498430685
"SGP",2021,200.96460941006591010,103334.905622380377073
"SLB",2021,11999.49179906530610302,9061022.566762990922900
"SLE",2021,113032.57345571957110695,59589027.935654755766852
"SLV",2021,1488.70583885661731433,792298.768674253623152
"SOM",2021,169.13600076246187603,45034.958133224967293
"SRB",2021,4072.234727776636128735,2135477.059781541237305
"SSD",2021,2812.00284088291260264,1309368.697812896078688
"SUR",2021,12262.02727013255263691,9517589.407017645612854
"SVK",2021,6097.751883228220869298,3670177.685201994453993
"SVN",2021,2227.339217691472941784,1345115.6833156490652671
"SWE",2021,333156.954731360963412364,97594984.1297250164061520
"SWZ",2021,3159.94837910575120434,2317965.887247117582982
"SXM",2021,0.07325181551432293,22.13644022832727
"SYC",2021,0.15183578900878908,95.008307231459
"SYR",2021,2856.11506763448827982,688741.220055833057607
"TCA",2021,43.21771063945853016,14447.50883619798918
"TCD",2021,5095.07155513138403445,2352962.101535031535352
"TGO",2021,5842.18839390002667852,3624231.94969657895403
"THA",2021,122793.67513734751427271,90065988.201277435459709
"TJK",2021,0.0,11.4573682728754353
"TLS",2021,1430.80279047743091214,790185.241406122952553
"TTO",2021,315.77582185779343529,200678.606684981428470
"TUN",2021,2079.373819036635294804,391261.1746424126569934
"TUR",2021,79284.172485660451846096,25294420.7110144067506886
"TWN",2021,1463.19306404018629105,914156.9963506771690386
"TZA",2021,165067.54529773736299626,65334727.840766440570875
"UGA",2021,49244.99068024494194973,24814185.527797157289645
"UKR",2021,66593.083139680373636996,27363077.0639961795994454
"URY",2021,17035.09627316754865804,34618566.220435369410965
"USA",2021,2044298.827959674999279120,971352356.2574613390692605
"UZB",2021,3.50573994564670165,1308.873143500450770
"VCT",2021,13.03725396607910161,7457.48308537694243
"VEN",2021,64337.18317298031493974,32868912.871227743563439
"VGB",2021,4.0928139383018666,1732.34109677544603
"VIR",2021,19.2771756956955284,8097.168558249381457
"VNM",2021,193094.02570042229695818,168387714.348915900647029
"VUT",2021,57.74947851619792881,30138.611759405351476
"XAD",2021,1.65326713871093787,437.72588755431168
"XKO",2021,520.118516298248229216,297303.996883716898105
"Z01",2021,38.38272193842446166,18415.0474038299066785
"Z06",2021,5.8893641376996523,1756.8914717880700447
"Z07",2021,6955.90151083775048844,3729757.052113730542667
"ZAF",2021,52067.64856828273434693,42062594.0603167690217536
"ZMB",2021,201228.11909250685330082,79141457.558555820006168
"ZNC",2021,5.4237013489366315,1844.6772410107523675
"ZWE",2021,9012.07167909736070283,4795234.238593604669898
"AFG",2022,5.8725421791102424,1913.047109302308546
"AGO",2022,266914.79364431099981259,103197477.549030753990737
"AIA",2022,0.21949719567382814,66.01642157361623
"ALA",2022,1166.354418855954136255,365659.7753604656597612
"ALB",2022,2095.367522834094510568,649873.8922267672112835
"AND",2022,15.2269364910460085,7833.68420523885270
"ARG",2022,232225.097492903164735341,75036462.4813742759950845
"ARM",2022,8.46307184608507078,3225.268150593866481
"ATG",2022,37.31956432351454166,15859.515922774228537
"AUS",2022,118986.445949228838529830,54730360.4719136918813767
"AUT",2022,19868.612760231087806759,11345238.256106202534831
"AZE",2022,146.178247370431834092,65522.123134959981972
"BDI",2022,1609.96687256175075567,998825.101300104487135
"BEL",2022,4833.589053605784672940,2872890.723518495949538
"BEN",2022,1669.64490356105435929,1587058.532240016993483
"BFA",2022,0.0,51679.984427986910405
"BGD",2022,13798.24790189634387851,8289250.760831329281064
"BGR",2022,4093.156986546591698959,2046166.190547431553920
"BHS",2022,593.10384306705939709,199003.617952434309090
"BIH",2022,2053.874205449889031661,1076418.4205536397781854
"BLR",2022,64994.869387763931634536,27191775.090551808691818
"BLZ",2022,8201.30835715003058688,4084507.051853707292840
"BOL",2022,594997.63220989728896824,254657108.607972368825121
"BRA",2022,3308334.44626145786802037,2082946159.873822247230415
"BRB",2022,5.24632374365125852,1868.605161586547459
"BRN",2022,919.66386560047186258,609428.672006308420992
"BTN",2022,1247.58636915355174732,703561.344885926798367
"BWA",2022,2.08060677156901079,1730.036893419223297
"CAF",2022,51029.87181857066373516,26273859.392211109681060
"CAN",2022,2299844.574435310866378777,906638813.2594572291523409
"CHE",2022,1973.736664604606953991,1218934.590992683850797
"CHL",2022,67887.456562183934887225,48727851.1841430204121484
"CHN",2022,612008.556139852156521284,326479435.144229436314347
"CIV",2022,172478.17616297595344183,111228381.309490182759849
"CMR",2022,147809.57707166609932013,95149663.495547870789767
"COD",2022,1220222.30475550890604010,827198566.191518125281793
"COG",2022,59424.51638072345043794,38056276.940334543996513
"COL",2022,265730.28431698666132286,164624887.410031118555163
"COM",2022,164.57181848895519067,84953.751408462563343
"CRI",2022,8562.65354181257833079,5225591.968758051176170
"CUB",2022,4889.29978998594985443,2298270.144649486948707
"CUW",2022,5.04185831043457143,1831.705144861494594
"CYM",2022,26.24678481632269610,16676.378756867815613
"CYP",2022,72.75658528764321934,17807.2763382690348104
"CZE",2022,34761.270389685428002114,20038253.531470097418472
"DEU",2022,86449.889273225379721103,51166738.255964669612274
"DMA",2022,31.61919702006455609,18513.938202825060214
"DNK",2022,3366.075160139064549065,1429799.193292078683996
"DOM",2022,13141.38316419398911425,6435844.683789553633363
"DZA",2022,13442.366265144549292533,2488016.8428261508421562
"ECU",2022,52618.07398041855467779,38462802.375993581993667
"EGY",2022,11.94349840600803252,2819.935881147851108
"ERI",2022,0.0,178.824239419030881
"ESP",2022,137820.564074125542532584,46144639.7365132367708293
"EST",2022,39215.776958503496697867,13735298.601334791802455
"ETH",2022,19941.37941555530704173,11802466.884305021265091
"FIN",2022,255378.153350668675446301,62164825.0175915143061523
"FJI",2022,989.06148929695156670,592720.033890298265679
"FRA",2022,58785.767593018243138744,32292034.151489539842555
"GAB",2022,29455.28668297457406617,19598652.681721246070015
"GBR",2022,34174.677592280986300827,16551598.436773359269519
"GEO",2022,290.666764490492629594,132619.840652268034185
"GGY",2022,0.70552666616319453,256.73668614012685
"GHA",2022,118644.04473735678032054,78615902.726405744266024
"GIB",2022,0.24970415416232639,89.25624102231401
"GIN",2022,130216.16108630609651492,65476441.048515008853744
"GLP",2022,40.83405200416015210,18491.227453418792141
"GMB",2022,17.08939480143228868,10728.135347331199373
"GNB",2022,9780.39690513339942774,4565196.661075098599968
"GNQ",2022,7760.79069214418757824,5283010.655575630692378
"GRC",2022,9793.826287369044684375,2464831.3613984983420165
"GRD",2022,20.77143531632487421,11737.027951928595941
"GTM",2022,46373.44830799147525504,24934360.812723351694749
"GUF",2022,3840.11126918071746804,2931357.089394558362681
"GUY",2022,10563.91365830290714578,7046819.242322213839850
"HND",2022,57343.35028922198161692,30982963.409744873522497
"HRV",2022,7826.264829359273633565,4077629.1048185627681799
"HTI",2022,1844.32716022849830282,901306.688629508020791
"HUN",2022,14807.639423730067898069,6621860.031553686933127
"IDN",2022,885237.26532087909184887,546402996.984888199255870
"IMN",2022,33.95734876563800832,14115.819011336874026
"IND",2022,114223.94127261066409535,65100664.318969093344436
"IRL",2022,6753.383054733407903826,3638404.8750118989658035
"IRN",2022,94.96577168239581413,45788.106765758790515
"ISR",2022,80.11602118536673417,17226.3242551902076186
"ITA",2022,28675.908627247659194685,11078303.6133595544187396
"JAM",2022,1133.41568755350760512,628838.406876062271384
"JPN",2022,53788.646500338450888048,27334397.139155125197397
"KAZ",2022,3629.095186685649596977,967077.2404443390782071
"KEN",2022,6638.95415095152499284,3673624.915981853896676
"KGZ",2022,31.656206213255205946,5049.993000120678291
"KHM",2022,103879.54249253204535268,62711158.0131196563512935
"KNA",2022,4.33926927564561662,2631.512642381665875
"KOR",2022,25659.631300287759743428,8228664.575842242774417
"LAO",2022,321688.10951834887159973,171505628.342938624882633
"LBN",2022,584.70695453841012234,158613.3938202519521327
"LBR",2022,152104.07681600088340439,97119371.426118324197483
"LCA",2022,34.30942153760307913,18980.979742105236453
"LIE",2022,2.106876924726562514,1288.87313154003293
"LKA",2022,8411.63233450233827854,3564151.095561065845504
"LSO",2022,4.09518393299804726,1770.895034474630002
"LTU",2022,23738.995567155956164548,9626626.2357883545431445
"LUX",2022,320.739119441082865705,206176.374012627496646
"LVA",2022,57142.209545190151905096,21973608.2076609327077120
"MAF",2022,0.43938094141384553,128.56054191229598
"MAR",2022,12016.34706657139335944,2344893.210671969936899
"MDA",2022,1130.143275967144078280,404838.537444444881560
"MDG",2022,256379.50912973486994281,134198019.777046660189336
"MEX",2022,178845.39488621807010273,90630774.779604495778741
"MKD",2022,2448.35275650887028846,1098490.743868082259751
"MLI",2022,159.19620831946709071,241143.953981053877109
"MMR",2022,260937.92628760702558414,151502218.058377200454739
"MNE",2022,1168.831261088211184836,690404.7917467865037085
"MNG",2022,102.989679620026020826,25832.4714695443842821
"MOZ",2022,237874.53325187025472938,94351957.711546693163353
"MRT",2022,0.0,2250.3589428706006545
"MSR",2022,0.59007010213324664,277.90401944460888
"MTQ",2022,32.83465201954210317,16269.00107053828771
"MWI",2022,14883.94936703519969367,6557536.744911190261971
"MYS",2022,248127.10238491403768468,120851389.313940224606032
"MYT",2022,73.09736044078383850,38245.370110737565839
"NAM",2022,1.45252962440104160,4825.020214507797095
"NCL",2022,374.08133147305023482,145152.633906939279016
"NER",2022,0.0,206.486968005159166
"NGA",2022,106189.31925917933416910,70495536.114642861163718
"NIC",2022,48980.54467780214846159,29057218.1848509338712230
"NLD",2022,1186.207567312960213669,619767.555963734492162
"NOR",2022,67306.322090950681520817,20189519.7930683317187278
"NPL",2022,2022.48749570578274842,1208421.9131852964072534
"NZL",2022,58514.713241578261723289,47260172.899143304780647
"PAK",2022,44.3142531140657572,17597.538469919015804
"PAN",2022,17364.16405688023689384,10531531.477560654219467
"PER",2022,236061.90280011800670503,152967937.086623886743889
"PHL",2022,84543.24260780480896043,54071100.441845140653069
"PLW",2022,9.31485244887993801,5982.93414999438747
"PNG",2022,142078.67200896108442682,110208498.158566765450079
"POL",2022,72193.516978430662831622,33167857.335074511497951
"PRI",2022,614.96100823452915760,346899.395186807475473
"PRK",2022,9047.232214211386373405,3046250.060229323806750
"PRT",2022,46876.686345491873164197,16468761.2562553293833231
"PRY",2022,217142.28457892159014675,67694677.467211066521696
"ROU",2022,16515.96605379612834664,9157700.484896017874557
"RUS",2022,4287817.226961058909811778,711745213.1685706783576377
"RWA",2022,2536.45060692872355450,2476343.166558633518471
"SDN",2022,43.3291742521788081,15083.762008285114955
"SEN",2022,289.10913117446179636,121650.959957602018247
"SGP",2022,103.05905582149536047,58444.866743989346373
"SLB",2022,14502.41401868565830758,10756718.631130904910764
"SLE",2022,119929.38953917632772245,64201353.470370483086234
"SLV",2022,1632.42216721045778208,870735.007931258052759
"SOM",2022,125.51895270340351048,38945.053653043096437
"SRB",2022,4505.898813390768514317,2450752.217259818139194
"SSD",2022,3463.09663580638825627,1618402.628690332991682
"SUR",2022,14541.76179228437497930,11476187.153036350541998
"SVK",2022,5206.545602607999534368,3208152.139820863931795
"SVN",2022,2850.986186210709945196,1493976.436936354719294
"SWE",2022,329902.576567342201391591,98416735.4890766076855101
"SWZ",2022,1937.23827240902872974,1489251.133037277345839
"SXM",2022,0.5127469789366319,213.90027009444088
"SYR",2022,457.77308929830948001,141433.0492207690242385
"TCA",2022,15.6710281827365400,5726.31204151305101
"TCD",2022,5444.71237756184859587,2984627.691964351544453
"TGO",2022,5002.89184761725454092,3286319.535114563084412
"THA",2022,110658.38642472548030465,83646886.510581871046488
"TJK",2022,0.12240774215711805,23.3381928066257956
"TLS",2022,1113.46333797864453912,613034.958389321176449
"TTO",2022,375.20720818732927463,234637.024329337392356
"TUN",2022,2943.556995873178788436,535459.3127890382795804
"TUR",2022,53403.769246081975344665,18513418.965839037761339
"TWN",2022,1513.18295552978757404,945110.9180035081885833
"TZA",2022,160656.66938237523162744,63981136.6889776873676764
"UGA",2022,64134.62502828993118724,33391263.401529738353063
"UKR",2022,47989.676220028966432304,21045233.912909564148071
"URY",2022,15873.36586369807995801,35585421.608288348211478
"USA",2022,2204642.869452983178684401,898018737.9085926419462508
"UZB",2022,7.48941688362848302,2368.439799325072454
"VCT",2022,63.45990616181039722,32413.718867115941604
"VEN",2022,55748.94910910144487660,29368653.514396843602483
"VGB",2022,2.04631630525607687,798.886308558571616
"VIR",2022,33.65771102221029053,13686.880166025220566
"VNM",2022,165149.45382105376014991,142322719.235428993616646
"VUT",2022,48.26949804303222635,27962.375256288590531
"XAD",2022,0.0,77.562859021914930
"XKO",2022,784.685259965064853269,442125.483109654608919
"Z01",2022,25.30608835848741313,11935.710139326543667
"Z06",2022,4.31713401961154519,1820.101726380774866
"Z07",2022,8379.29544289563734336,4804133.350126946464823
"ZAF",2022,40979.85655712354975060,33613667.8991658453788504
"ZMB",2022,179007.02512905027979422,70284983.045660285423988
"ZNC",2022,1054.31806013529850153,151013.017606328914434
"ZWE",2022,8226.76071266537300101,5057993.919790375596439
"AFG",2023,14.74150500058484271,3435.1501390262610767
"AGO",2023,268277.52047413688210943,104232194.937694060701701
"ALA",2023,1093.001400947623283512,354122.226285990260403
"ALB",2023,2502.625022474973622119,948757.239442132170699
"AND",2023,5.64594455555772656,3236.99560994520609
"ARG",2023,215940.857883802377981126,66700844.2690890119476855
"ARM",2023,86.451892725282393791,36380.7441988693659344
"ATG",2023,19.20554960403429326,7006.526340402232334
"AUS",2023,190713.257426339977072576,59980326.4635044823295810
"AUT",2023,26516.703272654023017662,15737154.970450135675532
"AZE",2023,460.964785526482471954,152729.878296259631052
"BDI",2023,1952.26119428368328012,1168417.645228522719988
"BEL",2023,7579.452194689254126686,4564031.798168471320171
"BEN",2023,2602.42817380469627934,1896145.184862557171577
"BFA",2023,0.0,57935.692764205477060
"BGD",2023,17787.15616168207767096,11274905.631107731002302
"BGR",2023,5653.07019221314679169,2843077.3013612126501676
"BHS",2023,1259.36981639213064353,470106.445071631002078
"BIH",2023,3947.301712817044725529,2237980.2788246713572337
"BLR",2023,59232.410839471498528741,25483691.6817302840253856
"BLZ",2023,22573.90472250625794376,10073678.592131996978216
"BOL",2023,696297.00885797403049894,264836556.786688493332798
"BRA",2023,2805354.98006370582849129,1693710500.111677823130215
"BRB",2023,5.92085521881998708,3238.62425231737736
"BRN",2023,915.29829124361708460,599126.454153664233285
"BTN",2023,1796.80166026537795217,988621.6676615685601205
"BWA",2023,2.39503329332899302,1020.477788359466554
"CAF",2023,54533.63547154933758972,28833078.825011285023190
"CAN",2023,8570165.547439761236913531,3791767078.5453222003678506
"CHE",2023,3119.723013399065048287,1900204.992861652691672
"CHL",2023,107337.190452953325462806,57136901.375768121054143
"CHN",2023,602762.223598835460362115,316109859.5099801106536165
"CIV",2023,190298.27626867597584705,124529625.498041665000511
"CMR",2023,204198.49520176460020886,128445742.213070433489291
"COD",2023,1325020.23838009973138736,889801828.422539240770558
"COG",2023,67415.22897060158226382,43754621.416439908946841
"COL",2023,196634.30085578758449674,118911803.348757099874536
"COM",2023,154.22294818335948892,77890.369649109373645
"CRI",2023,9049.88636058726423521,5617445.114997608171253
"CUB",2023,18795.43971002062358454,7484536.469062980222290
"CUW",2023,3.8365490815847443,1412.541258292663950
"CYM",2023,24.62707433583007726,12336.497293200367279
"CYP",2023,54.50247531159723988,11009.241321189812457
"CZE",2023,24393.594884146477332712,14023853.128680159391153
"DEU",2023,122937.238688249649193628,74164605.326939905390433
"DMA",2023,144.95933567120487556,88405.156155973850898
"DNK",2023,3977.714235255069714336,1704332.8354275565358975
"DOM",2023,22947.12542786566371346,11414201.697564444587047
"DZA",2023,22019.653149397063377285,4037604.8354974051593792
"ECU",2023,43010.31014613513860783,30150463.249371933624546
"EGY",2023,35.40372228590386165,9371.553386877174215
"ERI",2023,0.0,264.903106337174183
"ESP",2023,85868.669582582601153495,37419391.0280636705522945
"EST",2023,36155.771038696652203108,12841152.288804495687039
"ETH",2023,36262.92476927031409851,20648621.529917551195146
"FIN",2023,241781.034143572528639191,60404585.6737612682560451
"FJI",2023,788.67007238825702912,470885.979736398895605
"FRA",2023,86279.344383253959587366,50720412.5983671862215404
"GAB",2023,19706.66703012596439475,13259468.917609496751085
"GBR",2023,21608.961118107222107467,10805402.0842232877174006
"GEO",2023,785.481253823264821376,271404.611826641265364
"GGY",2023,1.31020556697482652,665.0626475562729
"GHA",2023,112582.05957467687393830,76495309.140920119309355
"GIN",2023,154122.53249843897674016,74148936.437854064469781
"GLP",2023,36.83073756595377425,16745.690002372755741
"GMB",2023,12.06764349663845626,14490.544720317891720
"GNB",2023,11478.58584681014390748,5553093.014233843194151
"GNQ",2023,8524.83011642510570393,5922751.348718863148228
"GRC",2023,46011.643441397698749383,7683748.4050688482443672
"GRD",2023,26.71467963090983319,14313.786542128189324
"GTM",2023,71098.23386380080990668,37285995.775740416300415
"GUF",2023,5044.28641688745562454,3822319.414707615757272
"GUY",2023,27881.80385210276094298,16896367.041023648989376
"HND",2023,84447.51741255674873807,45385800.125302576800376
"HRV",2023,10503.305562965094161236,5577188.7556298297502855
"HTI",2023,2555.71208397253001087,1234890.868701618186977
"HUN",2023,19703.619009523794813888,8835596.2510377958855010
"IDN",2023,1395285.38650753866999533,849245101.787250063254324
"IMN",2023,15.2440294995616351,6539.7033868798655
"IND",2023,136712.84002571021374244,81054959.819593662770938
"IRL",2023,6858.299634752334473109,3740250.0488433660451455
"IRN",2023,136.965369653068580191,56906.020356439460174
"IRQ",2023,3.35585767128689288,1368.023998514392557
"ISR",2023,61.34880050846464436,22313.2247615956223465
"ITA",2023,44861.585680367422668318,19218294.3011249507923504
"JAM",2023,1970.82302288786897967,1119851.131226184418275
"JOR",2023,0.3918947888780383,50.27517440560082
"JPN",2023,50608.230193583123939714,25920316.8203377931131499
"KAZ",2023,20111.868858750945180265,4597568.1846806442431064
"KEN",2023,11257.06927170634099996,6328566.557489853535642
"KGZ",2023,94.26578992241120116,14413.0628787115271888
"KHM",2023,120845.80644143607764908,71919515.963947638533781
"KNA",2023,3.23568568136935777,2623.566014830692909
"KOR",2023,21640.165221630131286465,7437648.467266392734544
"LAO",2023,445460.61798396568056247,241625052.704856778265356
"LBN",2023,522.57975945539399023,152667.6665178987567790
"LBR",2023,155262.58476653039663869,98400459.763160133668461
"LBY",2023,67.50620038978617919,20473.404331865602198
"LCA",2023,24.81043504053873655,12872.590061345734775
"LIE",2023,0.79110673559244790,450.02562828200864
"LKA",2023,11720.88268392072118875,4798806.948731734135552
"LSO",2023,1.4774533701573354,505.93778678975593
"LTU",2023,24749.646147743167035630,10148532.887702870047876
"LUX",2023,912.773090939266607085,596457.089217785557755
"LVA",2023,54500.147252252402128980,21202347.384685812040057
"MAF",2023,0.07323607323784723,22.330744372300913
"MAR",2023,4004.74737724368706563,1182082.4664472924932509
"MDA",2023,1380.741025818591551325,523799.9310457301330148
"MDG",2023,303190.53103604799972255,159169608.175761232527731
"MDV",2023,14.44443859318277308,5361.30933538998946
"MEX",2023,226362.95559393018521856,105086401.7003072976095164
"MKD",2023,2798.307169813768099686,1473790.2226709866375276
"MLI",2023,315.77264553316803101,392434.286004878456248
"MMR",2023,307183.59405779568723290,181229694.339206215143137
"MNE",2023,1667.800340873417255529,1021182.0794466915214609
"MNG",2023,839.191568326505318350,144705.2662169884903952
"MOZ",2023,262209.14454757729335681,104137895.706018902522719
"MRT",2023,0.0,2992.470556839284797
"MSR",2023,0.0,58.276203474459358
"MTQ",2023,106.19864615587570694,49933.934951663289888
"MWI",2023,22978.86474447198346477,10405554.026255566207848
"MYS",2023,308655.54505735886592576,146319688.300698659192357
"MYT",2023,54.19937884170680027,25796.477451142958694
"NAM",2023,3.22989921146375920,3522.9427665506166176
"NCL",2023,596.91654951928507268,209059.079255509579655
"NER",2023,0.0,145.996787465192238
"NGA",2023,85267.49467742199709878,54693455.577600585147836
"NIC",2023,117536.24204981001332466,68205979.881560722878530
"NLD",2023,1577.706096066221837158,825533.193060543931909
"NOR",2023,57971.201125302485265276,17637783.8765873485750006
"NPL",2023,2277.24507401536916724,1311115.0229170660476645
"NZL",2023,50463.021047161932334849,45170265.527440385150253
"PAK",2023,141.40668075779187770,59028.864995611735576
"PAN",2023,25115.17463265135561299,15171528.751316963931711
"PER",2023,227601.34903011147150317,146111889.600022302061258
"PHL",2023,42735.90256485836663868,26598960.112189395989542
"PLW",2023,34.51967701963053308,21567.219160511016967
"PNG",2023,83765.06744193254375048,64926901.465772518693066
"POL",2023,76137.488333361268001951,36018919.826156472965317
"PRI",2023,760.67279077229465628,429596.943183508663684
"PRK",2023,10118.65740117398870557,3562767.226255730674872
"PRT",2023,36388.344389273814153202,15176845.061383554635945
"PRY",2023,184551.79351942770559138,57738077.051088729030155
"PSE",2023,0.19615165777669272,213.673876597851116
"ROU",2023,25380.466468234530971429,14598237.866749407645004
"RUS",2023,3354720.805056465270010439,654995100.8551028935493889
"RWA",2023,3036.31925548650342251,2920439.395079194193391
"SDN",2023,22.80814069044867953,22585.942106342563108
"SEN",2023,161.60965898341770441,107995.056982008745031
"SGP",2023,186.43038059217055191,94397.277612417104871
"SLB",2023,9577.87235249282699691,7209361.151548623306408
"SLE",2023,99682.07635303965864073,53116012.409745049231255
"SLV",2023,1784.62584039543883015,933054.774614408637325
"SMR",2023,0.390429380177951434,120.529510175896384
"SOM",2023,104.60085323754936548,34553.287634351904373
"SRB",2023,7866.494074982153569479,4428607.923678457125692
"SSD",2023,6181.78673608737643657,2774246.610554291296154
"SUR",2023,26115.98159733011817241,18950180.154987330531234
"SVK",2023,9851.273438427542574192,6198587.3632216406006640
"SVN",2023,4620.913988271546337426,2878524.662150345022829
"SWE",2023,313926.419369914282457151,95079773.6539717138578208
"SWZ",2023,2034.74905655435459468,1300560.128869279954611
"SXM",2023,0.366242637969835,122.91606292714468
"SYR",2023,2445.72004297207701066,479102.3487206557583014
"TCA",2023,23.89354382810981146,8057.47641793882670
"TCD",2023,11067.20165146304709770,5033065.385347569296931
"TGO",2023,4447.36787944471089312,2923071.099136398190836
"THA",2023,141859.33633016689247117,108503233.770438303842555
"TJK",2023,14.2169472482096176,1989.873961633480795
"TLS",2023,1477.34961149481179801,803547.249824835810551
"TTO",2023,846.74310624688254376,527152.254544727103250
"TUN",2023,3447.071889557721599275,701178.9313252878180707
"TUR",2023,54043.730767930864238855,20749663.3148973988803895
"TWN",2023,1965.18272437396556522,1208896.0962548264661717
"TZA",2023,229024.80108455780358290,90072903.769941549645070
"UGA",2023,68915.69704692341996999,36399690.661264262096860
"UKR",2023,67102.703601209618862800,29966474.8339551668928694
"URY",2023,20954.93103389994918173,56881218.085591009089825
"USA",2023,1382422.541771991175571341,723273402.2499618587563394
"UZB",2023,0.51379083953342020,1209.717753807685380
"VCT",2023,11.16512802968532875,6119.52490610866158
"VEN",2023,76607.67875613342999336,41263905.5794353591954194
"VGB",2023,2.19241960189127632,1070.82251692233504
"VIR",2023,26.84787535385960507,10578.998219089313841
"VNM",2023,135320.67369745493880410,117827967.008124542995852
"VUT",2023,839.63414595199144944,428922.234418313410768
"XKO",2023,1465.438575371404274624,853257.3068899005864296
"Z01",2023,99.58724634087566938,59016.291141265596858
"Z06",2023,6.8934182207779946,2420.238796784072234
"Z07",2023,6778.53900284389969807,3919238.804123014401851
"ZAF",2023,29571.28835034008070722,25806448.0868698407985174
"ZMB",2023,190289.66930244101830058,75447015.920246604206004
"ZNC",2023,82.0582082191146124,28307.404153045000031
"ZWE",2023,5668.38549706653095004,3260960.981368890749629
"AFG",2024,9.705785115355906926,2635.735247544365884
"AGO",2024,283340.41251376096437693,107280460.751432948386459
"ALA",2024,951.435959743933833992,311240.8780868884177862
"ALB",2024,888.891955822287295799,308121.4091106948412516
"AND",2024,16.93723248850043406,9263.78294657118108
"ARG",2024,203056.773587554588397964,61279857.0873566307817156
"ARM",2024,29.63317704819443550,11558.613019413033938
"ATG",2024,43.06290585051543153,15226.251808675665651
"AUS",2024,180669.922016207116604939,58975752.8041300878108934
"AUT",2024,27496.094714580529811820,16239119.178421118965262
"AZE",2024,173.222020496328128322,67104.749095867426352
"BDI",2024,2142.59227822061566961,1283609.806574731563036
"BEL",2024,6093.348185317593837358,3674053.9050922885435946
"BEN",2024,1390.37970019115236633,1393968.628387786188765
"BFA",2024,0.0,92146.477953112288661
"BGD",2024,15928.55986595331946530,10001404.770563314511536
"BGR",2024,5367.482109936461875050,2332836.2486784447156833
"BHS",2024,1959.73361957528950740,690119.826477602561627
"BIH",2024,2225.00798719822622606,1341978.1556362827956772
"BLR",2024,71158.958994333849162499,31142582.2739487566526172
"BLZ",2024,34001.25926784277607110,14014156.412644421774471
"BOL",2024,1813613.22895852737190790,579860360.564913695979481
"BRA",2024,4391693.73095347384693068,2112508856.9709040638936005
"BRB",2024,8.46905187192057482,3194.470079199648495
"BRN",2024,1041.81545293806404615,552345.777305568990573
"BTN",2024,1188.06788734580442508,686784.221868534893076
"BWA",2024,1.45238886900716154,1003.669618847437239
"CAF",2024,60751.65651672608231855,29274023.231077481284000
"CAN",2024,5165897.201092968089158470,2396128608.8896015778261469
"CHE",2024,4212.23400251892757327,2612475.113487784632123
"CHL",2024,47655.161749976224717251,33675895.4664860775105245
"CHN",2024,675197.63149692797530595,356388301.0003760824104676
"CIV",2024,165119.72654500117578304,109585784.600999397735101
"CMR",2024,179151.62541159681932831,117121016.853212963956392
"COD",2024,1377807.21325427961338066,920953137.318637512320384
"COG",2024,114668.23392485746277249,69861224.050034208393279
"COL",2024,213030.18157675827884753,130591776.200663556529341
"COM",2024,496.10502980289449924,254425.206337857521877
"CRI",2024,8299.44951876621200642,5046079.467899273671326
"CUB",2024,10084.86306694566310440,4407662.589422461386841
"CUW",2024,2.33247536684353325,886.431033715435985
"CYM",2024,35.98152213774088977,24956.648062128740909
"CYP",2024,159.44928347779069018,29489.493535014643456
"CZE",2024,19588.712293896319557125,11314594.455418740093717
"DEU",2024,89727.279811253805562013,55533879.527985990808013
"DMA",2024,45.77689944098631969,26370.187990367526896
"DNK",2024,3645.041397284741288045,1580754.263730217850806
"DOM",2024,12996.53641864150187026,6648272.412293240308993
"DZA",2024,4407.170687155833514542,1175432.6174304335526085
"ECU",2024,62062.80098348890222452,43920245.860282057942830
"EGY",2024,31.30277649243924098,8089.523883951802595
"ERI",2024,0.0,81.80400437034211
"ESP",2024,78035.691949488765581136,39467337.3832870306683163
"EST",2024,34898.481067943502122083,12649660.086883456302407
"ETH",2024,27943.02839911547648860,15195790.722270550544246
"FIN",2024,233618.034194618816459833,58922061.7444841408888021
"FJI",2024,1079.23383371828743062,611211.400936138920020
"FRA",2024,79146.665709806252534263,48008175.091339383280003
"GAB",2024,29130.31048066321499880,19383394.153951756779629
"GBR",2024,22835.492084920852818282,11488575.3018138451323506
"GEO",2024,509.303174274012623945,218215.1036088838207855
"GGY",2024,0.80636120157986118,350.12951963259214
"GHA",2024,107918.19424276223209470,75430866.686281497783871
"GIN",2024,146801.57809842012096187,72300924.753819319152864
"GLP",2024,28.62485588220974585,13752.388266038662255
"GMB",2024,15.3602439039534532,19297.971847604661079
"GNB",2024,9300.86920940455159288,4386179.085172897773247
"GNQ",2024,7745.29819334452744462,5402355.074599770755981
"GRC",2024,12511.688451540680984591,3144929.3978905735917147
"GRD",2024,229.89657158437378620,153454.520033331717762
"GTM",2024,141998.30797532187913773,65121585.124564283094195
"GUF",2024,4492.84355176476898564,3427582.936966916073691
"GUY",2024,107334.66705555638453632,47474058.187129987046342
"HND",2024,74953.05365785189338807,40027279.634393225471085
"HRV",2024,7515.323752467755824355,4048248.9624883962672444
"HTI",2024,2417.85898294310339890,1205036.968322747590622
"HUN",2024,12739.106789051282539939,5779904.121509295035182
"IDN",2024,1120263.90713851431854471,686619625.138349006331087
"IMN",2024,27.94230853034722606,12788.92490029270973
"IND",2024,126043.83912128689869215,73624612.297014963470980
"IRL",2024,7332.522974149786021317,4122538.0963726313225515
"IRN",2024,66.483736881102423484,36207.0727673429226286
"IRQ",2024,2.35859891024088546,862.436624845930169
"ISR",2024,61.54954457665253621,20850.2074711356568402
"ITA",2024,33081.744893168359000370,13931271.7409444047786046
"JAM",2024,1817.97337178060544661,987034.878908752472192
"JEY",2024,15.50429789984809411,7235.657400207688816
"JOR",2024,1.2409600653190105,229.637421222544811
"JPN",2024,53861.553854285659381309,27936125.9246524639700084
"KAZ",2024,2925.273057828809689590,1064951.2918917130940906
"KEN",2024,14102.37580161273982098,8876094.805402630506782
"KGZ",2024,53.74152927150175974,13881.603929337472120
"KHM",2024,93477.86148757392680545,56935089.5938707434842696
"KNA",2024,5.22363179446831589,3360.552973408660278
"KOR",2024,15651.479850057987005310,5704489.829594335452992
"LAO",2024,351225.98978775907633526,191088465.627525809651911
"LBN",2024,507.70335564491263631,170193.3508129408821383
"LBR",2024,166498.97829312402329001,107081802.753598074663236
"LBY",2024,41.24806572311855669,12601.8154098221583171
"LCA",2024,18.90865604970432128,11281.39285853809444
"LIE",2024,5.90355153720703120,3255.47306183404430
"LKA",2024,11775.47802089796420074,4904015.546481313759738
"LSO",2024,1.6846474751974827,571.416137708048502
"LTU",2024,22313.682177124666120998,9297810.354375374166461
"LUX",2024,587.954881165258095716,392499.4296501338173595
"LVA",2024,56620.400845186452793117,22659911.419369208544442
"MAF",2024,4.02755561862955687,2190.55888394282753
"MAR",2024,1409.45661628815402925,515146.803978864094748
"MDA",2024,1826.141254438506849219,682237.2101240762826776
"MDG",2024,231218.70384342491319710,119786169.1394584237273924
"MDV",2024,19.41040805383924348,3483.196817345374049
"MEX",2024,330819.17982999559928099,132515298.2544829612258033
"MKD",2024,2054.963635089505895956,844034.5889428618633460
"MLI",2024,236.80563416852942701,373640.473656321399964
"MMR",2024,276977.81059431010113425,164827784.548306619487053
"MNE",2024,651.758193361247492978,415821.1214514792125835
"MNG",2024,2717.87478429364243961,445399.7713694027329995
"MOZ",2024,298631.33988658132671682,116938727.795913896628999
"MRT",2024,0.0,1694.5663965067526175
"MSR",2024,0.88521007776475716,484.466073260571003
"MTQ",2024,57.33368333132865983,27815.840917603114237
"MWI",2024,17092.97273644054906981,7179721.061100050860582
"MYS",2024,282533.58103206472507598,135258681.494710069796210
"MYT",2024,1158.69411984998377157,634216.294958143176794
"NAM",2024,0.95332852549370665,3139.903017530565802
"NCL",2024,1782.05937156283301251,591520.886087985225930
"NER",2024,0.0,396.873085056503139
"NGA",2024,105644.33004385716590982,71961299.414338961723910
"NIC",2024,157980.93289707233990982,88782030.741600569902680
"NLD",2024,1507.638799445521087904,774412.2097981470994195
"NOR",2024,66325.395066503291196725,20318546.6774764746539542
"NPL",2024,2679.08830356231111640,1469121.4080485132659692
"NZL",2024,39496.565828101142748577,37239056.4859784248639985
"OMN",2024,0.0,6.143262482865707
"PAK",2024,114.84624364671115660,51105.2380345643599512
"PAN",2024,21552.72921878775731112,13225112.691729840730088
"PER",2024,268477.16865044680287732,165383892.376719599895893
"PHL",2024,59208.90948676975006010,36298664.629389094405702
"PLW",2024,7.09689850764702746,4860.951041955239184
"PNG",2024,82210.22981897375309818,62126134.986744922124320
"POL",2024,71612.447006448823739991,34306362.824724584129071
"PRI",2024,364.14037788834852392,208677.475194770800046
"PRK",2024,12017.27691242834866155,4021818.8716557447170110
"PRT",2024,43380.716665141937973868,17344979.9416716705313393
"PRY",2024,265819.58633815523418589,74169138.582592626219902
"PSE",2024,0.72383783935329857,731.1777862902612374
"ROU",2024,20153.390286690836504413,11731901.010077518385967
"RUS",2024,5180132.894531234746023104,813619966.7620161940003225
"RWA",2024,3605.41794670364419357,3436394.154010264351448
"SDN",2024,28.3500080510693434,29909.729015037474578
"SEN",2024,154.45796883318457329,114871.859870705723897
"SGP",2024,64.06597942935074965,31605.221936298965495
"SLB",2024,11061.72793614805069658,8302538.489970894753013
"SLE",2024,130669.12534244914832109,73434740.334469442726823
"SLV",2024,1679.34781025245727328,926597.158398699152748
"SMR",2024,0.16733450256510418,58.05540224458025
"SOM",2024,141.00018149500255956,44363.586333072819434
"SPM",2024,0.95298322494791703,0.0
"SRB",2024,4239.654432016733228648,2403299.663970369425228
"SSD",2024,5576.77463575732765081,2499139.015204462768930
"SUR",2024,34033.91194844956423459,20686141.322596043315497
"SVK",2024,7651.075088853113932384,4918265.5617808280249665
"SVN",2024,3741.948079171054135351,2388153.0683547248339366
"SWE",2024,315358.631976843805435373,96588765.1090054901554612
"SWZ",2024,2428.62417492595949598,1431679.448531000285728
"SXM",2024,1.02543027944227433,386.79846264994722
"SYC",2024,0.60728605523980034,257.979890469694305
"SYR",2024,986.88216194198338576,257840.429612516925518
"TCA",2024,21.74941458078340081,8478.276544397423608
"TCD",2024,13092.28063024351618890,5260745.289241184961603
"TGO",2024,5731.26026178065266098,3772464.879661823110088
"THA",2024,141657.86723916790139848,110148204.888615091172982
"TJK",2024,0.48806651037109373,178.072763260831606
"TLS",2024,946.92174346687445304,505255.310256588608997
"TTO",2024,1107.04527755152758249,667529.143653669866182
"TUN",2024,1664.934139047390430325,400160.8450338568248338
"TUR",2024,40151.646311932425538830,14860885.163902239149159
"TWN",2024,3734.59072050151857829,2120197.6347932948884160
"TZA",2024,225765.28677639229749183,89218729.510936825177625
"UGA",2024,64858.55514983609781444,35255615.345961365404990
"UKR",2024,80279.444931872267710716,33690009.0200913583593044
"URY",2024,11481.51107115946917380,32872718.252368906382161
"USA",2024,1596539.176294103327733957,734291818.07679512053872516
"UZB",2024,4.36758045204427062,2277.428064887375884
"VCT",2024,42.29153386034235027,28617.19290163166787
"VEN",2024,145092.91665159851882105,70519802.282291799159815
"VGB",2024,0.21927488408745659,105.57494313974395
"VIR",2024,20.61052820454210418,9970.427567607782066
"VNM",2024,128461.52024024117410259,115009309.465226469895738
"VUT",2024,310.69872299981059753,150205.73849873520670
"XAD",2024,1.7797165651692712,508.563079201742594
"XKO",2024,772.081757564240482456,408093.438732356353733
"Z01",2024,80.66357451726561541,46868.756614488450139
"Z06",2024,26.07078271392148189,10529.1324155592052347
"Z07",2024,7551.76660291291529064,4389361.7403899776956105
"ZAF",2024,39556.61675949007657389,27019000.829763050135333
"ZMB",2024,229624.80790196609287325,92124870.115027641672842
"ZNC",2024,13.3754287293532997,4713.632432623485714
"ZWE",2024,5834.54073476420217446,3882854.089487595447421
